"month","day","year","24055070"
"01","01","2005",NA
"01","02","2005",NA
"01","03","2005",NA
"01","04","2005",NA
"01","05","2005",NA
"01","06","2005",NA
"01","07","2005",NA
"01","08","2005",NA
"01","09","2005",NA
"01","10","2005",NA
"01","11","2005",NA
"01","12","2005",NA
"01","13","2005",NA
"01","14","2005",NA
"01","15","2005",NA
"01","16","2005",NA
"01","17","2005",NA
"01","18","2005",NA
"01","19","2005",NA
"01","20","2005",NA
"01","21","2005",NA
"01","22","2005",NA
"01","23","2005",NA
"01","24","2005",NA
"01","25","2005",NA
"01","26","2005",NA
"01","27","2005",NA
"01","28","2005",NA
"01","29","2005",NA
"01","30","2005",NA
"01","31","2005",NA
"02","01","2005",NA
"02","02","2005",NA
"02","03","2005",NA
"02","04","2005",NA
"02","05","2005",NA
"02","06","2005",NA
"02","07","2005",NA
"02","08","2005",NA
"02","09","2005",NA
"02","10","2005",NA
"02","11","2005",NA
"02","12","2005",NA
"02","13","2005",NA
"02","14","2005",NA
"02","15","2005",NA
"02","16","2005",NA
"02","17","2005",NA
"02","18","2005",NA
"02","19","2005",NA
"02","20","2005",NA
"02","21","2005",NA
"02","22","2005",NA
"02","23","2005",NA
"02","24","2005",NA
"02","25","2005",NA
"02","26","2005",NA
"02","27","2005",NA
"02","28","2005",NA
"03","01","2005",NA
"03","02","2005",NA
"03","03","2005",NA
"03","04","2005",NA
"03","05","2005",NA
"03","06","2005",NA
"03","07","2005",NA
"03","08","2005",NA
"03","09","2005",NA
"03","10","2005",NA
"03","11","2005",NA
"03","12","2005",NA
"03","13","2005",NA
"03","14","2005",NA
"03","15","2005",NA
"03","16","2005",NA
"03","17","2005",NA
"03","18","2005",NA
"03","19","2005",NA
"03","20","2005",NA
"03","21","2005",NA
"03","22","2005",NA
"03","23","2005",NA
"03","24","2005",NA
"03","25","2005",NA
"03","26","2005",NA
"03","27","2005",NA
"03","28","2005",NA
"03","29","2005",NA
"03","30","2005",NA
"03","31","2005",NA
"04","01","2005",NA
"04","02","2005",NA
"04","03","2005",NA
"04","04","2005",NA
"04","05","2005",NA
"04","06","2005",NA
"04","07","2005",NA
"04","08","2005",NA
"04","09","2005",NA
"04","10","2005",NA
"04","11","2005",NA
"04","12","2005",NA
"04","13","2005",NA
"04","14","2005",NA
"04","15","2005",NA
"04","16","2005",NA
"04","17","2005",NA
"04","18","2005",NA
"04","19","2005",NA
"04","20","2005",NA
"04","21","2005",NA
"04","22","2005",NA
"04","23","2005",NA
"04","24","2005",263.799043062201
"04","25","2005",NA
"04","26","2005",413.655502392344
"04","27","2005",374.124401913876
"04","28","2005",330.717703349282
"04","29","2005",NA
"04","30","2005",NA
"05","01","2005",NA
"05","02","2005",357.760765550239
"05","03","2005",372.057416267943
"05","04","2005",369.732057416268
"05","05","2005",317.712918660286
"05","06","2005",359.827751196172
"05","07","2005",471.014354066986
"05","08","2005",NA
"05","09","2005",392.8995215311
"05","10","2005",516.660287081339
"05","11","2005",379.722488038277
"05","12","2005",285.760765550239
"05","13","2005",305.913875598086
"05","14","2005",342.775119617224
"05","15","2005",NA
"05","16","2005",NA
"05","17","2005",NA
"05","18","2005",NA
"05","19","2005",363.444976076554
"05","20","2005",358.105263157895
"05","21","2005",373.779904306219
"05","22","2005",593.827751196173
"05","23","2005",NA
"05","24","2005",NA
"05","25","2005",NA
"05","26","2005",NA
"05","27","2005",336.746411483254
"05","28","2005",438.889952153109
"05","29","2005",555.588516746412
"05","30","2005",425.971291866028
"05","31","2005",NA
"06","01","2005",327.100478468899
"06","02","2005",367.492822966508
"06","03","2005",367.923444976077
"06","04","2005",389.971291866029
"06","05","2005",431.913875598085
"06","06","2005",291.961722488038
"06","07","2005",367.57894736842
"06","08","2005",NA
"06","09","2005",NA
"06","10","2005",471.617224880384
"06","11","2005",369.818181818183
"06","12","2005",321.502392344498
"06","13","2005",407.799043062202
"06","14","2005",366.028708133971
"06","15","2005",NA
"06","16","2005",NA
"06","17","2005",459.732057416269
"06","18","2005",352.937799043062
"06","19","2005",372.22966507177
"06","20","2005",278.956937799042
"06","21","2005",471.531100478469
"06","22","2005",398.411483253589
"06","23","2005",NA
"06","24","2005",NA
"06","25","2005",NA
"06","26","2005",368.267942583733
"06","27","2005",448.277511961723
"06","28","2005",376.44976076555
"06","29","2005",NA
"06","30","2005",NA
"07","01","2005",NA
"07","02","2005",NA
"07","03","2005",NA
"07","04","2005",NA
"07","05","2005",NA
"07","06","2005",503.999999999999
"07","07","2005",NA
"07","08","2005",NA
"07","09","2005",NA
"07","10","2005",448.019138755981
"07","11","2005",509.425837320573
"07","12","2005",423.645933014353
"07","13","2005",337.435406698565
"07","14","2005",373.349282296651
"07","15","2005",359.397129186603
"07","16","2005",NA
"07","17","2005",364.478468899521
"07","18","2005",404.612440191388
"07","19","2005",391.34928229665
"07","20","2005",NA
"07","21","2005",NA
"07","22","2005",534.832535885168
"07","23","2005",NA
"07","24","2005",NA
"07","25","2005",513.301435406698
"07","26","2005",NA
"07","27","2005",435.358851674641
"07","28","2005",NA
"07","29","2005",NA
"07","30","2005",471.703349282296
"07","31","2005",NA
"08","01","2005",NA
"08","02","2005",NA
"08","03","2005",NA
"08","04","2005",NA
"08","05","2005",483.674641148325
"08","06","2005",NA
"08","07","2005",NA
"08","08","2005",NA
"08","09","2005",449.569377990431
"08","10","2005",NA
"08","11","2005",NA
"08","12","2005",480.488038277511
"08","13","2005",309.875598086125
"08","14","2005",368.354066985645
"08","15","2005",459.559808612439
"08","16","2005",NA
"08","17","2005",NA
"08","18","2005",NA
"08","19","2005",NA
"08","20","2005",NA
"08","21","2005",498.315789473684
"08","22","2005",331.234449760766
"08","23","2005",NA
"08","24","2005",NA
"08","25","2005",NA
"08","26","2005",346.306220095695
"08","27","2005",375.071770334928
"08","28","2005",261.904306220095
"08","29","2005",NA
"08","30","2005",422.956937799043
"08","31","2005",NA
"09","01","2005",484.44976076555
"09","02","2005",509.684210526315
"09","03","2005",342.688995215312
"09","04","2005",NA
"09","05","2005",420.287081339712
"09","06","2005",NA
"09","07","2005",NA
"09","08","2005",NA
"09","09","2005",447.846889952154
"09","10","2005",597.186602870814
"09","11","2005",396.947368421053
"09","12","2005",NA
"09","13","2005",NA
"09","14","2005",NA
"09","15","2005",NA
"09","16","2005",NA
"09","17","2005",NA
"09","18","2005",NA
"09","19","2005",NA
"09","20","2005",NA
"09","21","2005",NA
"09","22","2005",NA
"09","23","2005",NA
"09","24","2005",365.942583732058
"09","25","2005",455.339712918661
"09","26","2005",398.066985645932
"09","27","2005",302.296650717703
"09","28","2005",NA
"09","29","2005",NA
"09","30","2005",NA
"10","01","2005",NA
"10","02","2005",NA
"10","03","2005",NA
"10","04","2005",412.105263157895
"10","05","2005",NA
"10","06","2005",409.77990430622
"10","07","2005",NA
"10","08","2005",NA
"10","09","2005",NA
"10","10","2005",NA
"10","11","2005",408.574162679427
"10","12","2005",NA
"10","13","2005",432.258373205742
"10","14","2005",346.047846889953
"10","15","2005",474.459330143541
"10","16","2005",NA
"10","17","2005",407.454545454545
"10","18","2005",422.009569377991
"10","19","2005",NA
"10","20","2005",NA
"10","21","2005",NA
"10","22","2005",NA
"10","23","2005",343.11961722488
"10","24","2005",NA
"10","25","2005",374.468899521532
"10","26","2005",343.291866028707
"10","27","2005",357.502392344497
"10","28","2005",NA
"10","29","2005",312.373205741627
"10","30","2005",NA
"10","31","2005",NA
"11","01","2005",NA
"11","02","2005",NA
"11","03","2005",389.023923444975
"11","04","2005",366.373205741627
"11","05","2005",472.392344497608
"11","06","2005",NA
"11","07","2005",394.191387559808
"11","08","2005",NA
"11","09","2005",NA
"11","10","2005",399.358851674641
"11","11","2005",NA
"11","12","2005",313.665071770335
"11","13","2005",NA
"11","14","2005",307.894736842105
"11","15","2005",NA
"11","16","2005",NA
"11","17","2005",423.387559808612
"11","18","2005",343.98086124402
"11","19","2005",433.980861244018
"11","20","2005",NA
"11","21","2005",252.258373205742
"11","22","2005",208.67942583732
"11","23","2005",NA
"11","24","2005",NA
"11","25","2005",342.688995215312
"11","26","2005",318.918660287082
"11","27","2005",430.966507177034
"11","28","2005",435.186602870814
"11","29","2005",414.947368421053
"11","30","2005",NA
"12","01","2005",NA
"12","02","2005",NA
"12","03","2005",303.416267942584
"12","04","2005",366.373205741627
"12","05","2005",341.483253588516
"12","06","2005",NA
"12","07","2005",356.555023923445
"12","08","2005",292.736842105263
"12","09","2005",NA
"12","10","2005",438.631578947368
"12","11","2005",318.143540669857
"12","12","2005",NA
"12","13","2005",NA
"12","14","2005",NA
"12","15","2005",388.765550239234
"12","16","2005",NA
"12","17","2005",NA
"12","18","2005",NA
"12","19","2005",NA
"12","20","2005",NA
"12","21","2005",339.588516746412
"12","22","2005",270.775119617225
"12","23","2005",337.435406698565
"12","24","2005",NA
"12","25","2005",317.971291866028
"12","26","2005",NA
"12","27","2005",NA
"12","28","2005",NA
"12","29","2005",453.100478468899
"12","30","2005",NA
"12","31","2005",433.722488038277
"01","01","2006",NA
"01","02","2006",NA
"01","03","2006",NA
"01","04","2006",NA
"01","05","2006",NA
"01","06","2006",NA
"01","07","2006",NA
"01","08","2006",NA
"01","09","2006",NA
"01","10","2006",NA
"01","11","2006",NA
"01","12","2006",433.808612440191
"01","13","2006",NA
"01","14","2006",NA
"01","15","2006",NA
"01","16","2006",NA
"01","17","2006",NA
"01","18","2006",NA
"01","19","2006",NA
"01","20","2006",NA
"01","21","2006",NA
"01","22","2006",471.531100478469
"01","23","2006",431.224880382775
"01","24","2006",303.674641148326
"01","25","2006",NA
"01","26","2006",NA
"01","27","2006",NA
"01","28","2006",NA
"01","29","2006",NA
"01","30","2006",NA
"01","31","2006",NA
"02","01","2006",NA
"02","02","2006",NA
"02","03","2006",NA
"02","04","2006",NA
"02","05","2006",NA
"02","06","2006",NA
"02","07","2006",NA
"02","08","2006",NA
"02","09","2006",NA
"02","10","2006",NA
"02","11","2006",NA
"02","12","2006",NA
"02","13","2006",NA
"02","14","2006",NA
"02","15","2006",NA
"02","16","2006",NA
"02","17","2006",NA
"02","18","2006",NA
"02","19","2006",NA
"02","20","2006",NA
"02","21","2006",NA
"02","22","2006",501.071770334929
"02","23","2006",NA
"02","24","2006",NA
"02","25","2006",NA
"02","26","2006",NA
"02","27","2006",NA
"02","28","2006",NA
"03","01","2006",NA
"03","02","2006",NA
"03","03","2006",NA
"03","04","2006",NA
"03","05","2006",NA
"03","06","2006",NA
"03","07","2006",NA
"03","08","2006",NA
"03","09","2006",NA
"03","10","2006",NA
"03","11","2006",NA
"03","12","2006",NA
"03","13","2006",NA
"03","14","2006",NA
"03","15","2006",NA
"03","16","2006",NA
"03","17","2006",NA
"03","18","2006",NA
"03","19","2006",NA
"03","20","2006",NA
"03","21","2006",NA
"03","22","2006",NA
"03","23","2006",NA
"03","24","2006",NA
"03","25","2006",NA
"03","26","2006",NA
"03","27","2006",NA
"03","28","2006",NA
"03","29","2006",NA
"03","30","2006",NA
"03","31","2006",NA
"04","01","2006",NA
"04","02","2006",NA
"04","03","2006",NA
"04","04","2006",294.287081339713
"04","05","2006",284.985645933014
"04","06","2006",NA
"04","07","2006",274.133971291866
"04","08","2006",313.665071770335
"04","09","2006",436.392344497608
"04","10","2006",407.799043062202
"04","11","2006",NA
"04","12","2006",217.291866028708
"04","13","2006",NA
"04","14","2006",265.004784688995
"04","15","2006",314.870813397129
"04","16","2006",347.253588516746
"04","17","2006",322.44976076555
"04","18","2006",303.071770334928
"04","19","2006",347.425837320573
"04","20","2006",452.066985645932
"04","21","2006",NA
"04","22","2006",517.349282296651
"04","23","2006",311.856459330144
"04","24","2006",359.138755980861
"04","25","2006",322.44976076555
"04","26","2006",305.052631578947
"04","27","2006",441.990430622009
"04","28","2006",333.387559808613
"04","29","2006",NA
"04","30","2006",NA
"05","01","2006",360.258373205742
"05","02","2006",412.363636363636
"05","03","2006",332.440191387559
"05","04","2006",NA
"05","05","2006",279.732057416267
"05","06","2006",NA
"05","07","2006",NA
"05","08","2006",NA
"05","09","2006",331.148325358851
"05","10","2006",241.062200956938
"05","11","2006",463.435406698564
"05","12","2006",417.789473684211
"05","13","2006",NA
"05","14","2006",NA
"05","15","2006",418.909090909092
"05","16","2006",359.311004784688
"05","17","2006",317.799043062201
"05","18","2006",325.722488038277
"05","19","2006",301.177033492822
"05","20","2006",NA
"05","21","2006",415.377990430621
"05","22","2006",NA
"05","23","2006",461.712918660287
"05","24","2006",NA
"05","25","2006",435.875598086124
"05","26","2006",415.894736842105
"05","27","2006",326.755980861243
"05","28","2006",403.837320574163
"05","29","2006",275.33971291866
"05","30","2006",NA
"05","31","2006",350.354066985646
"06","01","2006",409.607655502393
"06","02","2006",385.751196172249
"06","03","2006",434.842105263158
"06","04","2006",419.33971291866
"06","05","2006",NA
"06","06","2006",NA
"06","07","2006",NA
"06","08","2006",322.794258373207
"06","09","2006",480.574162679426
"06","10","2006",324.430622009569
"06","11","2006",301.09090909091
"06","12","2006",522.775119617226
"06","13","2006",519.760765550239
"06","14","2006",NA
"06","15","2006",414.258373205742
"06","16","2006",411.071770334928
"06","17","2006",476.698564593301
"06","18","2006",444.315789473684
"06","19","2006",447.071770334929
"06","20","2006",557.913875598087
"06","21","2006",230.555023923446
"06","22","2006",NA
"06","23","2006",NA
"06","24","2006",394.708133971291
"06","25","2006",410.899521531101
"06","26","2006",537.330143540669
"06","27","2006",501.330143540671
"06","28","2006",NA
"06","29","2006",NA
"06","30","2006",NA
"07","01","2006",NA
"07","02","2006",NA
"07","03","2006",NA
"07","04","2006",NA
"07","05","2006",NA
"07","06","2006",NA
"07","07","2006",NA
"07","08","2006",NA
"07","09","2006",NA
"07","10","2006",NA
"07","11","2006",NA
"07","12","2006",496.765550239234
"07","13","2006",NA
"07","14","2006",NA
"07","15","2006",NA
"07","16","2006",NA
"07","17","2006",NA
"07","18","2006",NA
"07","19","2006",396.688995215312
"07","20","2006",459.732057416269
"07","21","2006",463.952153110047
"07","22","2006",NA
"07","23","2006",NA
"07","24","2006",NA
"07","25","2006",440.354066985647
"07","26","2006",NA
"07","27","2006",NA
"07","28","2006",NA
"07","29","2006",NA
"07","30","2006",NA
"07","31","2006",563.77033492823
"08","01","2006",NA
"08","02","2006",500.8995215311
"08","03","2006",383.598086124401
"08","04","2006",491.684210526316
"08","05","2006",464.727272727272
"08","06","2006",452.66985645933
"08","07","2006",NA
"08","08","2006",474.631578947368
"08","09","2006",378
"08","10","2006",497.368421052632
"08","11","2006",333.215311004784
"08","12","2006",458.354066985646
"08","13","2006",520.708133971293
"08","14","2006",NA
"08","15","2006",NA
"08","16","2006",NA
"08","17","2006",NA
"08","18","2006",288.344497607656
"08","19","2006",389.282296650717
"08","20","2006",455.339712918661
"08","21","2006",422.267942583733
"08","22","2006",NA
"08","23","2006",NA
"08","24","2006",338.382775119617
"08","25","2006",397.033492822966
"08","26","2006",364.392344497608
"08","27","2006",340.277511961722
"08","28","2006",378.775119617225
"08","29","2006",500.8995215311
"08","30","2006",NA
"08","31","2006",NA
"09","01","2006",418.220095693779
"09","02","2006",404.698564593302
"09","03","2006",421.062200956937
"09","04","2006",291.186602870813
"09","05","2006",NA
"09","06","2006",NA
"09","07","2006",NA
"09","08","2006",442.248803827751
"09","09","2006",521.827751196172
"09","10","2006",451.98086124402
"09","11","2006",417.1004784689
"09","12","2006",437.425837320574
"09","13","2006",323.138755980861
"09","14","2006",NA
"09","15","2006",NA
"09","16","2006",NA
"09","17","2006",340.105263157895
"09","18","2006",342.688995215312
"09","19","2006",485.052631578948
"09","20","2006",449.827751196172
"09","21","2006",484.019138755982
"09","22","2006",NA
"09","23","2006",NA
"09","24","2006",550.162679425838
"09","25","2006",NA
"09","26","2006",NA
"09","27","2006",NA
"09","28","2006",NA
"09","29","2006",NA
"09","30","2006",NA
"10","01","2006",401.425837320573
"10","02","2006",417.186602870813
"10","03","2006",369.818181818183
"10","04","2006",367.148325358852
"10","05","2006",513.559808612439
"10","06","2006",NA
"10","07","2006",NA
"10","08","2006",NA
"10","09","2006",343.205741626795
"10","10","2006",380.497607655502
"10","11","2006",NA
"10","12","2006",NA
"10","13","2006",NA
"10","14","2006",NA
"10","15","2006",NA
"10","16","2006",319.177033492824
"10","17","2006",NA
"10","18","2006",462.488038277512
"10","19","2006",NA
"10","20","2006",446.468899521531
"10","21","2006",430.622009569377
"10","22","2006",350.267942583731
"10","23","2006",NA
"10","24","2006",NA
"10","25","2006",NA
"10","26","2006",297.559808612439
"10","27","2006",NA
"10","28","2006",344.66985645933
"10","29","2006",403.665071770336
"10","30","2006",NA
"10","31","2006",NA
"11","01","2006",388.593301435407
"11","02","2006",350.612440191388
"11","03","2006",516.918660287081
"11","04","2006",431.224880382775
"11","05","2006",NA
"11","06","2006",262.67942583732
"11","07","2006",NA
"11","08","2006",364.306220095694
"11","09","2006",308.842105263159
"11","10","2006",358.191387559809
"11","11","2006",372.918660287082
"11","12","2006",317.799043062201
"11","13","2006",NA
"11","14","2006",NA
"11","15","2006",NA
"11","16","2006",355.177033492822
"11","17","2006",NA
"11","18","2006",NA
"11","19","2006",NA
"11","20","2006",NA
"11","21","2006",NA
"11","22","2006",NA
"11","23","2006",NA
"11","24","2006",NA
"11","25","2006",NA
"11","26","2006",322.019138755982
"11","27","2006",NA
"11","28","2006",NA
"11","29","2006",313.234449760766
"11","30","2006",NA
"12","01","2006",371.454545454545
"12","02","2006",NA
"12","03","2006",315.473684210526
"12","04","2006",322.622009569377
"12","05","2006",401.77033492823
"12","06","2006",NA
"12","07","2006",NA
"12","08","2006",NA
"12","09","2006",NA
"12","10","2006",430.105263157894
"12","11","2006",376.191387559809
"12","12","2006",281.11004784689
"12","13","2006",NA
"12","14","2006",NA
"12","15","2006",NA
"12","16","2006",NA
"12","17","2006",NA
"12","18","2006",366.2009569378
"12","19","2006",328.478468899522
"12","20","2006",NA
"12","21","2006",NA
"12","22","2006",NA
"12","23","2006",NA
"12","24","2006",346.995215311005
"12","25","2006",NA
"12","26","2006",NA
"12","27","2006",NA
"12","28","2006",464.64114832536
"12","29","2006",442.851674641148
"12","30","2006",443.11004784689
"12","31","2006",NA
"01","01","2007",430.535885167465
"01","02","2007",NA
"01","03","2007",432.602870813398
"01","04","2007",NA
"01","05","2007",461.454545454545
"01","06","2007",477.732057416268
"01","07","2007",NA
"01","08","2007",NA
"01","09","2007",NA
"01","10","2007",317.110047846891
"01","11","2007",415.377990430621
"01","12","2007",298.334928229664
"01","13","2007",363.789473684211
"01","14","2007",407.454545454545
"01","15","2007",NA
"01","16","2007",NA
"01","17","2007",NA
"01","18","2007",416.842105263159
"01","19","2007",527.167464114833
"01","20","2007",443.626794258373
"01","21","2007",397.636363636364
"01","22","2007",NA
"01","23","2007",NA
"01","24","2007",476.870813397129
"01","25","2007",378.344497607656
"01","26","2007",201.703349282297
"01","27","2007",310.564593301435
"01","28","2007",479.368421052632
"01","29","2007",NA
"01","30","2007",392.296650717704
"01","31","2007",NA
"02","01","2007",458.612440191388
"02","02","2007",NA
"02","03","2007",547.492822966507
"02","04","2007",519.846889952153
"02","05","2007",563.253588516747
"02","06","2007",525.703349282296
"02","07","2007",NA
"02","08","2007",NA
"02","09","2007",438.717703349282
"02","10","2007",NA
"02","11","2007",NA
"02","12","2007",496.334928229665
"02","13","2007",535.004784688995
"02","14","2007",464.382775119618
"02","15","2007",NA
"02","16","2007",NA
"02","17","2007",NA
"02","18","2007",NA
"02","19","2007",336.401913875598
"02","20","2007",NA
"02","21","2007",593.31100478469
"02","22","2007",NA
"02","23","2007",NA
"02","24","2007",NA
"02","25","2007",445.952153110048
"02","26","2007",589.004784688995
"02","27","2007",571.866028708135
"02","28","2007",NA
"03","01","2007",569.110047846889
"03","02","2007",NA
"03","03","2007",NA
"03","04","2007",358.622009569378
"03","05","2007",376.191387559809
"03","06","2007",430.105263157894
"03","07","2007",NA
"03","08","2007",NA
"03","09","2007",NA
"03","10","2007",NA
"03","11","2007",NA
"03","12","2007",NA
"03","13","2007",NA
"03","14","2007",NA
"03","15","2007",NA
"03","16","2007",NA
"03","17","2007",NA
"03","18","2007",NA
"03","19","2007",NA
"03","20","2007",NA
"03","21","2007",NA
"03","22","2007",NA
"03","23","2007",NA
"03","24","2007",299.971291866029
"03","25","2007",NA
"03","26","2007",NA
"03","27","2007",NA
"03","28","2007",NA
"03","29","2007",NA
"03","30","2007",390.66028708134
"03","31","2007",196.794258373206
"04","01","2007",594.258373205742
"04","02","2007",NA
"04","03","2007",NA
"04","04","2007",317.368421052632
"04","05","2007",NA
"04","06","2007",NA
"04","07","2007",443.196172248805
"04","08","2007",314.784688995216
"04","09","2007",NA
"04","10","2007",NA
"04","11","2007",NA
"04","12","2007",NA
"04","13","2007",NA
"04","14","2007",280.076555023923
"04","15","2007",NA
"04","16","2007",NA
"04","17","2007",NA
"04","18","2007",NA
"04","19","2007",NA
"04","20","2007",NA
"04","21","2007",NA
"04","22","2007",NA
"04","23","2007",384.545454545455
"04","24","2007",378.68899521531
"04","25","2007",NA
"04","26","2007",NA
"04","27","2007",NA
"04","28","2007",NA
"04","29","2007",371.110047846891
"04","30","2007",NA
"05","01","2007",NA
"05","02","2007",NA
"05","03","2007",NA
"05","04","2007",351.301435406698
"05","05","2007",NA
"05","06","2007",NA
"05","07","2007",NA
"05","08","2007",NA
"05","09","2007",NA
"05","10","2007",NA
"05","11","2007",NA
"05","12","2007",NA
"05","13","2007",NA
"05","14","2007",434.325358851675
"05","15","2007",403.665071770336
"05","16","2007",508.822966507178
"05","17","2007",368.698564593301
"05","18","2007",NA
"05","19","2007",NA
"05","20","2007",NA
"05","21","2007",444.488038277513
"05","22","2007",274.047846889951
"05","23","2007",NA
"05","24","2007",311.081339712919
"05","25","2007",NA
"05","26","2007",NA
"05","27","2007",NA
"05","28","2007",NA
"05","29","2007",NA
"05","30","2007",279.387559808613
"05","31","2007",315.732057416268
"06","01","2007",373.607655502392
"06","02","2007",NA
"06","03","2007",NA
"06","04","2007",NA
"06","05","2007",NA
"06","06","2007",NA
"06","07","2007",NA
"06","08","2007",530.698564593301
"06","09","2007",340.363636363637
"06","10","2007",NA
"06","11","2007",NA
"06","12","2007",437.253588516747
"06","13","2007",438.976076555024
"06","14","2007",NA
"06","15","2007",NA
"06","16","2007",NA
"06","17","2007",NA
"06","18","2007",NA
"06","19","2007",NA
"06","20","2007",NA
"06","21","2007",NA
"06","22","2007",NA
"06","23","2007",NA
"06","24","2007",NA
"06","25","2007",NA
"06","26","2007",NA
"06","27","2007",NA
"06","28","2007",NA
"06","29","2007",NA
"06","30","2007",NA
"07","01","2007",NA
"07","02","2007",NA
"07","03","2007",NA
"07","04","2007",NA
"07","05","2007",NA
"07","06","2007",NA
"07","07","2007",NA
"07","08","2007",NA
"07","09","2007",NA
"07","10","2007",NA
"07","11","2007",NA
"07","12","2007",NA
"07","13","2007",NA
"07","14","2007",NA
"07","15","2007",NA
"07","16","2007",NA
"07","17","2007",NA
"07","18","2007",NA
"07","19","2007",NA
"07","20","2007",NA
"07","21","2007",NA
"07","22","2007",NA
"07","23","2007",NA
"07","24","2007",NA
"07","25","2007",NA
"07","26","2007",NA
"07","27","2007",NA
"07","28","2007",NA
"07","29","2007",NA
"07","30","2007",NA
"07","31","2007",NA
"08","01","2007",NA
"08","02","2007",NA
"08","03","2007",NA
"08","04","2007",NA
"08","05","2007",NA
"08","06","2007",NA
"08","07","2007",NA
"08","08","2007",NA
"08","09","2007",NA
"08","10","2007",NA
"08","11","2007",NA
"08","12","2007",NA
"08","13","2007",NA
"08","14","2007",NA
"08","15","2007",NA
"08","16","2007",NA
"08","17","2007",NA
"08","18","2007",NA
"08","19","2007",NA
"08","20","2007",NA
"08","21","2007",NA
"08","22","2007",NA
"08","23","2007",NA
"08","24","2007",NA
"08","25","2007",NA
"08","26","2007",NA
"08","27","2007",NA
"08","28","2007",NA
"08","29","2007",NA
"08","30","2007",NA
"08","31","2007",NA
"09","01","2007",NA
"09","02","2007",NA
"09","03","2007",NA
"09","04","2007",NA
"09","05","2007",NA
"09","06","2007",NA
"09","07","2007",NA
"09","08","2007",NA
"09","09","2007",NA
"09","10","2007",NA
"09","11","2007",NA
"09","12","2007",NA
"09","13","2007",NA
"09","14","2007",NA
"09","15","2007",NA
"09","16","2007",NA
"09","17","2007",NA
"09","18","2007",NA
"09","19","2007",NA
"09","20","2007",NA
"09","21","2007",NA
"09","22","2007",NA
"09","23","2007",NA
"09","24","2007",NA
"09","25","2007",NA
"09","26","2007",NA
"09","27","2007",NA
"09","28","2007",NA
"09","29","2007",NA
"09","30","2007",NA
"10","01","2007",NA
"10","02","2007",NA
"10","03","2007",NA
"10","04","2007",NA
"10","05","2007",NA
"10","06","2007",NA
"10","07","2007",NA
"10","08","2007",NA
"10","09","2007",NA
"10","10","2007",NA
"10","11","2007",NA
"10","12","2007",NA
"10","13","2007",NA
"10","14","2007",NA
"10","15","2007",NA
"10","16","2007",NA
"10","17","2007",NA
"10","18","2007",NA
"10","19","2007",NA
"10","20","2007",NA
"10","21","2007",NA
"10","22","2007",NA
"10","23","2007",NA
"10","24","2007",NA
"10","25","2007",NA
"10","26","2007",NA
"10","27","2007",NA
"10","28","2007",NA
"10","29","2007",NA
"10","30","2007",NA
"10","31","2007",NA
"11","01","2007",NA
"11","02","2007",NA
"11","03","2007",NA
"11","04","2007",NA
"11","05","2007",NA
"11","06","2007",NA
"11","07","2007",NA
"11","08","2007",NA
"11","09","2007",NA
"11","10","2007",NA
"11","11","2007",NA
"11","12","2007",NA
"11","13","2007",NA
"11","14","2007",NA
"11","15","2007",NA
"11","16","2007",NA
"11","17","2007",NA
"11","18","2007",NA
"11","19","2007",NA
"11","20","2007",NA
"11","21","2007",NA
"11","22","2007",NA
"11","23","2007",NA
"11","24","2007",NA
"11","25","2007",NA
"11","26","2007",NA
"11","27","2007",NA
"11","28","2007",NA
"11","29","2007",NA
"11","30","2007",NA
"12","01","2007",NA
"12","02","2007",NA
"12","03","2007",NA
"12","04","2007",NA
"12","05","2007",NA
"12","06","2007",NA
"12","07","2007",NA
"12","08","2007",NA
"12","09","2007",NA
"12","10","2007",NA
"12","11","2007",NA
"12","12","2007",NA
"12","13","2007",NA
"12","14","2007",NA
"12","15","2007",NA
"12","16","2007",NA
"12","17","2007",NA
"12","18","2007",NA
"12","19","2007",NA
"12","20","2007",NA
"12","21","2007",NA
"12","22","2007",NA
"12","23","2007",NA
"12","24","2007",NA
"12","25","2007",NA
"12","26","2007",NA
"12","27","2007",NA
"12","28","2007",NA
"12","29","2007",NA
"12","30","2007",NA
"12","31","2007",NA
"01","01","2008",NA
"01","02","2008",NA
"01","03","2008",NA
"01","04","2008",NA
"01","05","2008",NA
"01","06","2008",NA
"01","07","2008",NA
"01","08","2008",NA
"01","09","2008",NA
"01","10","2008",NA
"01","11","2008",NA
"01","12","2008",NA
"01","13","2008",NA
"01","14","2008",NA
"01","15","2008",NA
"01","16","2008",NA
"01","17","2008",NA
"01","18","2008",NA
"01","19","2008",NA
"01","20","2008",NA
"01","21","2008",NA
"01","22","2008",NA
"01","23","2008",NA
"01","24","2008",NA
"01","25","2008",NA
"01","26","2008",NA
"01","27","2008",NA
"01","28","2008",NA
"01","29","2008",NA
"01","30","2008",NA
"01","31","2008",NA
"02","01","2008",NA
"02","02","2008",NA
"02","03","2008",NA
"02","04","2008",NA
"02","05","2008",NA
"02","06","2008",NA
"02","07","2008",NA
"02","08","2008",NA
"02","09","2008",NA
"02","10","2008",NA
"02","11","2008",NA
"02","12","2008",NA
"02","13","2008",NA
"02","14","2008",NA
"02","15","2008",NA
"02","16","2008",NA
"02","17","2008",NA
"02","18","2008",NA
"02","19","2008",NA
"02","20","2008",NA
"02","21","2008",NA
"02","22","2008",NA
"02","23","2008",NA
"02","24","2008",NA
"02","25","2008",NA
"02","26","2008",NA
"02","27","2008",NA
"02","28","2008",NA
"02","29","2008",NA
"03","01","2008",NA
"03","02","2008",NA
"03","03","2008",NA
"03","04","2008",NA
"03","05","2008",NA
"03","06","2008",NA
"03","07","2008",NA
"03","08","2008",NA
"03","09","2008",NA
"03","10","2008",NA
"03","11","2008",NA
"03","12","2008",NA
"03","13","2008",NA
"03","14","2008",NA
"03","15","2008",NA
"03","16","2008",NA
"03","17","2008",NA
"03","18","2008",NA
"03","19","2008",NA
"03","20","2008",NA
"03","21","2008",NA
"03","22","2008",NA
"03","23","2008",NA
"03","24","2008",NA
"03","25","2008",NA
"03","26","2008",NA
"03","27","2008",NA
"03","28","2008",NA
"03","29","2008",NA
"03","30","2008",NA
"03","31","2008",NA
"04","01","2008",NA
"04","02","2008",NA
"04","03","2008",NA
"04","04","2008",NA
"04","05","2008",NA
"04","06","2008",NA
"04","07","2008",NA
"04","08","2008",NA
"04","09","2008",NA
"04","10","2008",NA
"04","11","2008",NA
"04","12","2008",NA
"04","13","2008",NA
"04","14","2008",NA
"04","15","2008",NA
"04","16","2008",NA
"04","17","2008",NA
"04","18","2008",NA
"04","19","2008",NA
"04","20","2008",NA
"04","21","2008",NA
"04","22","2008",NA
"04","23","2008",NA
"04","24","2008",NA
"04","25","2008",NA
"04","26","2008",NA
"04","27","2008",NA
"04","28","2008",NA
"04","29","2008",NA
"04","30","2008",NA
"05","01","2008",NA
"05","02","2008",NA
"05","03","2008",NA
"05","04","2008",NA
"05","05","2008",NA
"05","06","2008",NA
"05","07","2008",NA
"05","08","2008",NA
"05","09","2008",NA
"05","10","2008",NA
"05","11","2008",NA
"05","12","2008",NA
"05","13","2008",NA
"05","14","2008",NA
"05","15","2008",NA
"05","16","2008",NA
"05","17","2008",NA
"05","18","2008",NA
"05","19","2008",NA
"05","20","2008",NA
"05","21","2008",NA
"05","22","2008",NA
"05","23","2008",NA
"05","24","2008",NA
"05","25","2008",NA
"05","26","2008",NA
"05","27","2008",NA
"05","28","2008",NA
"05","29","2008",NA
"05","30","2008",NA
"05","31","2008",NA
"06","01","2008",NA
"06","02","2008",NA
"06","03","2008",NA
"06","04","2008",NA
"06","05","2008",NA
"06","06","2008",NA
"06","07","2008",NA
"06","08","2008",NA
"06","09","2008",NA
"06","10","2008",NA
"06","11","2008",NA
"06","12","2008",NA
"06","13","2008",NA
"06","14","2008",NA
"06","15","2008",NA
"06","16","2008",NA
"06","17","2008",NA
"06","18","2008",NA
"06","19","2008",NA
"06","20","2008",NA
"06","21","2008",NA
"06","22","2008",NA
"06","23","2008",NA
"06","24","2008",NA
"06","25","2008",NA
"06","26","2008",NA
"06","27","2008",NA
"06","28","2008",NA
"06","29","2008",NA
"06","30","2008",NA
"07","01","2008",NA
"07","02","2008",NA
"07","03","2008",NA
"07","04","2008",NA
"07","05","2008",NA
"07","06","2008",NA
"07","07","2008",NA
"07","08","2008",NA
"07","09","2008",NA
"07","10","2008",NA
"07","11","2008",NA
"07","12","2008",NA
"07","13","2008",NA
"07","14","2008",NA
"07","15","2008",NA
"07","16","2008",NA
"07","17","2008",NA
"07","18","2008",NA
"07","19","2008",NA
"07","20","2008",NA
"07","21","2008",NA
"07","22","2008",NA
"07","23","2008",NA
"07","24","2008",NA
"07","25","2008",NA
"07","26","2008",NA
"07","27","2008",NA
"07","28","2008",NA
"07","29","2008",NA
"07","30","2008",NA
"07","31","2008",NA
"08","01","2008",NA
"08","02","2008",NA
"08","03","2008",NA
"08","04","2008",NA
"08","05","2008",NA
"08","06","2008",NA
"08","07","2008",NA
"08","08","2008",NA
"08","09","2008",NA
"08","10","2008",NA
"08","11","2008",NA
"08","12","2008",NA
"08","13","2008",NA
"08","14","2008",NA
"08","15","2008",NA
"08","16","2008",NA
"08","17","2008",NA
"08","18","2008",NA
"08","19","2008",NA
"08","20","2008",NA
"08","21","2008",NA
"08","22","2008",NA
"08","23","2008",NA
"08","24","2008",NA
"08","25","2008",NA
"08","26","2008",NA
"08","27","2008",NA
"08","28","2008",NA
"08","29","2008",NA
"08","30","2008",NA
"08","31","2008",NA
"09","01","2008",NA
"09","02","2008",NA
"09","03","2008",NA
"09","04","2008",NA
"09","05","2008",NA
"09","06","2008",NA
"09","07","2008",NA
"09","08","2008",NA
"09","09","2008",NA
"09","10","2008",NA
"09","11","2008",NA
"09","12","2008",NA
"09","13","2008",NA
"09","14","2008",NA
"09","15","2008",NA
"09","16","2008",NA
"09","17","2008",NA
"09","18","2008",NA
"09","19","2008",NA
"09","20","2008",NA
"09","21","2008",NA
"09","22","2008",NA
"09","23","2008",NA
"09","24","2008",NA
"09","25","2008",NA
"09","26","2008",NA
"09","27","2008",NA
"09","28","2008",NA
"09","29","2008",NA
"09","30","2008",NA
"10","01","2008",NA
"10","02","2008",NA
"10","03","2008",NA
"10","04","2008",NA
"10","05","2008",NA
"10","06","2008",NA
"10","07","2008",NA
"10","08","2008",NA
"10","09","2008",NA
"10","10","2008",NA
"10","11","2008",NA
"10","12","2008",NA
"10","13","2008",NA
"10","14","2008",NA
"10","15","2008",NA
"10","16","2008",NA
"10","17","2008",NA
"10","18","2008",NA
"10","19","2008",NA
"10","20","2008",NA
"10","21","2008",NA
"10","22","2008",NA
"10","23","2008",NA
"10","24","2008",NA
"10","25","2008",NA
"10","26","2008",NA
"10","27","2008",NA
"10","28","2008",NA
"10","29","2008",NA
"10","30","2008",NA
"10","31","2008",NA
"11","01","2008",NA
"11","02","2008",NA
"11","03","2008",NA
"11","04","2008",NA
"11","05","2008",NA
"11","06","2008",NA
"11","07","2008",NA
"11","08","2008",NA
"11","09","2008",NA
"11","10","2008",NA
"11","11","2008",NA
"11","12","2008",NA
"11","13","2008",NA
"11","14","2008",NA
"11","15","2008",NA
"11","16","2008",NA
"11","17","2008",NA
"11","18","2008",NA
"11","19","2008",NA
"11","20","2008",NA
"11","21","2008",NA
"11","22","2008",NA
"11","23","2008",NA
"11","24","2008",NA
"11","25","2008",NA
"11","26","2008",NA
"11","27","2008",NA
"11","28","2008",NA
"11","29","2008",NA
"11","30","2008",NA
"12","01","2008",NA
"12","02","2008",NA
"12","03","2008",NA
"12","04","2008",NA
"12","05","2008",NA
"12","06","2008",NA
"12","07","2008",NA
"12","08","2008",NA
"12","09","2008",NA
"12","10","2008",NA
"12","11","2008",NA
"12","12","2008",NA
"12","13","2008",NA
"12","14","2008",NA
"12","15","2008",NA
"12","16","2008",NA
"12","17","2008",NA
"12","18","2008",NA
"12","19","2008",NA
"12","20","2008",NA
"12","21","2008",NA
"12","22","2008",NA
"12","23","2008",NA
"12","24","2008",NA
"12","25","2008",NA
"12","26","2008",NA
"12","27","2008",NA
"12","28","2008",NA
"12","29","2008",NA
"12","30","2008",NA
"12","31","2008",NA
"01","01","2009",NA
"01","02","2009",NA
"01","03","2009",NA
"01","04","2009",NA
"01","05","2009",NA
"01","06","2009",NA
"01","07","2009",NA
"01","08","2009",NA
"01","09","2009",NA
"01","10","2009",NA
"01","11","2009",NA
"01","12","2009",NA
"01","13","2009",NA
"01","14","2009",NA
"01","15","2009",NA
"01","16","2009",NA
"01","17","2009",NA
"01","18","2009",NA
"01","19","2009",NA
"01","20","2009",NA
"01","21","2009",NA
"01","22","2009",NA
"01","23","2009",NA
"01","24","2009",NA
"01","25","2009",NA
"01","26","2009",NA
"01","27","2009",NA
"01","28","2009",NA
"01","29","2009",NA
"01","30","2009",NA
"01","31","2009",NA
"02","01","2009",NA
"02","02","2009",NA
"02","03","2009",NA
"02","04","2009",NA
"02","05","2009",NA
"02","06","2009",NA
"02","07","2009",NA
"02","08","2009",NA
"02","09","2009",NA
"02","10","2009",NA
"02","11","2009",NA
"02","12","2009",NA
"02","13","2009",NA
"02","14","2009",NA
"02","15","2009",NA
"02","16","2009",NA
"02","17","2009",NA
"02","18","2009",NA
"02","19","2009",NA
"02","20","2009",NA
"02","21","2009",NA
"02","22","2009",NA
"02","23","2009",NA
"02","24","2009",NA
"02","25","2009",NA
"02","26","2009",NA
"02","27","2009",NA
"02","28","2009",NA
"03","01","2009",NA
"03","02","2009",NA
"03","03","2009",NA
"03","04","2009",NA
"03","05","2009",NA
"03","06","2009",NA
"03","07","2009",NA
"03","08","2009",NA
"03","09","2009",NA
"03","10","2009",NA
"03","11","2009",NA
"03","12","2009",NA
"03","13","2009",NA
"03","14","2009",NA
"03","15","2009",NA
"03","16","2009",NA
"03","17","2009",NA
"03","18","2009",NA
"03","19","2009",NA
"03","20","2009",NA
"03","21","2009",NA
"03","22","2009",NA
"03","23","2009",NA
"03","24","2009",NA
"03","25","2009",NA
"03","26","2009",NA
"03","27","2009",NA
"03","28","2009",NA
"03","29","2009",NA
"03","30","2009",NA
"03","31","2009",NA
"04","01","2009",NA
"04","02","2009",NA
"04","03","2009",NA
"04","04","2009",NA
"04","05","2009",NA
"04","06","2009",NA
"04","07","2009",NA
"04","08","2009",NA
"04","09","2009",NA
"04","10","2009",NA
"04","11","2009",NA
"04","12","2009",NA
"04","13","2009",NA
"04","14","2009",NA
"04","15","2009",NA
"04","16","2009",NA
"04","17","2009",NA
"04","18","2009",NA
"04","19","2009",NA
"04","20","2009",NA
"04","21","2009",NA
"04","22","2009",NA
"04","23","2009",NA
"04","24","2009",NA
"04","25","2009",NA
"04","26","2009",NA
"04","27","2009",NA
"04","28","2009",NA
"04","29","2009",NA
"04","30","2009",NA
"05","01","2009",NA
"05","02","2009",NA
"05","03","2009",NA
"05","04","2009",NA
"05","05","2009",NA
"05","06","2009",NA
"05","07","2009",NA
"05","08","2009",NA
"05","09","2009",NA
"05","10","2009",NA
"05","11","2009",NA
"05","12","2009",NA
"05","13","2009",NA
"05","14","2009",NA
"05","15","2009",NA
"05","16","2009",NA
"05","17","2009",NA
"05","18","2009",NA
"05","19","2009",NA
"05","20","2009",NA
"05","21","2009",NA
"05","22","2009",NA
"05","23","2009",NA
"05","24","2009",NA
"05","25","2009",NA
"05","26","2009",NA
"05","27","2009",NA
"05","28","2009",NA
"05","29","2009",NA
"05","30","2009",NA
"05","31","2009",NA
"06","01","2009",NA
"06","02","2009",NA
"06","03","2009",NA
"06","04","2009",NA
"06","05","2009",NA
"06","06","2009",NA
"06","07","2009",NA
"06","08","2009",NA
"06","09","2009",NA
"06","10","2009",NA
"06","11","2009",NA
"06","12","2009",NA
"06","13","2009",NA
"06","14","2009",NA
"06","15","2009",NA
"06","16","2009",NA
"06","17","2009",NA
"06","18","2009",NA
"06","19","2009",NA
"06","20","2009",NA
"06","21","2009",NA
"06","22","2009",NA
"06","23","2009",NA
"06","24","2009",NA
"06","25","2009",NA
"06","26","2009",NA
"06","27","2009",NA
"06","28","2009",NA
"06","29","2009",NA
"06","30","2009",NA
"07","01","2009",NA
"07","02","2009",NA
"07","03","2009",NA
"07","04","2009",NA
"07","05","2009",NA
"07","06","2009",NA
"07","07","2009",NA
"07","08","2009",NA
"07","09","2009",NA
"07","10","2009",NA
"07","11","2009",NA
"07","12","2009",NA
"07","13","2009",NA
"07","14","2009",NA
"07","15","2009",NA
"07","16","2009",NA
"07","17","2009",NA
"07","18","2009",NA
"07","19","2009",NA
"07","20","2009",NA
"07","21","2009",NA
"07","22","2009",NA
"07","23","2009",NA
"07","24","2009",NA
"07","25","2009",NA
"07","26","2009",NA
"07","27","2009",NA
"07","28","2009",NA
"07","29","2009",NA
"07","30","2009",NA
"07","31","2009",NA
"08","01","2009",NA
"08","02","2009",NA
"08","03","2009",NA
"08","04","2009",NA
"08","05","2009",NA
"08","06","2009",NA
"08","07","2009",NA
"08","08","2009",NA
"08","09","2009",NA
"08","10","2009",NA
"08","11","2009",NA
"08","12","2009",NA
"08","13","2009",NA
"08","14","2009",NA
"08","15","2009",NA
"08","16","2009",NA
"08","17","2009",NA
"08","18","2009",NA
"08","19","2009",NA
"08","20","2009",NA
"08","21","2009",NA
"08","22","2009",NA
"08","23","2009",NA
"08","24","2009",NA
"08","25","2009",NA
"08","26","2009",NA
"08","27","2009",NA
"08","28","2009",NA
"08","29","2009",NA
"08","30","2009",NA
"08","31","2009",NA
"09","01","2009",NA
"09","02","2009",NA
"09","03","2009",NA
"09","04","2009",NA
"09","05","2009",NA
"09","06","2009",NA
"09","07","2009",NA
"09","08","2009",NA
"09","09","2009",NA
"09","10","2009",NA
"09","11","2009",NA
"09","12","2009",NA
"09","13","2009",NA
"09","14","2009",NA
"09","15","2009",NA
"09","16","2009",NA
"09","17","2009",NA
"09","18","2009",NA
"09","19","2009",NA
"09","20","2009",NA
"09","21","2009",NA
"09","22","2009",NA
"09","23","2009",NA
"09","24","2009",NA
"09","25","2009",NA
"09","26","2009",NA
"09","27","2009",NA
"09","28","2009",NA
"09","29","2009",NA
"09","30","2009",NA
"10","01","2009",NA
"10","02","2009",NA
"10","03","2009",NA
"10","04","2009",NA
"10","05","2009",NA
"10","06","2009",NA
"10","07","2009",NA
"10","08","2009",NA
"10","09","2009",NA
"10","10","2009",NA
"10","11","2009",NA
"10","12","2009",NA
"10","13","2009",NA
"10","14","2009",NA
"10","15","2009",NA
"10","16","2009",NA
"10","17","2009",NA
"10","18","2009",NA
"10","19","2009",NA
"10","20","2009",NA
"10","21","2009",222.287081339714
"10","22","2009",166.306220095694
"10","23","2009",224.87081339713
"10","24","2009",118.851674641148
"10","25","2009",180.602870813397
"10","26","2009",394.708133971291
"10","27","2009",230.727272727273
"10","28","2009",267.674641148325
"10","29","2009",269.052631578948
"10","30","2009",127.980861244019
"10","31","2009",267.071770334928
"11","01","2009",266.899521531101
"11","02","2009",214.363636363636
"11","03","2009",208.593301435407
"11","04","2009",250.363636363636
"11","05","2009",195.416267942584
"11","06","2009",266.727272727273
"11","07","2009",259.75119617225
"11","08","2009",150.114832535885
"11","09","2009",199.11961722488
"11","10","2009",224.698564593301
"11","11","2009",245.54066985646
"11","12","2009",96.4593301435408
"11","13","2009",247.435406698564
"11","14","2009",155.626794258373
"11","15","2009",265.779904306219
"11","16","2009",301.09090909091
"11","17","2009",233.138755980862
"11","18","2009",197.311004784689
"11","19","2009",247.607655502393
"11","20","2009",235.550239234449
"11","21","2009",231.244019138756
"11","22","2009",200.583732057416
"11","23","2009",173.626794258373
"11","24","2009",210.315789473684
"11","25","2009",205.751196172249
"11","26","2009",232.44976076555
"11","27","2009",225.55980861244
"11","28","2009",208.593301435407
"11","29","2009",164.497607655502
"11","30","2009",186.88995215311
"12","01","2009",254.325358851675
"12","02","2009",238.22009569378
"12","03","2009",306.000000000001
"12","04","2009",258.976076555025
"12","05","2009",317.023923444976
"12","06","2009",253.205741626794
"12","07","2009",165.961722488038
"12","08","2009",271.980861244018
"12","09","2009",226.851674641148
"12","10","2009",246.574162679427
"12","11","2009",277.751196172249
"12","12","2009",221.511961722489
"12","13","2009",309.1004784689
"12","14","2009",302.296650717703
"12","15","2009",300.660287081339
"12","16","2009",255.875598086125
"12","17","2009",310.133971291867
"12","18","2009",208.076555023924
"12","19","2009",103.521531100478
"12","20","2009",66.8325358851674
"12","21","2009",107.741626794258
"12","22","2009",84.3157894736843
"12","23","2009",69.0717703349283
"12","24","2009",313.923444976077
"12","25","2009",121.263157894737
"12","26","2009",168.717703349282
"12","27","2009",205.406698564593
"12","28","2009",256.220095693779
"12","29","2009",241.837320574163
"12","30","2009",269.31100478469
"12","31","2009",318.918660287082
"01","01","2010",254.583732057417
"01","02","2010",259.234449760766
"01","03","2010",225.818181818182
"01","04","2010",303.846889952153
"01","05","2010",340.88038277512
"01","06","2010",228.143540669856
"01","07","2010",316.851674641149
"01","08","2010",316.507177033493
"01","09","2010",209.626794258374
"01","10","2010",234.258373205741
"01","11","2010",191.196172248804
"01","12","2010",282.057416267942
"01","13","2010",311.33971291866
"01","14","2010",211.435406698565
"01","15","2010",281.023923444975
"01","16","2010",381.531100478468
"01","17","2010",341.999999999999
"01","18","2010",330.287081339714
"01","19","2010",295.320574162679
"01","20","2010",313.923444976077
"01","21","2010",333.990430622009
"01","22","2010",283.177033492823
"01","23","2010",177.244019138756
"01","24","2010",126.861244019139
"01","25","2010",231.588516746412
"01","26","2010",155.196172248804
"01","27","2010",194.641148325359
"01","28","2010",223.578947368422
"01","29","2010",312.976076555025
"01","30","2010",333.301435406699
"01","31","2010",342.947368421053
"02","01","2010",416.066985645934
"02","02","2010",430.105263157894
"02","03","2010",379.636363636364
"02","04","2010",350.181818181819
"02","05","2010",284.813397129187
"02","06","2010",125.913875598086
"02","07","2010",170.526315789474
"02","08","2010",170.784688995215
"02","09","2010",226.334928229665
"02","10","2010",288.43062200957
"02","11","2010",144.086124401914
"02","12","2010",279.645933014355
"02","13","2010",344.583732057416
"02","14","2010",133.234449760765
"02","15","2010",252.947368421053
"02","16","2010",161.483253588517
"02","17","2010",112.22009569378
"02","18","2010",215.138755980861
"02","19","2010",160.622009569378
"02","20","2010",243.99043062201
"02","21","2010",105.416267942584
"02","22","2010",143.741626794258
"02","23","2010",110.928229665072
"02","24","2010",301.09090909091
"02","25","2010",143.224880382775
"02","26","2010",74.2392344497608
"02","27","2010",303.674641148326
"02","28","2010",203.77033492823
"03","01","2010",261.215311004785
"03","02","2010",204.459330143541
"03","03","2010",113.942583732057
"03","04","2010",165.444976076555
"03","05","2010",126.775119617225
"03","06","2010",275.167464114833
"03","07","2010",149.33971291866
"03","08","2010",114.459330143541
"03","09","2010",290.411483253589
"03","10","2010",209.282296650718
"03","11","2010",195.502392344498
"03","12","2010",245.023923444977
"03","13","2010",303.071770334928
"03","14","2010",165.358851674641
"03","15","2010",294.114832535886
"03","16","2010",144.688995215311
"03","17","2010",84.5741626794259
"03","18","2010",185.33971291866
"03","19","2010",364.822966507177
"03","20","2010",223.665071770334
"03","21","2010",247.77990430622
"03","22","2010",244.162679425837
"03","23","2010",249.588516746412
"03","24","2010",250.88038277512
"03","25","2010",270.516746411483
"03","26","2010",188.612440191388
"03","27","2010",143.741626794258
"03","28","2010",287.827751196172
"03","29","2010",170.612440191388
"03","30","2010",123.846889952153
"03","31","2010",204.88995215311
"04","01","2010",154.593301435407
"04","02","2010",152.698564593301
"04","03","2010",127.033492822966
"04","04","2010",191.799043062201
"04","05","2010",165.444976076555
"04","06","2010",34.7942583732057
"04","07","2010",196.019138755981
"04","08","2010",215.052631578948
"04","09","2010",126.258373205742
"04","10","2010",151.923444976077
"04","11","2010",115.062200956938
"04","12","2010",253.377990430621
"04","13","2010",207.645933014353
"04","14","2010",193.77990430622
"04","15","2010",180.688995215311
"04","16","2010",224.526315789474
"04","17","2010",401.684210526315
"04","18","2010",279.818181818182
"04","19","2010",87.2440191387559
"04","20","2010",342.688995215312
"04","21","2010",246.143540669856
"04","22","2010",297.473684210527
"04","23","2010",227.282296650717
"04","24","2010",289.808612440191
"04","25","2010",200.153110047847
"04","26","2010",159.933014354067
"04","27","2010",179.138755980861
"04","28","2010",191.023923444976
"04","29","2010",285.157894736841
"04","30","2010",234.688995215312
"05","01","2010",250.01913875598
"05","02","2010",197.483253588517
"05","03","2010",179.052631578947
"05","04","2010",160.363636363636
"05","05","2010",203.856459330144
"05","06","2010",254.066985645934
"05","07","2010",344.66985645933
"05","08","2010",228.832535885167
"05","09","2010",280.248803827751
"05","10","2010",256.736842105262
"05","11","2010",282.746411483254
"05","12","2010",367.492822966508
"05","13","2010",189.732057416268
"05","14","2010",282.832535885167
"05","15","2010",332.698564593301
"05","16","2010",242.440191387561
"05","17","2010",202.564593301435
"05","18","2010",259.492822966508
"05","19","2010",163.808612440191
"05","20","2010",153.55980861244
"05","21","2010",173.971291866029
"05","22","2010",279.129186602872
"05","23","2010",265.866028708134
"05","24","2010",228.143540669856
"05","25","2010",239.77033492823
"05","26","2010",240.114832535886
"05","27","2010",76.4784688995215
"05","28","2010",277.578947368422
"05","29","2010",106.191387559809
"05","30","2010",216.947368421052
"05","31","2010",96.88995215311
"06","01","2010",220.995215311006
"06","02","2010",274.133971291866
"06","03","2010",257.081339712919
"06","04","2010",241.062200956938
"06","05","2010",338.555023923446
"06","06","2010",392.555023923446
"06","07","2010",203.33971291866
"06","08","2010",233.224880382774
"06","09","2010",119.971291866029
"06","10","2010",288.861244019139
"06","11","2010",277.751196172249
"06","12","2010",304.708133971293
"06","13","2010",197.827751196172
"06","14","2010",231.502392344498
"06","15","2010",286.105263157895
"06","16","2010",132.459330143541
"06","17","2010",228.832535885167
"06","18","2010",225.732057416267
"06","19","2010",205.837320574163
"06","20","2010",40.909090909091
"06","21","2010",224.267942583732
"06","22","2010",157.263157894737
"06","23","2010",310.822966507177
"06","24","2010",168.803827751196
"06","25","2010",290.497607655503
"06","26","2010",328.564593301435
"06","27","2010",146.325358851675
"06","28","2010",221.598086124401
"06","29","2010",226.765550239234
"06","30","2010",214.966507177034
"07","01","2010",225.387559808613
"07","02","2010",248.210526315789
"07","03","2010",179.741626794258
"07","04","2010",216.68899521531
"07","05","2010",200.066985645933
"07","06","2010",119.023923444976
"07","07","2010",220.306220095693
"07","08","2010",195.071770334928
"07","09","2010",249.502392344497
"07","10","2010",302.899521531101
"07","11","2010",110.755980861244
"07","12","2010",259.837320574162
"07","13","2010",181.894736842105
"07","14","2010",252.172248803828
"07","15","2010",140.468899521531
"07","16","2010",98.0095693779905
"07","17","2010",173.454545454546
"07","18","2010",166.133971291866
"07","19","2010",290.755980861245
"07","20","2010",254.583732057417
"07","21","2010",214.880382775119
"07","22","2010",242.956937799044
"07","23","2010",250.191387559809
"07","24","2010",246.832535885168
"07","25","2010",227.282296650717
"07","26","2010",128.755980861244
"07","27","2010",155.971291866029
"07","28","2010",186.803827751196
"07","29","2010",187.665071770335
"07","30","2010",276.114832535884
"07","31","2010",173.885167464115
"08","01","2010",180.344497607656
"08","02","2010",260.784688995216
"08","03","2010",171.732057416268
"08","04","2010",317.540669856459
"08","05","2010",324.172248803827
"08","06","2010",165.186602870813
"08","07","2010",117.818181818182
"08","08","2010",245.712918660287
"08","09","2010",127.377990430622
"08","10","2010",313.492822966508
"08","11","2010",229.952153110048
"08","12","2010",179.052631578947
"08","13","2010",87.7607655502392
"08","14","2010",137.023923444976
"08","15","2010",314.267942583733
"08","16","2010",350.440191387561
"08","17","2010",308.411483253588
"08","18","2010",155.023923444976
"08","19","2010",243.301435406698
"08","20","2010",133.492822966507
"08","21","2010",229.004784688996
"08","22","2010",206.612440191387
"08","23","2010",278.87081339713
"08","24","2010",219.272727272727
"08","25","2010",237.961722488038
"08","26","2010",187.062200956938
"08","27","2010",104.813397129187
"08","28","2010",263.282296650718
"08","29","2010",210.746411483253
"08","30","2010",319.607655502392
"08","31","2010",214.794258373206
"09","01","2010",121.435406698565
"09","02","2010",103.693779904306
"09","03","2010",219.961722488039
"09","04","2010",225.129186602872
"09","05","2010",213.416267942584
"09","06","2010",275.33971291866
"09","07","2010",185.33971291866
"09","08","2010",239.684210526315
"09","09","2010",378.947368421052
"09","10","2010",157.090909090909
"09","11","2010",253.636363636363
"09","12","2010",295.492822966506
"09","13","2010",218.411483253589
"09","14","2010",298.937799043062
"09","15","2010",230.813397129187
"09","16","2010",117.818181818182
"09","17","2010",248.899521531101
"09","18","2010",200.66985645933
"09","19","2010",204.028708133971
"09","20","2010",173.282296650718
"09","21","2010",266.641148325359
"09","22","2010",160.44976076555
"09","23","2010",207.473684210526
"09","24","2010",NA
"09","25","2010",NA
"09","26","2010",343.550239234449
"09","27","2010",NA
"09","28","2010",NA
"09","29","2010",NA
"09","30","2010",180.430622009569
"10","01","2010",NA
"10","02","2010",NA
"10","03","2010",NA
"10","04","2010",NA
"10","05","2010",NA
"10","06","2010",311.684210526317
"10","07","2010",NA
"10","08","2010",237.961722488038
"10","09","2010",258.717703349283
"10","10","2010",190.334928229665
"10","11","2010",293.77033492823
"10","12","2010",317.885167464116
"10","13","2010",NA
"10","14","2010",NA
"10","15","2010",182.583732057416
"10","16","2010",NA
"10","17","2010",122.985645933014
"10","18","2010",181.55023923445
"10","19","2010",267.416267942584
"10","20","2010",NA
"10","21","2010",NA
"10","22","2010",167.33971291866
"10","23","2010",NA
"10","24","2010",NA
"10","25","2010",NA
"10","26","2010",NA
"10","27","2010",211.607655502392
"10","28","2010",NA
"10","29","2010",NA
"10","30","2010",NA
"10","31","2010",NA
"11","01","2010",NA
"11","02","2010",NA
"11","03","2010",NA
"11","04","2010",NA
"11","05","2010",NA
"11","06","2010",252.947368421053
"11","07","2010",NA
"11","08","2010",193.263157894737
"11","09","2010",NA
"11","10","2010",NA
"11","11","2010",129.100478468899
"11","12","2010",157.693779904306
"11","13","2010",241.665071770336
"11","14","2010",163.980861244019
"11","15","2010",205.492822966507
"11","16","2010",166.995215311005
"11","17","2010",NA
"11","18","2010",78.9760765550239
"11","19","2010",NA
"11","20","2010",NA
"11","21","2010",NA
"11","22","2010",NA
"11","23","2010",NA
"11","24","2010",NA
"11","25","2010",NA
"11","26","2010",171.818181818182
"11","27","2010",NA
"11","28","2010",NA
"11","29","2010",NA
"11","30","2010",NA
"12","01","2010",NA
"12","02","2010",NA
"12","03","2010",NA
"12","04","2010",NA
"12","05","2010",NA
"12","06","2010",NA
"12","07","2010",NA
"12","08","2010",NA
"12","09","2010",208.765550239234
"12","10","2010",NA
"12","11","2010",176.555023923445
"12","12","2010",NA
"12","13","2010",NA
"12","14","2010",182.928229665072
"12","15","2010",NA
"12","16","2010",NA
"12","17","2010",NA
"12","18","2010",175.263157894737
"12","19","2010",203.684210526316
"12","20","2010",NA
"12","21","2010",103.866028708134
"12","22","2010",NA
"12","23","2010",129.961722488038
"12","24","2010",NA
"12","25","2010",209.626794258374
"12","26","2010",NA
"12","27","2010",203.684210526316
"12","28","2010",233.999999999999
"12","29","2010",NA
"12","30","2010",255.358851674642
"12","31","2010",290.66985645933
"01","01","2011",258.373205741627
"01","02","2011",NA
"01","03","2011",149.684210526316
"01","04","2011",NA
"01","05","2011",209.626794258374
"01","06","2011",212.382775119617
"01","07","2011",NA
"01","08","2011",NA
"01","09","2011",164.755980861244
"01","10","2011",NA
"01","11","2011",201.358851674641
"01","12","2011",296.267942583731
"01","13","2011",NA
"01","14","2011",NA
"01","15","2011",NA
"01","16","2011",207.904306220095
"01","17","2011",NA
"01","18","2011",261.645933014353
"01","19","2011",NA
"01","20","2011",307.205741626794
"01","21","2011",367.148325358852
"01","22","2011",312.717703349283
"01","23","2011",255.272727272727
"01","24","2011",NA
"01","25","2011",NA
"01","26","2011",319.263157894736
"01","27","2011",212.468899521532
"01","28","2011",207.99043062201
"01","29","2011",243.559808612439
"01","30","2011",232.535885167464
"01","31","2011",NA
"02","01","2011",NA
"02","02","2011",NA
"02","03","2011",NA
"02","04","2011",NA
"02","05","2011",NA
"02","06","2011",NA
"02","07","2011",NA
"02","08","2011",NA
"02","09","2011",NA
"02","10","2011",NA
"02","11","2011",NA
"02","12","2011",NA
"02","13","2011",NA
"02","14","2011",NA
"02","15","2011",NA
"02","16","2011",NA
"02","17","2011",NA
"02","18","2011",NA
"02","19","2011",NA
"02","20","2011",NA
"02","21","2011",NA
"02","22","2011",NA
"02","23","2011",NA
"02","24","2011",NA
"02","25","2011",NA
"02","26","2011",NA
"02","27","2011",NA
"02","28","2011",NA
"03","01","2011",NA
"03","02","2011",NA
"03","03","2011",NA
"03","04","2011",NA
"03","05","2011",NA
"03","06","2011",NA
"03","07","2011",NA
"03","08","2011",NA
"03","09","2011",NA
"03","10","2011",NA
"03","11","2011",NA
"03","12","2011",NA
"03","13","2011",NA
"03","14","2011",NA
"03","15","2011",NA
"03","16","2011",NA
"03","17","2011",NA
"03","18","2011",NA
"03","19","2011",NA
"03","20","2011",NA
"03","21","2011",NA
"03","22","2011",NA
"03","23","2011",NA
"03","24","2011",NA
"03","25","2011",NA
"03","26","2011",NA
"03","27","2011",NA
"03","28","2011",NA
"03","29","2011",NA
"03","30","2011",NA
"03","31","2011",NA
"04","01","2011",NA
"04","02","2011",NA
"04","03","2011",NA
"04","04","2011",NA
"04","05","2011",NA
"04","06","2011",NA
"04","07","2011",NA
"04","08","2011",NA
"04","09","2011",NA
"04","10","2011",NA
"04","11","2011",NA
"04","12","2011",NA
"04","13","2011",NA
"04","14","2011",NA
"04","15","2011",NA
"04","16","2011",NA
"04","17","2011",NA
"04","18","2011",NA
"04","19","2011",NA
"04","20","2011",NA
"04","21","2011",NA
"04","22","2011",NA
"04","23","2011",NA
"04","24","2011",NA
"04","25","2011",NA
"04","26","2011",NA
"04","27","2011",NA
"04","28","2011",NA
"04","29","2011",NA
"04","30","2011",NA
"05","01","2011",NA
"05","02","2011",NA
"05","03","2011",NA
"05","04","2011",NA
"05","05","2011",NA
"05","06","2011",NA
"05","07","2011",NA
"05","08","2011",NA
"05","09","2011",NA
"05","10","2011",NA
"05","11","2011",NA
"05","12","2011",NA
"05","13","2011",NA
"05","14","2011",NA
"05","15","2011",NA
"05","16","2011",NA
"05","17","2011",NA
"05","18","2011",NA
"05","19","2011",NA
"05","20","2011",NA
"05","21","2011",NA
"05","22","2011",NA
"05","23","2011",NA
"05","24","2011",NA
"05","25","2011",NA
"05","26","2011",NA
"05","27","2011",NA
"05","28","2011",NA
"05","29","2011",NA
"05","30","2011",NA
"05","31","2011",NA
"06","01","2011",NA
"06","02","2011",NA
"06","03","2011",NA
"06","04","2011",NA
"06","05","2011",NA
"06","06","2011",NA
"06","07","2011",NA
"06","08","2011",NA
"06","09","2011",NA
"06","10","2011",NA
"06","11","2011",NA
"06","12","2011",NA
"06","13","2011",NA
"06","14","2011",NA
"06","15","2011",NA
"06","16","2011",NA
"06","17","2011",NA
"06","18","2011",NA
"06","19","2011",NA
"06","20","2011",NA
"06","21","2011",NA
"06","22","2011",NA
"06","23","2011",NA
"06","24","2011",NA
"06","25","2011",NA
"06","26","2011",NA
"06","27","2011",NA
"06","28","2011",NA
"06","29","2011",NA
"06","30","2011",NA
"07","01","2011",NA
"07","02","2011",NA
"07","03","2011",NA
"07","04","2011",NA
"07","05","2011",NA
"07","06","2011",NA
"07","07","2011",NA
"07","08","2011",NA
"07","09","2011",NA
"07","10","2011",NA
"07","11","2011",NA
"07","12","2011",NA
"07","13","2011",NA
"07","14","2011",NA
"07","15","2011",NA
"07","16","2011",NA
"07","17","2011",NA
"07","18","2011",NA
"07","19","2011",NA
"07","20","2011",NA
"07","21","2011",NA
"07","22","2011",NA
"07","23","2011",NA
"07","24","2011",NA
"07","25","2011",NA
"07","26","2011",NA
"07","27","2011",NA
"07","28","2011",NA
"07","29","2011",NA
"07","30","2011",NA
"07","31","2011",NA
"08","01","2011",NA
"08","02","2011",NA
"08","03","2011",NA
"08","04","2011",NA
"08","05","2011",NA
"08","06","2011",NA
"08","07","2011",NA
"08","08","2011",NA
"08","09","2011",NA
"08","10","2011",NA
"08","11","2011",NA
"08","12","2011",NA
"08","13","2011",NA
"08","14","2011",NA
"08","15","2011",NA
"08","16","2011",NA
"08","17","2011",NA
"08","18","2011",NA
"08","19","2011",NA
"08","20","2011",NA
"08","21","2011",NA
"08","22","2011",NA
"08","23","2011",NA
"08","24","2011",NA
"08","25","2011",NA
"08","26","2011",NA
"08","27","2011",NA
"08","28","2011",NA
"08","29","2011",NA
"08","30","2011",NA
"08","31","2011",NA
"09","01","2011",NA
"09","02","2011",NA
"09","03","2011",NA
"09","04","2011",NA
"09","05","2011",NA
"09","06","2011",NA
"09","07","2011",NA
"09","08","2011",NA
"09","09","2011",NA
"09","10","2011",NA
"09","11","2011",NA
"09","12","2011",NA
"09","13","2011",NA
"09","14","2011",NA
"09","15","2011",NA
"09","16","2011",NA
"09","17","2011",NA
"09","18","2011",NA
"09","19","2011",NA
"09","20","2011",NA
"09","21","2011",NA
"09","22","2011",NA
"09","23","2011",NA
"09","24","2011",NA
"09","25","2011",NA
"09","26","2011",NA
"09","27","2011",NA
"09","28","2011",NA
"09","29","2011",NA
"09","30","2011",NA
"10","01","2011",NA
"10","02","2011",NA
"10","03","2011",NA
"10","04","2011",NA
"10","05","2011",NA
"10","06","2011",NA
"10","07","2011",NA
"10","08","2011",NA
"10","09","2011",NA
"10","10","2011",NA
"10","11","2011",NA
"10","12","2011",NA
"10","13","2011",NA
"10","14","2011",NA
"10","15","2011",NA
"10","16","2011",NA
"10","17","2011",NA
"10","18","2011",NA
"10","19","2011",NA
"10","20","2011",NA
"10","21","2011",NA
"10","22","2011",NA
"10","23","2011",NA
"10","24","2011",NA
"10","25","2011",NA
"10","26","2011",NA
"10","27","2011",NA
"10","28","2011",103.090909090909
"10","29","2011",NA
"10","30","2011",65.2822966507176
"10","31","2011",NA
"11","01","2011",320.555023923444
"11","02","2011",304.449760765551
"11","03","2011",NA
"11","04","2011",NA
"11","05","2011",NA
"11","06","2011",161.913875598086
"11","07","2011",NA
"11","08","2011",NA
"11","09","2011",NA
"11","10","2011",NA
"11","11","2011",NA
"11","12","2011",NA
"11","13","2011",155.540669856459
"11","14","2011",NA
"11","15","2011",NA
"11","16","2011",124.622009569378
"11","17","2011",170.526315789474
"11","18","2011",NA
"11","19","2011",NA
"11","20","2011",NA
"11","21","2011",115.406698564593
"11","22","2011",NA
"11","23","2011",NA
"11","24","2011",NA
"11","25","2011",NA
"11","26","2011",NA
"11","27","2011",NA
"11","28","2011",142.363636363636
"11","29","2011",NA
"11","30","2011",NA
"12","01","2011",184.909090909091
"12","02","2011",NA
"12","03","2011",NA
"12","04","2011",125.138755980861
"12","05","2011",NA
"12","06","2011",NA
"12","07","2011",NA
"12","08","2011",NA
"12","09","2011",115.665071770335
"12","10","2011",264.488038277511
"12","11","2011",NA
"12","12","2011",NA
"12","13","2011",NA
"12","14","2011",97.8373205741626
"12","15","2011",NA
"12","16","2011",NA
"12","17","2011",NA
"12","18","2011",179.827751196172
"12","19","2011",NA
"12","20","2011",NA
"12","21","2011",NA
"12","22","2011",NA
"12","23","2011",NA
"12","24","2011",NA
"12","25","2011",NA
"12","26","2011",NA
"12","27","2011",NA
"12","28","2011",NA
"12","29","2011",NA
"12","30","2011",NA
"12","31","2011",NA
"01","01","2012",NA
"01","02","2012",NA
"01","03","2012",NA
"01","04","2012",NA
"01","05","2012",NA
"01","06","2012",NA
"01","07","2012",NA
"01","08","2012",NA
"01","09","2012",NA
"01","10","2012",NA
"01","11","2012",NA
"01","12","2012",NA
"01","13","2012",NA
"01","14","2012",NA
"01","15","2012",NA
"01","16","2012",NA
"01","17","2012",NA
"01","18","2012",NA
"01","19","2012",258.88995215311
"01","20","2012",NA
"01","21","2012",NA
"01","22","2012",NA
"01","23","2012",NA
"01","24","2012",NA
"01","25","2012",NA
"01","26","2012",NA
"01","27","2012",NA
"01","28","2012",NA
"01","29","2012",NA
"01","30","2012",NA
"01","31","2012",NA
"02","01","2012",NA
"02","02","2012",NA
"02","03","2012",NA
"02","04","2012",NA
"02","05","2012",NA
"02","06","2012",NA
"02","07","2012",NA
"02","08","2012",NA
"02","09","2012",NA
"02","10","2012",NA
"02","11","2012",NA
"02","12","2012",NA
"02","13","2012",NA
"02","14","2012",NA
"02","15","2012",NA
"02","16","2012",NA
"02","17","2012",NA
"02","18","2012",NA
"02","19","2012",NA
"02","20","2012",NA
"02","21","2012",NA
"02","22","2012",NA
"02","23","2012",NA
"02","24","2012",NA
"02","25","2012",NA
"02","26","2012",NA
"02","27","2012",NA
"02","28","2012",NA
"02","29","2012",NA
"03","01","2012",341.397129186604
"03","02","2012",NA
"03","03","2012",NA
"03","04","2012",NA
"03","05","2012",NA
"03","06","2012",NA
"03","07","2012",NA
"03","08","2012",NA
"03","09","2012",NA
"03","10","2012",NA
"03","11","2012",NA
"03","12","2012",367.75119617225
"03","13","2012",NA
"03","14","2012",NA
"03","15","2012",NA
"03","16","2012",NA
"03","17","2012",NA
"03","18","2012",305.827751196172
"03","19","2012",NA
"03","20","2012",NA
"03","21","2012",NA
"03","22","2012",95.9425837320575
"03","23","2012",NA
"03","24","2012",NA
"03","25","2012",NA
"03","26","2012",NA
"03","27","2012",NA
"03","28","2012",NA
"03","29","2012",NA
"03","30","2012",NA
"03","31","2012",NA
"04","01","2012",NA
"04","02","2012",328.909090909091
"04","03","2012",NA
"04","04","2012",NA
"04","05","2012",NA
"04","06","2012",NA
"04","07","2012",262.851674641149
"04","08","2012",NA
"04","09","2012",NA
"04","10","2012",NA
"04","11","2012",NA
"04","12","2012",NA
"04","13","2012",NA
"04","14","2012",NA
"04","15","2012",NA
"04","16","2012",NA
"04","17","2012",NA
"04","18","2012",NA
"04","19","2012",NA
"04","20","2012",NA
"04","21","2012",NA
"04","22","2012",NA
"04","23","2012",NA
"04","24","2012",NA
"04","25","2012",271.55023923445
"04","26","2012",NA
"04","27","2012",250.449760765551
"04","28","2012",144.602870813397
"04","29","2012",NA
"04","30","2012",NA
"05","01","2012",NA
"05","02","2012",NA
"05","03","2012",NA
"05","04","2012",NA
"05","05","2012",NA
"05","06","2012",NA
"05","07","2012",NA
"05","08","2012",NA
"05","09","2012",143.311004784689
"05","10","2012",242.440191387561
"05","11","2012",NA
"05","12","2012",221.33971291866
"05","13","2012",238.564593301436
"05","14","2012",NA
"05","15","2012",NA
"05","16","2012",NA
"05","17","2012",157.177033492823
"05","18","2012",NA
"05","19","2012",NA
"05","20","2012",NA
"05","21","2012",NA
"05","22","2012",NA
"05","23","2012",NA
"05","24","2012",NA
"05","25","2012",NA
"05","26","2012",NA
"05","27","2012",NA
"05","28","2012",NA
"05","29","2012",NA
"05","30","2012",NA
"05","31","2012",NA
"06","01","2012",NA
"06","02","2012",NA
"06","03","2012",NA
"06","04","2012",NA
"06","05","2012",NA
"06","06","2012",NA
"06","07","2012",NA
"06","08","2012",NA
"06","09","2012",NA
"06","10","2012",NA
"06","11","2012",NA
"06","12","2012",NA
"06","13","2012",NA
"06","14","2012",NA
"06","15","2012",NA
"06","16","2012",NA
"06","17","2012",NA
"06","18","2012",NA
"06","19","2012",NA
"06","20","2012",NA
"06","21","2012",NA
"06","22","2012",NA
"06","23","2012",259.320574162679
"06","24","2012",NA
"06","25","2012",NA
"06","26","2012",NA
"06","27","2012",215.483253588517
"06","28","2012",NA
"06","29","2012",295.148325358852
"06","30","2012",248.296650717703
"07","01","2012",238.306220095695
"07","02","2012",NA
"07","03","2012",NA
"07","04","2012",NA
"07","05","2012",244.851674641148
"07","06","2012",NA
"07","07","2012",NA
"07","08","2012",NA
"07","09","2012",NA
"07","10","2012",NA
"07","11","2012",NA
"07","12","2012",NA
"07","13","2012",NA
"07","14","2012",NA
"07","15","2012",NA
"07","16","2012",NA
"07","17","2012",NA
"07","18","2012",NA
"07","19","2012",377.827751196173
"07","20","2012",256.133971291867
"07","21","2012",260.698564593301
"07","22","2012",382.822966507176
"07","23","2012",NA
"07","24","2012",315.645933014353
"07","25","2012",NA
"07","26","2012",296.095693779904
"07","27","2012",NA
"07","28","2012",NA
"07","29","2012",NA
"07","30","2012",222.459330143541
"07","31","2012",NA
"08","01","2012",NA
"08","02","2012",NA
"08","03","2012",NA
"08","04","2012",NA
"08","05","2012",NA
"08","06","2012",NA
"08","07","2012",333.215311004784
"08","08","2012",282.488038277513
"08","09","2012",237.272727272728
"08","10","2012",NA
"08","11","2012",NA
"08","12","2012",187.234449760765
"08","13","2012",NA
"08","14","2012",NA
"08","15","2012",312.287081339712
"08","16","2012",NA
"08","17","2012",NA
"08","18","2012",NA
"08","19","2012",NA
"08","20","2012",NA
"08","21","2012",NA
"08","22","2012",NA
"08","23","2012",NA
"08","24","2012",NA
"08","25","2012",NA
"08","26","2012",NA
"08","27","2012",NA
"08","28","2012",NA
"08","29","2012",357.33014354067
"08","30","2012",NA
"08","31","2012",NA
"09","01","2012",NA
"09","02","2012",NA
"09","03","2012",NA
"09","04","2012",NA
"09","05","2012",NA
"09","06","2012",NA
"09","07","2012",NA
"09","08","2012",NA
"09","09","2012",NA
"09","10","2012",NA
"09","11","2012",NA
"09","12","2012",NA
"09","13","2012",NA
"09","14","2012",NA
"09","15","2012",NA
"09","16","2012",NA
"09","17","2012",NA
"09","18","2012",NA
"09","19","2012",NA
"09","20","2012",NA
"09","21","2012",NA
"09","22","2012",NA
"09","23","2012",NA
"09","24","2012",NA
"09","25","2012",NA
"09","26","2012",NA
"09","27","2012",NA
"09","28","2012",NA
"09","29","2012",NA
"09","30","2012",NA
"10","01","2012",NA
"10","02","2012",NA
"10","03","2012",NA
"10","04","2012",NA
"10","05","2012",NA
"10","06","2012",NA
"10","07","2012",NA
"10","08","2012",NA
"10","09","2012",NA
"10","10","2012",NA
"10","11","2012",NA
"10","12","2012",NA
"10","13","2012",NA
"10","14","2012",NA
"10","15","2012",NA
"10","16","2012",NA
"10","17","2012",NA
"10","18","2012",NA
"10","19","2012",NA
"10","20","2012",NA
"10","21","2012",399.014354066986
"10","22","2012",311.33971291866
"10","23","2012",323.052631578948
"10","24","2012",NA
"10","25","2012",NA
"10","26","2012",NA
"10","27","2012",NA
"10","28","2012",NA
"10","29","2012",NA
"10","30","2012",NA
"10","31","2012",NA
"11","01","2012",NA
"11","02","2012",NA
"11","03","2012",NA
"11","04","2012",NA
"11","05","2012",NA
"11","06","2012",NA
"11","07","2012",NA
"11","08","2012",NA
"11","09","2012",NA
"11","10","2012",NA
"11","11","2012",NA
"11","12","2012",NA
"11","13","2012",NA
"11","14","2012",NA
"11","15","2012",NA
"11","16","2012",NA
"11","17","2012",NA
"11","18","2012",NA
"11","19","2012",NA
"11","20","2012",NA
"11","21","2012",NA
"11","22","2012",NA
"11","23","2012",NA
"11","24","2012",NA
"11","25","2012",NA
"11","26","2012",NA
"11","27","2012",NA
"11","28","2012",NA
"11","29","2012",NA
"11","30","2012",NA
"12","01","2012",NA
"12","02","2012",NA
"12","03","2012",NA
"12","04","2012",NA
"12","05","2012",NA
"12","06","2012",NA
"12","07","2012",NA
"12","08","2012",NA
"12","09","2012",NA
"12","10","2012",NA
"12","11","2012",NA
"12","12","2012",NA
"12","13","2012",NA
"12","14","2012",NA
"12","15","2012",NA
"12","16","2012",NA
"12","17","2012",NA
"12","18","2012",NA
"12","19","2012",NA
"12","20","2012",NA
"12","21","2012",NA
"12","22","2012",NA
"12","23","2012",NA
"12","24","2012",NA
"12","25","2012",NA
"12","26","2012",NA
"12","27","2012",NA
"12","28","2012",NA
"12","29","2012",NA
"12","30","2012",NA
"12","31","2012",NA
"01","01","2013",NA
"01","02","2013",NA
"01","03","2013",NA
"01","04","2013",NA
"01","05","2013",NA
"01","06","2013",NA
"01","07","2013",NA
"01","08","2013",NA
"01","09","2013",NA
"01","10","2013",NA
"01","11","2013",NA
"01","12","2013",NA
"01","13","2013",NA
"01","14","2013",NA
"01","15","2013",NA
"01","16","2013",NA
"01","17","2013",NA
"01","18","2013",NA
"01","19","2013",NA
"01","20","2013",NA
"01","21","2013",NA
"01","22","2013",NA
"01","23","2013",NA
"01","24","2013",NA
"01","25","2013",NA
"01","26","2013",NA
"01","27","2013",NA
"01","28","2013",NA
"01","29","2013",NA
"01","30","2013",NA
"01","31","2013",NA
"02","01","2013",NA
"02","02","2013",209.196172248803
"02","03","2013",NA
"02","04","2013",NA
"02","05","2013",NA
"02","06","2013",NA
"02","07","2013",NA
"02","08","2013",NA
"02","09","2013",208.765550239234
"02","10","2013",NA
"02","11","2013",NA
"02","12","2013",433.980861244018
"02","13","2013",NA
"02","14","2013",NA
"02","15","2013",259.062200956937
"02","16","2013",343.291866028707
"02","17","2013",196.363636363636
"02","18","2013",NA
"02","19","2013",NA
"02","20","2013",246.918660287081
"02","21","2013",360.000000000001
"02","22","2013",240.717703349282
"02","23","2013",274.564593301435
"02","24","2013",243.904306220096
"02","25","2013",268.622009569377
"02","26","2013",319.004784688995
"02","27","2013",187.923444976077
"02","28","2013",187.578947368421
"03","01","2013",337.521531100479
"03","02","2013",375.416267942584
"03","03","2013",173.540669856459
"03","04","2013",145.205741626794
"03","05","2013",309.961722488038
"03","06","2013",321.416267942584
"03","07","2013",NA
"03","08","2013",217.55023923445
"03","09","2013",NA
"03","10","2013",252.602870813396
"03","11","2013",NA
"03","12","2013",NA
"03","13","2013",NA
"03","14","2013",NA
"03","15","2013",NA
"03","16","2013",NA
"03","17","2013",153.904306220096
"03","18","2013",NA
"03","19","2013",310.392344497608
"03","20","2013",194.124401913876
"03","21","2013",159.416267942584
"03","22","2013",138.746411483254
"03","23","2013",183.444976076555
"03","24","2013",342.086124401914
"03","25","2013",NA
"03","26","2013",376.535885167465
"03","27","2013",306.602870813396
"03","28","2013",NA
"03","29","2013",262.248803827751
"03","30","2013",350.612440191388
"03","31","2013",435.272727272727
"04","01","2013",NA
"04","02","2013",231.674641148325
"04","03","2013",223.234449760766
"04","04","2013",391.177033492823
"04","05","2013",317.540669856459
"04","06","2013",NA
"04","07","2013",229.866028708133
"04","08","2013",NA
"04","09","2013",302.210526315789
"04","10","2013",229.435406698565
"04","11","2013",354.315789473685
"04","12","2013",345.703349282297
"04","13","2013",NA
"04","14","2013",229.693779904306
"04","15","2013",247.349282296651
"04","16","2013",336.66028708134
"04","17","2013",229.521531100479
"04","18","2013",231.330143540671
"04","19","2013",133.406698564593
"04","20","2013",277.062200956939
"04","21","2013",150.028708133971
"04","22","2013",365.253588516746
"04","23","2013",258.631578947368
"04","24","2013",321.157894736842
"04","25","2013",298.334928229664
"04","26","2013",219.186602870814
"04","27","2013",281.7990430622
"04","28","2013",175.090909090909
"04","29","2013",118.937799043062
"04","30","2013",NA
"05","01","2013",183.186602870813
"05","02","2013",406.162679425837
"05","03","2013",215.741626794258
"05","04","2013",NA
"05","05","2013",232.105263157895
"05","06","2013",198.602870813397
"05","07","2013",116.784688995215
"05","08","2013",NA
"05","09","2013",NA
"05","10","2013",181.980861244019
"05","11","2013",322.363636363636
"05","12","2013",388.679425837321
"05","13","2013",292.650717703349
"05","14","2013",236.755980861245
"05","15","2013",306.775119617226
"05","16","2013",265.866028708134
"05","17","2013",194.555023923445
"05","18","2013",265.004784688995
"05","19","2013",290.325358851674
"05","20","2013",404.00956937799
"05","21","2013",173.626794258373
"05","22","2013",NA
"05","23","2013",287.397129186604
"05","24","2013",NA
"05","25","2013",362.583732057417
"05","26","2013",247.435406698564
"05","27","2013",220.220095693781
"05","28","2013",220.736842105264
"05","29","2013",273.617224880383
"05","30","2013",302.124401913876
"05","31","2013",167.425837320574
"06","01","2013",NA
"06","02","2013",305.052631578947
"06","03","2013",340.535885167464
"06","04","2013",NA
"06","05","2013",268.535885167465
"06","06","2013",197.483253588517
"06","07","2013",332.784688995215
"06","08","2013",NA
"06","09","2013",337.177033492823
"06","10","2013",NA
"06","11","2013",NA
"06","12","2013",NA
"06","13","2013",363.875598086125
"06","14","2013",239.684210526315
"06","15","2013",252.086124401913
"06","16","2013",473.167464114833
"06","17","2013",307.55023923445
"06","18","2013",324.516746411483
"06","19","2013",205.492822966507
"06","20","2013",373.349282296651
"06","21","2013",369.645933014353
"06","22","2013",275.684210526316
"06","23","2013",351.559808612439
"06","24","2013",289.377990430622
"06","25","2013",294.545454545455
"06","26","2013",237.272727272728
"06","27","2013",321.416267942584
"06","28","2013",295.665071770336
"06","29","2013",320.468899521532
"06","30","2013",213.674641148325
"07","01","2013",178.277511961722
"07","02","2013",385.406698564593
"07","03","2013",420.028708133971
"07","04","2013",303.071770334928
"07","05","2013",316.421052631578
"07","06","2013",376.880382775119
"07","07","2013",255.1004784689
"07","08","2013",463.435406698564
"07","09","2013",288.775119617224
"07","10","2013",273.186602870814
"07","11","2013",299.712918660287
"07","12","2013",383.856459330143
"07","13","2013",389.540669856459
"07","14","2013",358.363636363636
"07","15","2013",NA
"07","16","2013",353.54066985646
"07","17","2013",433.894736842106
"07","18","2013",344.842105263157
"07","19","2013",220.995215311006
"07","20","2013",242.784688995215
"07","21","2013",397.033492822966
"07","22","2013",248.124401913876
"07","23","2013",247.177033492822
"07","24","2013",NA
"07","25","2013",357.244019138755
"07","26","2013",355.349282296651
"07","27","2013",295.234449760765
"07","28","2013",418.047846889952
"07","29","2013",383.511961722489
"07","30","2013",298.765550239235
"07","31","2013",462.574162679427
"08","01","2013",NA
"08","02","2013",NA
"08","03","2013",324.172248803827
"08","04","2013",NA
"08","05","2013",463.607655502393
"08","06","2013",354.918660287081
"08","07","2013",259.320574162679
"08","08","2013",260.956937799043
"08","09","2013",289.98086124402
"08","10","2013",206.956937799043
"08","11","2013",397.11961722488
"08","12","2013",231.674641148325
"08","13","2013",364.822966507177
"08","14","2013",428.468899521532
"08","15","2013",NA
"08","16","2013",290.325358851674
"08","17","2013",274.047846889951
"08","18","2013",NA
"08","19","2013",375.157894736842
"08","20","2013",343.377990430622
"08","21","2013",345.875598086124
"08","22","2013",317.282296650718
"08","23","2013",454.133971291865
"08","24","2013",248.46889952153
"08","25","2013",267.330143540669
"08","26","2013",345.100478468899
"08","27","2013",289.11961722488
"08","28","2013",391.866028708133
"08","29","2013",240.631578947369
"08","30","2013",251.052631578947
"08","31","2013",389.11004784689
"09","01","2013",171.904306220096
"09","02","2013",NA
"09","03","2013",332.87081339713
"09","04","2013",NA
"09","05","2013",NA
"09","06","2013",241.578947368421
"09","07","2013",262.507177033493
"09","08","2013",206.009569377991
"09","09","2013",356.124401913876
"09","10","2013",265.090909090909
"09","11","2013",250.01913875598
"09","12","2013",387.043062200957
"09","13","2013",NA
"09","14","2013",337.090909090908
"09","15","2013",NA
"09","16","2013",NA
"09","17","2013",240.889952153111
"09","18","2013",NA
"09","19","2013",NA
"09","20","2013",NA
"09","21","2013",411.071770334928
"09","22","2013",NA
"09","23","2013",NA
"09","24","2013",446.727272727273
"09","25","2013",NA
"09","26","2013",NA
"09","27","2013",NA
"09","28","2013",NA
"09","29","2013",NA
"09","30","2013",NA
"10","01","2013",227.971291866029
"10","02","2013",336.229665071771
"10","03","2013",369.12918660287
"10","04","2013",NA
"10","05","2013",NA
"10","06","2013",311.33971291866
"10","07","2013",210.143540669857
"10","08","2013",NA
"10","09","2013",359.397129186603
"10","10","2013",294.545454545455
"10","11","2013",NA
"10","12","2013",278.956937799042
"10","13","2013",NA
"10","14","2013",NA
"10","15","2013",NA
"10","16","2013",NA
"10","17","2013",263.712918660286
"10","18","2013",NA
"10","19","2013",NA
"10","20","2013",228.488038277513
"10","21","2013",NA
"10","22","2013",172.421052631579
"10","23","2013",NA
"10","24","2013",NA
"10","25","2013",321.157894736842
"10","26","2013",NA
"10","27","2013",NA
"10","28","2013",287.741626794258
"10","29","2013",231.244019138756
"10","30","2013",213.416267942584
"10","31","2013",149.511961722488
"11","01","2013",340.44976076555
"11","02","2013",NA
"11","03","2013",284.727272727273
"11","04","2013",192.746411483254
"11","05","2013",149.598086124402
"11","06","2013",250.363636363636
"11","07","2013",137.368421052632
"11","08","2013",259.57894736842
"11","09","2013",NA
"11","10","2013",206.956937799043
"11","11","2013",NA
"11","12","2013",NA
"11","13","2013",NA
"11","14","2013",NA
"11","15","2013",361.894736842105
"11","16","2013",NA
"11","17","2013",284.038277511962
"11","18","2013",273.358851674641
"11","19","2013",NA
"11","20","2013",NA
"11","21","2013",NA
"11","22","2013",NA
"11","23","2013",NA
"11","24","2013",NA
"11","25","2013",186.976076555024
"11","26","2013",308.153110047846
"11","27","2013",151.406698564593
"11","28","2013",166.650717703349
"11","29","2013",225.990430622009
"11","30","2013",296.526315789473
"12","01","2013",181.033492822966
"12","02","2013",128.842105263158
"12","03","2013",85.5215311004785
"12","04","2013",200.583732057416
"12","05","2013",333.55980861244
"12","06","2013",325.377990430623
"12","07","2013",NA
"12","08","2013",156.401913875598
"12","09","2013",NA
"12","10","2013",NA
"12","11","2013",323.741626794258
"12","12","2013",219.186602870814
"12","13","2013",171.645933014354
"12","14","2013",311.770334928229
"12","15","2013",220.650717703349
"12","16","2013",230.813397129187
"12","17","2013",200.066985645933
"12","18","2013",NA
"12","19","2013",217.464114832535
"12","20","2013",214.535885167465
"12","21","2013",265.263157894736
"12","22","2013",267.244019138757
"12","23","2013",327.444976076556
"12","24","2013",246.746411483254
"12","25","2013",224.956937799042
"12","26","2013",NA
"12","27","2013",230.727272727273
"12","28","2013",NA
"12","29","2013",352.162679425837
"12","30","2013",368.526315789474
"12","31","2013",343.205741626795
