"month","day","year","23145020","23195110","24050060","24055070"
"01","01","2005",0,0.2,0,NA
"01","02","2005",1.9,0,0,NA
"01","03","2005",0,0,0,NA
"01","04","2005",0,0,0,NA
"01","05","2005",0,0,0,NA
"01","06","2005",1,0,0,NA
"01","07","2005",0,0,0,NA
"01","08","2005",4.2,1,0,NA
"01","09","2005",4,0,8,NA
"01","10","2005",11,0.8,9,NA
"01","11","2005",0,0,0,NA
"01","12","2005",0.2,0,0,NA
"01","13","2005",0.2,0,5,NA
"01","14","2005",43.7,58.6,21,NA
"01","15","2005",3,0,13,NA
"01","16","2005",40,30,47,NA
"01","17","2005",22,16.5,49,NA
"01","18","2005",0,0,3,NA
"01","19","2005",4.3,0,0,NA
"01","20","2005",0,0,0,NA
"01","21","2005",8.8,1.5,8,NA
"01","22","2005",0,0,0,NA
"01","23","2005",0,0,2,NA
"01","24","2005",0,0,3,NA
"01","25","2005",1.1,0,0,NA
"01","26","2005",0,0,0,NA
"01","27","2005",0,0,0,NA
"01","28","2005",5.1,0,0,NA
"01","29","2005",0,2.2,6,NA
"01","30","2005",0,0,0,NA
"01","31","2005",11.6,0,0,NA
"02","01","2005",0,0,0,NA
"02","02","2005",3.7,0,0,NA
"02","03","2005",0,0,0,NA
"02","04","2005",0,0,0,NA
"02","05","2005",0,0,0,NA
"02","06","2005",0.5,0,21,NA
"02","07","2005",5,51,22,NA
"02","08","2005",65,182,70,NA
"02","09","2005",4.6,2.1,9,NA
"02","10","2005",2.2,12.6,50,NA
"02","11","2005",125,142.9,138,NA
"02","12","2005",7.5,27.1,7,NA
"02","13","2005",0,0,0,NA
"02","14","2005",0,0,0,NA
"02","15","2005",19.6,0,10,NA
"02","16","2005",0,0,0,NA
"02","17","2005",0,0,0,NA
"02","18","2005",0,0,0,NA
"02","19","2005",0.8,0,0,NA
"02","20","2005",0,0,0,NA
"02","21","2005",0,0,0,NA
"02","22","2005",1,0,0,NA
"02","23","2005",0,0,0,NA
"02","24","2005",0,0,0,NA
"02","25","2005",0,0,0,NA
"02","26","2005",0,23,10,NA
"02","27","2005",0,3.4,19,NA
"02","28","2005",2,1.4,0,NA
"03","01","2005",15,10,57,NA
"03","02","2005",3.2,0,16,NA
"03","03","2005",2.8,0,0,NA
"03","04","2005",4.5,0,0,NA
"03","05","2005",2.2,0,0,NA
"03","06","2005",20.9,0,49,NA
"03","07","2005",0,0,0,NA
"03","08","2005",0,0.2,29,NA
"03","09","2005",0,0,0,NA
"03","10","2005",0,0,0,NA
"03","11","2005",0,0,0,NA
"03","12","2005",0,0,0,NA
"03","13","2005",0,0,0,NA
"03","14","2005",0,0,0,NA
"03","15","2005",0,0,0,NA
"03","16","2005",0,0,0,NA
"03","17","2005",0,0,0,NA
"03","18","2005",0,0,0,NA
"03","19","2005",0,0,0,NA
"03","20","2005",0,0.6,0,NA
"03","21","2005",0,0,0,NA
"03","22","2005",0,0,0,NA
"03","23","2005",2.8,2.6,0,NA
"03","24","2005",0,0,0,NA
"03","25","2005",2.8,0,0,NA
"03","26","2005",0,0,0,NA
"03","27","2005",0,0,0,NA
"03","28","2005",2.3,0,0,NA
"03","29","2005",32.5,0,6,NA
"03","30","2005",1.3,0,0,NA
"03","31","2005",13,0.2,0,NA
"04","01","2005",0,0,0,NA
"04","02","2005",10,7.7,52,NA
"04","03","2005",1.9,0,0,NA
"04","04","2005",1.8,0,0,NA
"04","05","2005",1.8,9.7,2,NA
"04","06","2005",4.6,0.7,8,NA
"04","07","2005",7.1,0,0,NA
"04","08","2005",10.8,0,6,NA
"04","09","2005",15,3,18,NA
"04","10","2005",7.2,6.2,8,NA
"04","11","2005",1.8,0,23,NA
"04","12","2005",10.4,40,48,NA
"04","13","2005",0,0,0,NA
"04","14","2005",70,13.4,60,NA
"04","15","2005",0,0,0,NA
"04","16","2005",3.1,0,0,NA
"04","17","2005",0.3,0,0,NA
"04","18","2005",18.1,0,0,NA
"04","19","2005",1.9,9.8,5,NA
"04","20","2005",0,0.3,0,2.5
"04","21","2005",0,3.3,3,0.1
"04","22","2005",NA,0.9,0,NA
"04","23","2005",18.2,1.3,9,NA
"04","24","2005",3.8,4.7,0,3.3
"04","25","2005",1,0,0,NA
"04","26","2005",5.7,0,0,0.1
"04","27","2005",1,0,0,0.4
"04","28","2005",1.7,0,5,0.7
"04","29","2005",0.4,0.9,16,NA
"04","30","2005",12.5,0,24,NA
"05","01","2005",33.8,0,0,NA
"05","02","2005",0,32,14,60.3
"05","03","2005",0,0,0,1.7
"05","04","2005",60.6,0,3,0.2
"05","05","2005",2.7,10.3,29,43.2
"05","06","2005",4.6,2.6,10,23
"05","07","2005",20,0,5,2.9
"05","08","2005",11.7,2.6,0,NA
"05","09","2005",0.3,1.9,7,6.3
"05","10","2005",0,0,0,2
"05","11","2005",10.7,1.4,0,0
"05","12","2005",23.6,0,0,0
"05","13","2005",10,8.2,18,40
"05","14","2005",6.8,3.3,11,5.9
"05","15","2005",2,0.6,0,NA
"05","16","2005",2,2,14,NA
"05","17","2005",14.7,0,9,NA
"05","18","2005",25.1,31.8,21,NA
"05","19","2005",2.1,0,0,42.5
"05","20","2005",0,0,0,0.1
"05","21","2005",10.1,0,24,1.8
"05","22","2005",23,3.5,38,17.9
"05","23","2005",2.5,0,2,NA
"05","24","2005",2.3,5.1,0,NA
"05","25","2005",0,0,0,NA
"05","26","2005",12,0,11,NA
"05","27","2005",3.1,0,2,0.4
"05","28","2005",2.1,0,0,0
"05","29","2005",0,0,0,0
"05","30","2005",23,0,14,2.6
"05","31","2005",21,13.6,3,NA
"06","01","2005",1.5,0,1,1.9
"06","02","2005",45.3,0,8,30.2
"06","03","2005",0,0,0,0.3
"06","04","2005",48.4,4.5,25,9.1
"06","05","2005",20.6,0,22,3.7
"06","06","2005",19,11.5,22,9
"06","07","2005",0,0,0,0.9
"06","08","2005",0,10,0,NA
"06","09","2005",2.3,9.8,6,NA
"06","10","2005",27.8,2.2,16,3
"06","11","2005",10.9,1.3,23,16.2
"06","12","2005",3.1,0,0,0.1
"06","13","2005",0,0,0,0
"06","14","2005",0.5,0.7,2,0.8
"06","15","2005",0.4,0,0,NA
"06","16","2005",20.4,0,2,NA
"06","17","2005",0,0,0,2.2
"06","18","2005",1.8,11.7,1,0.9
"06","19","2005",2.4,0,0,0.3
"06","20","2005",0.3,0,0,0.8
"06","21","2005",45,0,0,0.8
"06","22","2005",4.9,0.6,5,0
"06","23","2005",0,0.6,0,NA
"06","24","2005",10.4,0.8,6,NA
"06","25","2005",5.6,5.8,3,NA
"06","26","2005",10.3,0,5,1.9
"06","27","2005",4.8,0,0,0
"06","28","2005",0,0,0,0
"06","29","2005",50,17.3,25,NA
"06","30","2005",1.9,0.8,2,NA
"07","01","2005",0,0,0,NA
"07","02","2005",0,0,0,NA
"07","03","2005",0,0,1,NA
"07","04","2005",6,0,0,NA
"07","05","2005",1,0,0,0.4
"07","06","2005",5.8,24.6,0,0.3
"07","07","2005",0,0,0,NA
"07","08","2005",5.8,5.3,2,NA
"07","09","2005",5.8,1.7,6,NA
"07","10","2005",7.2,4.4,2,1.6
"07","11","2005",11.4,0,1,4.9
"07","12","2005",12.3,0.2,5,11.9
"07","13","2005",0,0,2,0.2
"07","14","2005",5.8,0.3,3,9.9
"07","15","2005",3,0.7,1,6.9
"07","16","2005",0,0,0,NA
"07","17","2005",6.1,1.8,0,0.1
"07","18","2005",7.5,1.9,6,1.8
"07","19","2005",2.9,0.1,3,14.5
"07","20","2005",0.9,0,0,NA
"07","21","2005",19.5,17.7,14,NA
"07","22","2005",0,0,0,0.1
"07","23","2005",11.7,0,0,NA
"07","24","2005",0.1,0,0,NA
"07","25","2005",0,0,0,3.5
"07","26","2005",0,0,0,NA
"07","27","2005",12.7,0.4,0,0.2
"07","28","2005",0,0,3,NA
"07","29","2005",0,0,0,NA
"07","30","2005",0,0.4,0,0.1
"07","31","2005",0,0,0,NA
"08","01","2005",0,0,2,NA
"08","02","2005",9.5,0.9,1,NA
"08","03","2005",3.4,0,0,NA
"08","04","2005",11.2,1.8,5,NA
"08","05","2005",4.6,0.3,5,0.2
"08","06","2005",0,0,2,NA
"08","07","2005",2.4,0,10,NA
"08","08","2005",16.1,0,60,NA
"08","09","2005",0,0,4,0.1
"08","10","2005",47.7,0,2,NA
"08","11","2005",5,3.2,2,NA
"08","12","2005",6.1,0,0,0.4
"08","13","2005",0.2,0.7,0,0
"08","14","2005",6.8,0,0,5.4
"08","15","2005",19.6,2.2,4,3.1
"08","16","2005",6.3,0.8,8,NA
"08","17","2005",12.6,0,0,NA
"08","18","2005",1.9,0,0,NA
"08","19","2005",2,0,10,NA
"08","20","2005",4,4.7,6,NA
"08","21","2005",0.3,0.8,3,6.9
"08","22","2005",0,0.2,34,14.8
"08","23","2005",2.9,0,0,NA
"08","24","2005",4.4,1.4,6,NA
"08","25","2005",2.2,7.8,1,NA
"08","26","2005",1.4,1.2,3,0
"08","27","2005",6.5,10.5,8,0
"08","28","2005",1,0,2,0.3
"08","29","2005",0.9,0.1,0,NA
"08","30","2005",5.8,0.3,0,0
"08","31","2005",0.5,0,0,NA
"09","01","2005",6.4,0,6,4
"09","02","2005",6.4,0.7,0,0.7
"09","03","2005",4.4,0,5,4.6
"09","04","2005",0,0,0,NA
"09","05","2005",8.7,1.1,2,3.2
"09","06","2005",13.8,13.8,1,NA
"09","07","2005",32.1,28.2,16,NA
"09","08","2005",1.5,0,0,NA
"09","09","2005",8.6,0.4,3,13.5
"09","10","2005",0,0,0,0.1
"09","11","2005",1.1,23,1,10.2
"09","12","2005",2,0.1,0,NA
"09","13","2005",0.5,0,0,NA
"09","14","2005",3.6,6.6,0,NA
"09","15","2005",2.3,0,0,NA
"09","16","2005",0,3.3,0,NA
"09","17","2005",3,0,0,NA
"09","18","2005",40,0.4,2,NA
"09","19","2005",0,0.3,0,NA
"09","20","2005",15,0.6,0,NA
"09","21","2005",3.2,0,1,NA
"09","22","2005",0.8,0,0,NA
"09","23","2005",7,2.6,17,NA
"09","24","2005",31.3,0,8,0.5
"09","25","2005",10.1,10,17,2.3
"09","26","2005",16,0.3,2,9.3
"09","27","2005",17.5,20,24,23.6
"09","28","2005",4.1,1,8,NA
"09","29","2005",0,0,0,NA
"09","30","2005",20.7,0,0,NA
"10","01","2005",1,0.7,0,NA
"10","02","2005",0,0,0,NA
"10","03","2005",91.6,5.1,49,NA
"10","04","2005",0,0,0,21.4
"10","05","2005",9.6,0,0,NA
"10","06","2005",5,0.9,1,4
"10","07","2005",5.6,0.2,2,NA
"10","08","2005",4,65,14,NA
"10","09","2005",4.7,0.4,2,NA
"10","10","2005",50,16.7,11,NA
"10","11","2005",0,0,0,31
"10","12","2005",0,0,0,NA
"10","13","2005",42,0,12,0
"10","14","2005",0,1.7,0,0
"10","15","2005",0,1,0,31.8
"10","16","2005",0,0,0,NA
"10","17","2005",9.5,7.5,9,15.8
"10","18","2005",6.8,1,0,0.7
"10","19","2005",0,0,0,NA
"10","20","2005",10,0,8,NA
"10","21","2005",10.2,52,9,NA
"10","22","2005",10,3.5,4,NA
"10","23","2005",1.4,0,13,14.4
"10","24","2005",9,2.1,7,NA
"10","25","2005",0,0.6,7,1.2
"10","26","2005",0,0,0,2.3
"10","27","2005",0,13.3,47,0
"10","28","2005",40,6.5,24,NA
"10","29","2005",20,34.8,92,18.4
"10","30","2005",0,0,0,NA
"10","31","2005",7.3,2.6,0,NA
"11","01","2005",20.5,0,7,NA
"11","02","2005",10.4,1.3,0,NA
"11","03","2005",10.9,3.5,8,7.8
"11","04","2005",0,0,8,1.6
"11","05","2005",0,0,0,0
"11","06","2005",2.1,0.3,3,NA
"11","07","2005",20,0,0,0
"11","08","2005",0,0.3,3,NA
"11","09","2005",1,0,0,NA
"11","10","2005",10,1.2,11,6
"11","11","2005",10,0,7,NA
"11","12","2005",40,0.3,63,2.3
"11","13","2005",0,54.6,0,NA
"11","14","2005",9,0.5,43,0.3
"11","15","2005",38.5,5.9,44,NA
"11","16","2005",0.1,0,0,NA
"11","17","2005",0,0,4,0
"11","18","2005",10.6,21.5,2,0.9
"11","19","2005",27.7,5.9,0,0.5
"11","20","2005",0,1.5,2,NA
"11","21","2005",0,0.3,1,0.4
"11","22","2005",39.5,2.7,35,51.3
"11","23","2005",43.5,37,34,NA
"11","24","2005",9.8,0,20,NA
"11","25","2005",0.2,0.3,0,0.1
"11","26","2005",0,0,0,0.2
"11","27","2005",0,0,0,0.1
"11","28","2005",0,0,0,0.1
"11","29","2005",0,0,0,0.1
"11","30","2005",0,0,0,NA
"12","01","2005",0,0,8,NA
"12","02","2005",0,0,0,NA
"12","03","2005",0,0,0,0
"12","04","2005",2.7,13,0,0
"12","05","2005",18.3,0,57,7.3
"12","06","2005",0.3,3.8,0,NA
"12","07","2005",0.5,0,0,0
"12","08","2005",16,0,0,7.3
"12","09","2005",0,0,0,NA
"12","10","2005",0,0,0,0
"12","11","2005",2.7,0,0,0.1
"12","12","2005",1.4,2.3,0,NA
"12","13","2005",0,0,1,NA
"12","14","2005",37,0,21,NA
"12","15","2005",0,0,0,0.5
"12","16","2005",0,0,0,NA
"12","17","2005",0,0,0,NA
"12","18","2005",20,0.7,0,NA
"12","19","2005",0,5.8,4,NA
"12","20","2005",3.8,0,0,NA
"12","21","2005",3.8,0,24,2
"12","22","2005",0,1.9,1,18.7
"12","23","2005",0,0,1,8.9
"12","24","2005",0.6,0,0,NA
"12","25","2005",3.4,0,8,2.3
"12","26","2005",1.6,0,1,NA
"12","27","2005",0,0,0,NA
"12","28","2005",0,0,0,NA
"12","29","2005",0,0,0,0.1
"12","30","2005",0,0,0,NA
"12","31","2005",0,0,0,0
"01","01","2006",0,0,0,NA
"01","02","2006",0,0.2,0,NA
"01","03","2006",0,0.1,7,NA
"01","04","2006",46.7,6.7,63,NA
"01","05","2006",25.5,14.5,32,NA
"01","06","2006",5.5,9,9,NA
"01","07","2006",0,0,0,NA
"01","08","2006",0,0,0,NA
"01","09","2006",0,0,0,NA
"01","10","2006",0,0,0,NA
"01","11","2006",0,0,0,NA
"01","12","2006",0,0,0,0
"01","13","2006",0,0,0,NA
"01","14","2006",0,0,10,NA
"01","15","2006",0,0,16,NA
"01","16","2006",0,0,0,NA
"01","17","2006",1,0,2,NA
"01","18","2006",0,0,0,NA
"01","19","2006",0,0,0,NA
"01","20","2006",0,0,0,NA
"01","21","2006",0,0,0,NA
"01","22","2006",0,0,0,0
"01","23","2006",0,0,2,0
"01","24","2006",2.7,0,3,0.9
"01","25","2006",0,0,0,NA
"01","26","2006",0,0,3,NA
"01","27","2006",0.7,1.1,0,NA
"01","28","2006",2.2,0.5,1,NA
"01","29","2006",0,0,0,NA
"01","30","2006",0,0,0,NA
"01","31","2006",7.3,0.1,1,NA
"02","01","2006",1.9,0,2,NA
"02","02","2006",9.8,0,3,NA
"02","03","2006",16.2,0.1,44,NA
"02","04","2006",0.5,0,0,NA
"02","05","2006",9.2,0,17,NA
"02","06","2006",0,0,0,NA
"02","07","2006",0,2.2,3,NA
"02","08","2006",0,0,0,NA
"02","09","2006",0,0.2,0,NA
"02","10","2006",0,0,0,NA
"02","11","2006",0,1.1,0,NA
"02","12","2006",9.5,0,9,NA
"02","13","2006",0,0,0,NA
"02","14","2006",0,0,0,NA
"02","15","2006",0,0,0,NA
"02","16","2006",0,0,0,NA
"02","17","2006",0,0,0,NA
"02","18","2006",0,0,0,NA
"02","19","2006",0,0,0,NA
"02","20","2006",0,0,0,NA
"02","21","2006",0,0,0,NA
"02","22","2006",0,0,0,0
"02","23","2006",0,0,0,NA
"02","24","2006",0,0,0,NA
"02","25","2006",0,0,0,NA
"02","26","2006",2.6,66.8,79,NA
"02","27","2006",1.2,0,3,NA
"02","28","2006",0,0,0,NA
"03","01","2006",0,0,4,NA
"03","02","2006",0,21.7,0,NA
"03","03","2006",5.4,3.8,0,NA
"03","04","2006",1.3,0,4,NA
"03","05","2006",0.4,0,2,NA
"03","06","2006",51.9,13.2,31,NA
"03","07","2006",2.3,1.1,8,NA
"03","08","2006",2.3,0,6,NA
"03","09","2006",24.6,9.7,36,NA
"03","10","2006",2.1,0,0,NA
"03","11","2006",8.3,2.5,45,NA
"03","12","2006",0,13.1,0,NA
"03","13","2006",7.1,0,39,NA
"03","14","2006",0,35.1,5,NA
"03","15","2006",2.1,0,0,NA
"03","16","2006",2.1,0.2,2,NA
"03","17","2006",5.2,0.2,0,NA
"03","18","2006",0,0,0,NA
"03","19","2006",0,0.5,3,NA
"03","20","2006",0,0,0,NA
"03","21","2006",21.6,0,4,NA
"03","22","2006",24.4,6.6,4,NA
"03","23","2006",1.1,0,1,NA
"03","24","2006",10.8,6.6,32,NA
"03","25","2006",36.5,2.1,11,NA
"03","26","2006",0.9,0.5,0,NA
"03","27","2006",6.7,0,0,NA
"03","28","2006",7.2,0,0,NA
"03","29","2006",0,0,0,NA
"03","30","2006",0,15.8,4,NA
"03","31","2006",0,0,0,NA
"04","01","2006",0,0,3,NA
"04","02","2006",29.4,0,0,NA
"04","03","2006",30.7,0,18,NA
"04","04","2006",17.5,6.8,10,96.1
"04","05","2006",12.6,6.8,3,6.8
"04","06","2006",2.4,0,0,NA
"04","07","2006",2.6,0,0,0
"04","08","2006",8.9,0,0,0
"04","09","2006",24.5,3.9,24,14.4
"04","10","2006",0,0,2,0
"04","11","2006",0.9,0,0,NA
"04","12","2006",39.1,2.3,17,8.5
"04","13","2006",36.7,24.2,29,NA
"04","14","2006",7.4,0,8,38
"04","15","2006",0,0,0,0
"04","16","2006",1.1,0.1,0,0.6
"04","17","2006",13.9,0.5,17,1.8
"04","18","2006",4.4,2.5,7,5.4
"04","19","2006",0,0,1,0.1
"04","20","2006",0.1,0,0,0.7
"04","21","2006",0,0,0,NA
"04","22","2006",0,0.3,0,0
"04","23","2006",3.5,0.3,21,3.5
"04","24","2006",3.9,0,4,0.3
"04","25","2006",16.8,0,3,0.6
"04","26","2006",4.2,0,3,7.6
"04","27","2006",0,0,17,2.3
"04","28","2006",1.9,0,2,8.5
"04","29","2006",59.5,0,7,NA
"04","30","2006",1.9,0,2,NA
"05","01","2006",7.8,0.3,0,0.4
"05","02","2006",12.6,0,4,3.6
"05","03","2006",3.1,1.8,4,0
"05","04","2006",0,10.2,0,NA
"05","05","2006",0,31.3,8,0.8
"05","06","2006",36.9,2.6,41,NA
"05","07","2006",28.8,6.7,23,NA
"05","08","2006",0,0,0,NA
"05","09","2006",10.4,5.8,9,3.9
"05","10","2006",0.5,6.4,11,9.9
"05","11","2006",11.1,16.4,8,34.2
"05","12","2006",1.8,0,0,1.7
"05","13","2006",12.6,14.8,9,NA
"05","14","2006",0,0,0,NA
"05","15","2006",0,0.5,0,3.4
"05","16","2006",12.7,5.5,9,10.6
"05","17","2006",19.9,9.4,9,13.9
"05","18","2006",0,0,0,1.4
"05","19","2006",0,0,1,0.1
"05","20","2006",12.7,0,4,NA
"05","21","2006",0,0,0,0
"05","22","2006",0,0,0,NA
"05","23","2006",0,0,0,0
"05","24","2006",5.9,0,0,NA
"05","25","2006",22.2,0,0,3.4
"05","26","2006",1.1,0,0,0
"05","27","2006",0.9,0.6,0,0
"05","28","2006",7.6,13,0,0.8
"05","29","2006",0,0,3,5.2
"05","30","2006",0,0,0,NA
"05","31","2006",0,1.2,12,24.2
"06","01","2006",1.4,5.9,5,5.6
"06","02","2006",1.3,3.8,6,2.1
"06","03","2006",0,0,0,13.9
"06","04","2006",18.6,50,20,7
"06","05","2006",0,2.4,0,NA
"06","06","2006",6.1,1.1,7,NA
"06","07","2006",21.7,20.5,33,7
"06","08","2006",32.4,3.3,0,27.4
"06","09","2006",9.2,30.2,24,1.3
"06","10","2006",2.7,2.8,4,8.8
"06","11","2006",9.8,0,2,2.1
"06","12","2006",0,0,0,2.7
"06","13","2006",53.9,7.8,13,9.4
"06","14","2006",0.6,4.1,2,NA
"06","15","2006",10.5,0.4,2,8.7
"06","16","2006",0,0,0,0
"06","17","2006",0.5,6.3,1,0
"06","18","2006",5.7,3.6,2,1.5
"06","19","2006",3.1,0,0,0.2
"06","20","2006",2.5,0.4,0,0
"06","21","2006",3.2,2.4,5,4.4
"06","22","2006",0,0,0,NA
"06","23","2006",16.5,2.1,9,NA
"06","24","2006",0,4,0,0.6
"06","25","2006",33.2,0,0,0.7
"06","26","2006",14.6,0.7,0,2.6
"06","27","2006",11.6,0,5,34.6
"06","28","2006",0,0,0,NA
"06","29","2006",0,0,0,NA
"06","30","2006",0,0,0,NA
"07","01","2006",0,0,0,NA
"07","02","2006",0,0,14,NA
"07","03","2006",2.4,0,0,NA
"07","04","2006",33.5,3.7,3,NA
"07","05","2006",1.9,0,0,NA
"07","06","2006",0,0,0,NA
"07","07","2006",56.2,0.3,0,NA
"07","08","2006",0,0,0,NA
"07","09","2006",0,0,0,NA
"07","10","2006",0,0,1,NA
"07","11","2006",0.9,0,0,NA
"07","12","2006",4.3,2,5,18.3
"07","13","2006",0,0,6,NA
"07","14","2006",42.6,34.6,11,NA
"07","15","2006",3.6,3.4,10,NA
"07","16","2006",0,2.8,0,NA
"07","17","2006",8.7,1.5,2,NA
"07","18","2006",12.2,1.6,12,NA
"07","19","2006",5.8,0.3,15,1
"07","20","2006",3.5,0,0,0.4
"07","21","2006",0,0,0,0
"07","22","2006",0,0,0,NA
"07","23","2006",0,0,0,NA
"07","24","2006",1.6,0,0,NA
"07","25","2006",0,0,0,0
"07","26","2006",43.7,9.6,80,NA
"07","27","2006",31.2,0,7,NA
"07","28","2006",19.4,2.8,19,NA
"07","29","2006",0,2,0,NA
"07","30","2006",26.6,0.9,0,NA
"07","31","2006",0,0,0,0.1
"08","01","2006",11.7,9.2,14,NA
"08","02","2006",0,0,0,0.1
"08","03","2006",0,0.3,0,0
"08","04","2006",56.3,6.6,0,4.5
"08","05","2006",0,0.4,0,0
"08","06","2006",16.9,0,0,0
"08","07","2006",0,0,0,NA
"08","08","2006",0,0,1,3.5
"08","09","2006",9.4,4.1,2,0.5
"08","10","2006",0,0,0,0
"08","11","2006",8.7,1.5,17,9.3
"08","12","2006",0,0,0,0
"08","13","2006",0,0,0,0
"08","14","2006",0,0,2,NA
"08","15","2006",0,0,0,NA
"08","16","2006",3.6,3.1,1,NA
"08","17","2006",1.3,2.8,1,NA
"08","18","2006",0.9,1.8,5,2.8
"08","19","2006",22.4,3.1,2,6.3
"08","20","2006",2.7,3.5,3,2.5
"08","21","2006",0.4,0,0,0
"08","22","2006",2.3,0,0,NA
"08","23","2006",8.7,10.2,66,NA
"08","24","2006",3.1,3.6,3,1
"08","25","2006",12.6,41,11,6.4
"08","26","2006",5.3,2.4,0,8.2
"08","27","2006",0.6,1.3,0,0.1
"08","28","2006",9.2,1.1,2,1.6
"08","29","2006",18.7,0,0,0.6
"08","30","2006",11.2,1.2,3,NA
"08","31","2006",0.6,0,0,NA
"09","01","2006",5.8,1,0,0.9
"09","02","2006",0,0,0,0.8
"09","03","2006",0,0,0,0.1
"09","04","2006",24.8,1.2,26,9.6
"09","05","2006",9.6,7.9,7,NA
"09","06","2006",12.7,NA,0,NA
"09","07","2006",0,12.8,15,NA
"09","08","2006",5,0,39,2.4
"09","09","2006",1,0,0,0.5
"09","10","2006",0.6,0,0,2.1
"09","11","2006",4.8,0.7,5,0
"09","12","2006",0.4,2.1,4,0.8
"09","13","2006",17.8,0,2,4
"09","14","2006",1.6,4.5,1,NA
"09","15","2006",1.4,0,0,NA
"09","16","2006",0,0,0,NA
"09","17","2006",24.1,3.9,19,14.3
"09","18","2006",27.2,24.5,18,45.5
"09","19","2006",2.6,0,0,4
"09","20","2006",1.9,0,0,0
"09","21","2006",0.4,0,0,4
"09","22","2006",0,0,0,NA
"09","23","2006",1.3,0,0,0
"09","24","2006",2.5,1.8,3,0.9
"09","25","2006",3.9,1.8,7,NA
"09","26","2006",0,0,0,NA
"09","27","2006",0.6,0,0,NA
"09","28","2006",0.8,0.3,0,NA
"09","29","2006",31.5,0,11,NA
"09","30","2006",0.4,0,0,NA
"10","01","2006",0.7,0,3,0.1
"10","02","2006",0,0,0,3.6
"10","03","2006",11.5,10,7,4.4
"10","04","2006",1.5,0.5,0,3.3
"10","05","2006",0,0,0,0
"10","06","2006",10.2,5.5,0,NA
"10","07","2006",0,0,0,NA
"10","08","2006",0,0,0,NA
"10","09","2006",3.3,0.3,10,8
"10","10","2006",9.9,2.7,5,0.1
"10","11","2006",6.5,1.1,0,NA
"10","12","2006",33.8,49.6,109,NA
"10","13","2006",13.6,15.7,19,NA
"10","14","2006",1,9.2,41,NA
"10","15","2006",13.4,6,10,NA
"10","16","2006",43.2,13.1,70,2
"10","17","2006",0,13.9,2,NA
"10","18","2006",0,2.1,3,5.3
"10","19","2006",10.6,3.5,23,NA
"10","20","2006",2.1,0,2,17
"10","21","2006",25.8,4.6,47,9.9
"10","22","2006",0,0,5,44.5
"10","23","2006",2.1,1.1,6,NA
"10","24","2006",0.6,0,0,NA
"10","25","2006",0,0.6,1,NA
"10","26","2006",3.5,0,3,15.9
"10","27","2006",3.5,0,0,NA
"10","28","2006",1.2,0,0,0.3
"10","29","2006",3.8,10.8,19,1.2
"10","30","2006",4.6,19.5,8,NA
"10","31","2006",2.1,0,0,NA
"11","01","2006",1.6,0,13,7.7
"11","02","2006",0,0,0,0.1
"11","03","2006",0,0,0,0
"11","04","2006",0,0,0,0
"11","05","2006",12.1,2,0,NA
"11","06","2006",2.4,25,9,0.8
"11","07","2006",1.3,0.5,0,NA
"11","08","2006",0,0.4,3,0.5
"11","09","2006",3.4,0,4,3.5
"11","10","2006",42.8,0,0,0.4
"11","11","2006",12.3,0,0,2.2
"11","12","2006",1.6,0,0,2.6
"11","13","2006",12.1,8.6,17,NA
"11","14","2006",13.2,2,3,NA
"11","15","2006",0.7,0,6,NA
"11","16","2006",6.5,0,11,2.8
"11","17","2006",2.5,0,0,NA
"11","18","2006",37.6,5.8,3,NA
"11","19","2006",0.7,1.5,0,NA
"11","20","2006",0.5,0,3,NA
"11","21","2006",0,0,3,NA
"11","22","2006",0,0,0,NA
"11","23","2006",0,1.6,0,NA
"11","24","2006",30.2,8.6,0,NA
"11","25","2006",10.2,0,1,NA
"11","26","2006",0,0,0,1.4
"11","27","2006",3.1,2.8,0,NA
"11","28","2006",1.5,0,0,NA
"11","29","2006",8.8,0.4,5,5.1
"11","30","2006",0,0,0,NA
"12","01","2006",0,0,0,0
"12","02","2006",6.5,0,12,NA
"12","03","2006",0,0,1,9.8
"12","04","2006",8.4,2.3,0,0.6
"12","05","2006",8.7,0,0,6.4
"12","06","2006",7.5,5.6,4,NA
"12","07","2006",0,0,4,NA
"12","08","2006",8.2,0,1,NA
"12","09","2006",0,0,0,NA
"12","10","2006",13.6,0,0,0
"12","11","2006",9.6,11.2,6,0
"12","12","2006",13.5,0,15,14.8
"12","13","2006",13.5,0,5,NA
"12","14","2006",48.2,0,3,NA
"12","15","2006",0,0,0,NA
"12","16","2006",0,0,0,NA
"12","17","2006",0,0,0,NA
"12","18","2006",0.3,0,0,0
"12","19","2006",0.2,0,0,0
"12","20","2006",28.6,0,0,NA
"12","21","2006",0,0,0,NA
"12","22","2006",0,0,0,NA
"12","23","2006",0,0,0,NA
"12","24","2006",0,0,0,0.1
"12","25","2006",4.5,0,0,NA
"12","26","2006",12.5,0,8,NA
"12","27","2006",0,0,0,NA
"12","28","2006",0,0,0,0
"12","29","2006",0,0,0,0
"12","30","2006",0,0,0,0
"12","31","2006",0,0,0,NA
"01","01","2007",0.1,0,0,0
"01","02","2007",0,0,0,NA
"01","03","2007",5.6,0,0,0
"01","04","2007",0,0,0,NA
"01","05","2007",0,0,0,0
"01","06","2007",0,0,0,0
"01","07","2007",0,0,0,NA
"01","08","2007",0,0,0,NA
"01","09","2007",0,0,0,NA
"01","10","2007",0,0,0,0
"01","11","2007",6.5,12,4,0
"01","12","2007",2.2,0,7,2.2
"01","13","2007",0,0,0,0
"01","14","2007",1.4,0,40,0.2
"01","15","2007",0.6,0,2,NA
"01","16","2007",0,0,0,NA
"01","17","2007",0,0,0,NA
"01","18","2007",0,0.2,0,0
"01","19","2007",0,0,0,0
"01","20","2007",2.2,0.6,0,0.7
"01","21","2007",0,0,2,0
"01","22","2007",0,0,0,NA
"01","23","2007",0,0,0,NA
"01","24","2007",0,0,0,0
"01","25","2007",2.1,2.7,34,2.8
"01","26","2007",0,4.3,5,16.2
"01","27","2007",0,0,0,0
"01","28","2007",0,0,0,0
"01","29","2007",1.5,0.1,0,NA
"01","30","2007",0,0,2,0
"01","31","2007",0,0,0,NA
"02","01","2007",0,0,0,0
"02","02","2007",0,0,0,NA
"02","03","2007",0,0,0,0
"02","04","2007",0,0,0,0
"02","05","2007",0,0,0,0
"02","06","2007",2.5,0,4,0
"02","07","2007",0,0,0,NA
"02","08","2007",0,0,0,NA
"02","09","2007",0.2,0,3,0
"02","10","2007",0,0,9,NA
"02","11","2007",0,0,0,NA
"02","12","2007",0,0,0,0
"02","13","2007",3.5,0,0,0
"02","14","2007",0.2,28,63,0.4
"02","15","2007",0,0,1,NA
"02","16","2007",5,14.8,20,NA
"02","17","2007",16.5,0,0,NA
"02","18","2007",0,6.7,2,NA
"02","19","2007",0,0,0,0.9
"02","20","2007",0,0,0,NA
"02","21","2007",0,0,0,0
"02","22","2007",0,0,0,NA
"02","23","2007",0,0,0,NA
"02","24","2007",0,0,0,NA
"02","25","2007",2.5,0,0,0
"02","26","2007",0,0,0,0
"02","27","2007",0,0,0,0
"02","28","2007",0,0,0,NA
"03","01","2007",0,0,0,0
"03","02","2007",0,0,0,NA
"03","03","2007",0,0,0,NA
"03","04","2007",27.5,7.8,0,0
"03","05","2007",0.5,0,0,5.1
"03","06","2007",11.5,5.7,71,5.7
"03","07","2007",0,0,0,NA
"03","08","2007",8.4,2,9,NA
"03","09","2007",0.5,0,2,NA
"03","10","2007",0.5,0,0,NA
"03","11","2007",0,0,0,NA
"03","12","2007",0,0,0,NA
"03","13","2007",0.7,0.5,0,NA
"03","14","2007",0,0,0,NA
"03","15","2007",0,27,3,NA
"03","16","2007",0,0,0,NA
"03","17","2007",14,0,0,NA
"03","18","2007",0,0.1,9,NA
"03","19","2007",0,0,0,NA
"03","20","2007",0.2,0,42,NA
"03","21","2007",0.1,0,0,NA
"03","22","2007",2.5,0.3,4,NA
"03","23","2007",0,0,7,NA
"03","24","2007",12.5,1.4,5,46.1
"03","25","2007",0.5,0.5,21,NA
"03","26","2007",4.7,1.7,1,NA
"03","27","2007",3.5,0.5,0,NA
"03","28","2007",6,21.7,2,NA
"03","29","2007",0.5,4.5,2,NA
"03","30","2007",17.9,0,22,0
"03","31","2007",3.8,0.7,6,6.2
"04","01","2007",0,0,0,0.5
"04","02","2007",4.8,24.6,2,NA
"04","03","2007",31.5,12.5,5,NA
"04","04","2007",0.5,1.3,0,0.9
"04","05","2007",12.6,7.5,5,NA
"04","06","2007",0,0,7,NA
"04","07","2007",7.2,8.2,2,9
"04","08","2007",1.7,0,15,4.1
"04","09","2007",0,0,13,NA
"04","10","2007",0,0,3,NA
"04","11","2007",0,0,0,NA
"04","12","2007",0.2,0,0,NA
"04","13","2007",0,0,0,NA
"04","14","2007",0,4.3,0,2.9
"04","15","2007",0,0,0,NA
"04","16","2007",26.9,0,10,NA
"04","17","2007",2.6,0,0,NA
"04","18","2007",11.1,9.2,7,NA
"04","19","2007",8.6,0,3,NA
"04","20","2007",35.7,5,83,NA
"04","21","2007",9,2.8,36,NA
"04","22","2007",0,0,3,NA
"04","23","2007",1.6,0,3,0.1
"04","24","2007",6.2,0,0,4.8
"04","25","2007",17.9,0.5,4,NA
"04","26","2007",0.7,0,2,NA
"04","27","2007",0.9,0,0,NA
"04","28","2007",14,0,9,NA
"04","29","2007",0,0,0,0.7
"04","30","2007",8.1,0,2,NA
"05","01","2007",0,0,0,NA
"05","02","2007",1.5,8.6,9,NA
"05","03","2007",9.6,2.7,3,NA
"05","04","2007",0,2.7,4,3.9
"05","05","2007",25,0,0,NA
"05","06","2007",30,0,0,NA
"05","07","2007",5.4,6,5,NA
"05","08","2007",1.6,2.7,2,NA
"05","09","2007",0,0,0,NA
"05","10","2007",0,1.3,6,NA
"05","11","2007",13.1,0,0,NA
"05","12","2007",51.5,16.7,22,NA
"05","13","2007",7.9,0,0,NA
"05","14","2007",10.2,0,0,0.2
"05","15","2007",2.4,0,0,1.2
"05","16","2007",1,0,19,0.1
"05","17","2007",18.6,0,0,0.3
"05","18","2007",5.6,1.6,3,NA
"05","19","2007",11,10.7,0,NA
"05","20","2007",6.5,13,9,NA
"05","21","2007",0.3,2.3,20,14.9
"05","22","2007",0,7.3,2,6.7
"05","23","2007",NA,15.7,0,NA
"05","24","2007",25.2,1.5,0,7
"05","25","2007",31.5,18,23,NA
"05","26","2007",7.1,0,18,NA
"05","27","2007",32.6,0,6,NA
"05","28","2007",9.4,4.6,3,NA
"05","29","2007",0,0.3,0,NA
"05","30","2007",27.6,0,55,6.5
"05","31","2007",4.2,2.5,6,11.7
"06","01","2007",1.8,0,2,4
"06","02","2007",12.2,4.8,3,NA
"06","03","2007",2.2,4.8,6,NA
"06","04","2007",1,0,0,NA
"06","05","2007",15.4,0,4,NA
"06","06","2007",10.9,0,3,NA
"06","07","2007",7,0,0,NA
"06","08","2007",18.3,1.4,21,7.8
"06","09","2007",25.7,0,0,3.7
"06","10","2007",6.3,1.5,0,NA
"06","11","2007",0,0,0,NA
"06","12","2007",3.6,0,0,0
"06","13","2007",22,1.5,0,0.2
"06","14","2007",5.6,0,9,NA
"06","15","2007",2.7,0,0,NA
"06","16","2007",0,0,0,NA
"06","17","2007",2.6,0,0,NA
"06","18","2007",0.3,0,2,NA
"06","19","2007",5.3,0,0,NA
"06","20","2007",0,0,0,NA
"06","21","2007",0,0,0,NA
"06","22","2007",1.5,0,0,NA
"06","23","2007",0,82.7,0,NA
"06","24","2007",0,0,0,NA
"06","25","2007",2.5,0,0,NA
"06","26","2007",4.4,0,0,NA
"06","27","2007",0,0,0,NA
"06","28","2007",3.3,3,9,NA
"06","29","2007",3,1.9,15,NA
"06","30","2007",4,0,0,NA
"07","01","2007",2,0,3,NA
"07","02","2007",6.8,0,0,NA
"07","03","2007",1.2,0,2,NA
"07","04","2007",0,0,5,NA
"07","05","2007",29.7,5.2,14,NA
"07","06","2007",0,0,2,NA
"07","07","2007",1,0,9,NA
"07","08","2007",3,0,4,NA
"07","09","2007",1.6,0,0,NA
"07","10","2007",7.4,6.2,13,NA
"07","11","2007",2.2,1.1,0,NA
"07","12","2007",0,0,6,NA
"07","13","2007",49.5,1.2,0,NA
"07","14","2007",0,0,0,NA
"07","15","2007",5.2,0,0,NA
"07","16","2007",8.3,0,0,NA
"07","17","2007",0,0,0,NA
"07","18","2007",0,0,0,NA
"07","19","2007",40.2,0,3,NA
"07","20","2007",2.1,2.8,0,NA
"07","21","2007",13,0,2,NA
"07","22","2007",4.5,0,3,NA
"07","23","2007",18,1.5,2,NA
"07","24","2007",0,0,0,NA
"07","25","2007",6.3,0,0,NA
"07","26","2007",5.4,0,14,NA
"07","27","2007",0,0,0,NA
"07","28","2007",0,0,0,NA
"07","29","2007",17.8,3.5,0,NA
"07","30","2007",7.6,0,0,NA
"07","31","2007",5,0,2,NA
"08","01","2007",9.8,1.9,0,NA
"08","02","2007",6,0,3,NA
"08","03","2007",2.6,0,2,NA
"08","04","2007",4.6,0,14,NA
"08","05","2007",7.5,3.9,3,NA
"08","06","2007",1.8,1,18,NA
"08","07","2007",0,0,0,NA
"08","08","2007",4.5,4.5,0,NA
"08","09","2007",9.3,0,0,NA
"08","10","2007",10,0,4,NA
"08","11","2007",13.5,0,0,NA
"08","12","2007",6.1,9,0,NA
"08","13","2007",4.1,1.3,11,NA
"08","14","2007",2.6,0,2,NA
"08","15","2007",7.2,8.5,0,NA
"08","16","2007",0,0,0,NA
"08","17","2007",6.9,6,3,NA
"08","18","2007",14,0,3,NA
"08","19","2007",6.4,4.7,0,NA
"08","20","2007",NA,4.7,16,NA
"08","21","2007",22.4,1.7,39,NA
"08","22","2007",0,0,0,NA
"08","23","2007",1.6,9,13,NA
"08","24","2007",16,0.5,10,NA
"08","25","2007",25.7,11.1,6,NA
"08","26","2007",25.4,20.8,3,NA
"08","27","2007",0,0,0,NA
"08","28","2007",0,0,0,NA
"08","29","2007",10,2.7,10,NA
"08","30","2007",8.5,11.5,4,NA
"08","31","2007",13,7.9,4,NA
"09","01","2007",0,9,2,NA
"09","02","2007",12.7,0.4,55,NA
"09","03","2007",1.6,0.2,0,NA
"09","04","2007",9.9,14,28,NA
"09","05","2007",10,0,0,NA
"09","06","2007",8.6,1.4,0,NA
"09","07","2007",4.5,0,3,NA
"09","08","2007",7.3,1.8,2,NA
"09","09","2007",0,0.3,0,NA
"09","10","2007",2.5,0,20,NA
"09","11","2007",5.5,0,2,NA
"09","12","2007",4.2,0,0,NA
"09","13","2007",47.7,0.5,13,NA
"09","14","2007",20,0,10,NA
"09","15","2007",20,63.5,62,NA
"09","16","2007",12.7,0,15,NA
"09","17","2007",0,0,4,NA
"09","18","2007",0,0,0,NA
"09","19","2007",35,1.7,13,NA
"09","20","2007",12.7,0.9,0,NA
"09","21","2007",0,0,0,NA
"09","22","2007",6.5,0.4,2,NA
"09","23","2007",3.1,0.1,0,NA
"09","24","2007",12.6,0.1,0,NA
"09","25","2007",8.8,1.4,2,NA
"09","26","2007",2,0.3,0,NA
"09","27","2007",41.5,4.9,2,NA
"09","28","2007",0,0,0,NA
"09","29","2007",16.6,0,69,NA
"09","30","2007",5,0.6,0,NA
"10","01","2007",4.4,4,2,NA
"10","02","2007",0,0,0,NA
"10","03","2007",0,0,0,NA
"10","04","2007",3.7,1.5,21,NA
"10","05","2007",0,1.4,0,NA
"10","06","2007",1.4,6.2,2,NA
"10","07","2007",0,0,0,NA
"10","08","2007",13,0,35,NA
"10","09","2007",7.5,8.2,13,NA
"10","10","2007",2.3,4.3,0,NA
"10","11","2007",65.7,6.7,20,NA
"10","12","2007",16.2,4.4,28,NA
"10","13","2007",4.4,0.7,2,NA
"10","14","2007",0,0,0,NA
"10","15","2007",0,0,0,NA
"10","16","2007",3.5,0.9,0,NA
"10","17","2007",15.4,0,72,NA
"10","18","2007",0,0,0,NA
"10","19","2007",6.1,0,5,NA
"10","20","2007",30.4,36.8,45,NA
"10","21","2007",0,0.3,3,NA
"10","22","2007",2.4,0,0,NA
"10","23","2007",12.8,0,0,NA
"10","24","2007",0.5,0.2,15,NA
"10","25","2007",0,0.5,6,NA
"10","26","2007",27.5,10,45,NA
"10","27","2007",0,4.9,45,NA
"10","28","2007",21.7,6,28,NA
"10","29","2007",2,2.9,0,NA
"10","30","2007",12.1,8.8,33,NA
"10","31","2007",16.5,0,0,NA
"11","01","2007",48.8,4.9,25,NA
"11","02","2007",0,0,0,NA
"11","03","2007",29,0.9,40,NA
"11","04","2007",11,2.3,51,NA
"11","05","2007",15.4,0,3,NA
"11","06","2007",0,0,3,NA
"11","07","2007",2.3,0,5,NA
"11","08","2007",4.8,6.1,15,NA
"11","09","2007",13.9,0,25,NA
"11","10","2007",10,5.2,17,NA
"11","11","2007",3.5,7.3,0,NA
"11","12","2007",9.5,5.5,3,NA
"11","13","2007",0,0,0,NA
"11","14","2007",3.1,0,0,NA
"11","15","2007",2.5,0,0,NA
"11","16","2007",19.8,0,0,NA
"11","17","2007",2.8,0,0,NA
"11","18","2007",5.6,0,0,NA
"11","19","2007",0,0,7,NA
"11","20","2007",6.8,0,22,NA
"11","21","2007",28.7,23.3,47,NA
"11","22","2007",2.1,0,0,NA
"11","23","2007",56.5,0.3,4,NA
"11","24","2007",0,0,0,NA
"11","25","2007",0,0,0,NA
"11","26","2007",0,0,0,NA
"11","27","2007",10.4,0,7,NA
"11","28","2007",18.6,0,26,NA
"11","29","2007",5.3,0,5,NA
"11","30","2007",0,0,0,NA
"12","01","2007",0,0,0,NA
"12","02","2007",0,0,0,NA
"12","03","2007",34,10.9,37,NA
"12","04","2007",4.9,0.4,8,NA
"12","05","2007",0,0,0,NA
"12","06","2007",0,0,0,NA
"12","07","2007",0,0,0,NA
"12","08","2007",0,0,0,NA
"12","09","2007",2.6,0,0,NA
"12","10","2007",0,0,0,NA
"12","11","2007",0,0,0,NA
"12","12","2007",16,0,0,NA
"12","13","2007",2.8,0,8,NA
"12","14","2007",23.2,0,4,NA
"12","15","2007",3,0.4,12,NA
"12","16","2007",25.2,0,10,NA
"12","17","2007",16.7,0.2,6,NA
"12","18","2007",1.2,1.5,26,NA
"12","19","2007",0,0,0,NA
"12","20","2007",2.1,0,0,NA
"12","21","2007",1,0,0,NA
"12","22","2007",0.5,0,0,NA
"12","23","2007",6,0.8,7,NA
"12","24","2007",6,0.3,0,NA
"12","25","2007",1.8,0,0,NA
"12","26","2007",35,0,4,NA
"12","27","2007",3.8,0,0,NA
"12","28","2007",9,0,0,NA
"12","29","2007",0,0,0,NA
"12","30","2007",0,0,0,NA
"12","31","2007",0,0,0,NA
"01","01","2008",0,0,0,NA
"01","02","2008",0,0,0,NA
"01","03","2008",0,0,0,NA
"01","04","2008",0.5,0,0,NA
"01","05","2008",0,0,0,NA
"01","06","2008",0,0,0,NA
"01","07","2008",0,0,0,NA
"01","08","2008",17.8,0,2,NA
"01","09","2008",3.7,1,8,NA
"01","10","2008",7.4,0.6,15,NA
"01","11","2008",0,0,13,NA
"01","12","2008",0,0,0,NA
"01","13","2008",0,0,0,NA
"01","14","2008",1.8,0,0,NA
"01","15","2008",0,3.3,0,NA
"01","16","2008",0,0,0,NA
"01","17","2008",0,0,0,NA
"01","18","2008",0,0,0,NA
"01","19","2008",0,0,0,NA
"01","20","2008",0,6,0,NA
"01","21","2008",3.8,0,0,NA
"01","22","2008",0,0,0,NA
"01","23","2008",0,0,0,NA
"01","24","2008",0,0,0,NA
"01","25","2008",3.3,0.6,7,NA
"01","26","2008",0,0,0,NA
"01","27","2008",0,0,0,NA
"01","28","2008",0,0,4,NA
"01","29","2008",0,0,0,NA
"01","30","2008",0,0,0,NA
"01","31","2008",0,0,0,NA
"02","01","2008",21.2,0,0,NA
"02","02","2008",0,0,0,NA
"02","03","2008",0,0,11,NA
"02","04","2008",0,0,0,NA
"02","05","2008",0,0,0,NA
"02","06","2008",0,8.3,0,NA
"02","07","2008",0,0,6,NA
"02","08","2008",11.4,0,0,NA
"02","09","2008",18.4,52.4,9,NA
"02","10","2008",17.8,0.3,6,NA
"02","11","2008",3.7,0,0,NA
"02","12","2008",0,0.4,0,NA
"02","13","2008",0,0,0,NA
"02","14","2008",0,0,0,NA
"02","15","2008",0,0,55,NA
"02","16","2008",15,0,0,NA
"02","17","2008",2.6,7.5,14,NA
"02","18","2008",8.6,9.8,0,NA
"02","19","2008",0,3.2,34,NA
"02","20","2008",0,0,19,NA
"02","21","2008",0,0,0,NA
"02","22","2008",0,0,0,NA
"02","23","2008",9.6,0,0,NA
"02","24","2008",0,36,22,NA
"02","25","2008",0,0,0,NA
"02","26","2008",0,0,0,NA
"02","27","2008",0,40.2,3,NA
"02","28","2008",0,0,25,NA
"02","29","2008",71.5,0,NA,NA
"03","01","2008",5,0,0,NA
"03","02","2008",18.2,0,0,NA
"03","03","2008",0,0,2,NA
"03","04","2008",8.5,0,5,NA
"03","05","2008",13.2,6.3,7,NA
"03","06","2008",0,0,8,NA
"03","07","2008",0,0,0,NA
"03","08","2008",0,0,10,NA
"03","09","2008",0,0,0,NA
"03","10","2008",6,0,3,NA
"03","11","2008",3.9,0,0,NA
"03","12","2008",2.2,21.4,7,NA
"03","13","2008",17.2,6,0,NA
"03","14","2008",4,14,6,NA
"03","15","2008",0,0,0,NA
"03","16","2008",0,0,0,NA
"03","17","2008",0,0,0,NA
"03","18","2008",0,0,0,NA
"03","19","2008",0,0,0,NA
"03","20","2008",0,6.6,4,NA
"03","21","2008",0,0,0,NA
"03","22","2008",0,0.3,0,NA
"03","23","2008",37.3,31.7,25,NA
"03","24","2008",0,0,0,NA
"03","25","2008",0,0,0,NA
"03","26","2008",0,0,0,NA
"03","27","2008",5.4,30.2,4,NA
"03","28","2008",0,18.5,20,NA
"03","29","2008",12.6,43.5,0,NA
"03","30","2008",11,11.5,26,NA
"03","31","2008",0,0,53,NA
"04","01","2008",0,1.9,8,NA
"04","02","2008",0,1.9,4,NA
"04","03","2008",0,0,0,NA
"04","04","2008",5.2,0,0,NA
"04","05","2008",2.9,0,0,NA
"04","06","2008",0,0,0,NA
"04","07","2008",0,0.1,0,NA
"04","08","2008",1,0,0,NA
"04","09","2008",0,0,0,NA
"04","10","2008",0,0,2,NA
"04","11","2008",0,0,0,NA
"04","12","2008",5.6,12.3,0,NA
"04","13","2008",1.3,2.8,0,NA
"04","14","2008",12.5,0,3,NA
"04","15","2008",0,0,0,NA
"04","16","2008",0,0,0,NA
"04","17","2008",0,0,0,NA
"04","18","2008",0,0,0,NA
"04","19","2008",1.2,1.1,20,NA
"04","20","2008",0,0,0,NA
"04","21","2008",1,0,0,NA
"04","22","2008",0,0,0,NA
"04","23","2008",32.5,0,0,NA
"04","24","2008",2.4,0.3,0,NA
"04","25","2008",9.4,1.2,4,NA
"04","26","2008",18,9,19,NA
"04","27","2008",2.5,0,1,NA
"04","28","2008",1.6,6.4,9,NA
"04","29","2008",25.2,0,17,NA
"04","30","2008",20.3,47.7,3,NA
"05","01","2008",32.7,0,0,NA
"05","02","2008",0,10.2,25,NA
"05","03","2008",0,0,0,NA
"05","04","2008",13.4,0,30,NA
"05","05","2008",1.7,0,19,NA
"05","06","2008",0,0,0,NA
"05","07","2008",7.2,0,3,NA
"05","08","2008",0,0,0,NA
"05","09","2008",14.4,0,0,NA
"05","10","2008",3.4,0,11,NA
"05","11","2008",3.7,0,0,NA
"05","12","2008",0,0,0,NA
"05","13","2008",11.7,0,12,NA
"05","14","2008",11.2,0,0,NA
"05","15","2008",0,2.5,1,NA
"05","16","2008",0,0,5,NA
"05","17","2008",11.2,0,0,NA
"05","18","2008",21.4,0,3,NA
"05","19","2008",28.6,3.4,26,NA
"05","20","2008",0,1.5,5,NA
"05","21","2008",4,4.2,0,NA
"05","22","2008",4.6,0,3,NA
"05","23","2008",27.2,4.5,2,NA
"05","24","2008",0,4.6,6,NA
"05","25","2008",19.2,9.2,3,NA
"05","26","2008",45.6,20.2,12,NA
"05","27","2008",46.1,7,21,NA
"05","28","2008",47.4,4.3,11,NA
"05","29","2008",0,0,0,NA
"05","30","2008",0,6.8,2,NA
"05","31","2008",26.5,1.1,0,NA
"06","01","2008",2,1,2,NA
"06","02","2008",0,1.7,0,NA
"06","03","2008",26.5,0,0,NA
"06","04","2008",18.6,0.8,0,NA
"06","05","2008",6.6,0,0,NA
"06","06","2008",6.3,0,0,NA
"06","07","2008",0,1,7,NA
"06","08","2008",0,0,0,NA
"06","09","2008",12.7,1.2,0,NA
"06","10","2008",2,2.2,0,NA
"06","11","2008",2,0,3,NA
"06","12","2008",12.8,0,0,NA
"06","13","2008",8.4,0,0,NA
"06","14","2008",8.4,5.6,7,NA
"06","15","2008",9.9,1.2,0,NA
"06","16","2008",0,0,0,NA
"06","17","2008",3.2,0,20,NA
"06","18","2008",2.3,0,7,NA
"06","19","2008",0,0,3,NA
"06","20","2008",5.2,0,0,NA
"06","21","2008",5.3,0,20,NA
"06","22","2008",4.5,5.2,2,NA
"06","23","2008",2.4,0,0,NA
"06","24","2008",12,0,10,NA
"06","25","2008",18.5,7.2,7,NA
"06","26","2008",1.4,0,0,NA
"06","27","2008",0,1.8,0,NA
"06","28","2008",10,0.4,4,NA
"06","29","2008",18,3,0,NA
"06","30","2008",0,0,13,NA
"07","01","2008",4,0,0,NA
"07","02","2008",0,0.4,0,NA
"07","03","2008",0,1.5,3,NA
"07","04","2008",0,6.2,5,NA
"07","05","2008",0,0,0,NA
"07","06","2008",0,0,7,NA
"07","07","2008",10,0,4,NA
"07","08","2008",0,0.5,0,NA
"07","09","2008",0,3.2,0,NA
"07","10","2008",2.5,2.4,4,NA
"07","11","2008",21,0,0,NA
"07","12","2008",0,0,0,NA
"07","13","2008",0,0,25,NA
"07","14","2008",26.6,0,3,NA
"07","15","2008",0,8.3,22,NA
"07","16","2008",38.2,6.5,30,NA
"07","17","2008",0,1.5,2,NA
"07","18","2008",0,0,0,NA
"07","19","2008",1.9,0,0,NA
"07","20","2008",2.5,47.3,0,NA
"07","21","2008",1.2,1.1,0,NA
"07","22","2008",0,0,24,NA
"07","23","2008",0,0,0,NA
"07","24","2008",4.7,0,0,NA
"07","25","2008",2.5,0,0,NA
"07","26","2008",0,0,3,NA
"07","27","2008",9,0.7,12,NA
"07","28","2008",5,0,4,NA
"07","29","2008",1.2,0,0,NA
"07","30","2008",28.2,0,3,NA
"07","31","2008",0,0,0,NA
"08","01","2008",12.2,0,2,NA
"08","02","2008",0,1.3,0,NA
"08","03","2008",0,0,0,NA
"08","04","2008",0,0,0,NA
"08","05","2008",5.5,0,0,NA
"08","06","2008",0,0,0,NA
"08","07","2008",0,0,0,NA
"08","08","2008",1.6,0,2,NA
"08","09","2008",14.4,0,13,NA
"08","10","2008",6.7,23.7,7,NA
"08","11","2008",14.5,0,12,NA
"08","12","2008",6.4,0,0,NA
"08","13","2008",18.1,0,2,NA
"08","14","2008",6.5,0,6,NA
"08","15","2008",13.6,0,4,NA
"08","16","2008",0.8,0,8,NA
"08","17","2008",6.3,0,20,NA
"08","18","2008",1,0,0,NA
"08","19","2008",13.6,4.1,12,NA
"08","20","2008",6.3,1.8,4,NA
"08","21","2008",6.4,1.3,5,NA
"08","22","2008",19.6,0,3,NA
"08","23","2008",10.8,1.8,2,NA
"08","24","2008",4,0,0,NA
"08","25","2008",0,1.5,85,NA
"08","26","2008",8.4,3.5,15,NA
"08","27","2008",26.3,33,32,NA
"08","28","2008",0,0,0,NA
"08","29","2008",54.7,0,33,NA
"08","30","2008",22.1,0.1,2,NA
"08","31","2008",13.2,0,0,NA
"09","01","2008",41.5,0,0,NA
"09","02","2008",4.6,4.3,0,NA
"09","03","2008",29.2,16.2,12,NA
"09","04","2008",2.6,0,0,NA
"09","05","2008",2.7,0,0,NA
"09","06","2008",0,0,0,NA
"09","07","2008",9.8,4.2,0,NA
"09","08","2008",4.7,5.8,11,NA
"09","09","2008",3,0,0,NA
"09","10","2008",0,0,0,NA
"09","11","2008",17.9,1.2,3,NA
"09","12","2008",4,4.1,0,NA
"09","13","2008",3.6,0,0,NA
"09","14","2008",2.3,0,0,NA
"09","15","2008",0,0,0,NA
"09","16","2008",4.4,1.5,20,NA
"09","17","2008",8,0,0,NA
"09","18","2008",40.4,33.7,70,NA
"09","19","2008",2.3,1.2,3,NA
"09","20","2008",29,2.2,25,NA
"09","21","2008",0,0,2,NA
"09","22","2008",6.6,36.2,3,NA
"09","23","2008",0,0,0,NA
"09","24","2008",6.5,0,2,NA
"09","25","2008",6,0,0,NA
"09","26","2008",4,0,0,NA
"09","27","2008",0,0,4,NA
"09","28","2008",25,3.5,0,NA
"09","29","2008",11.6,0,0,NA
"09","30","2008",8.6,0,0,NA
"10","01","2008",7.8,0,3,NA
"10","02","2008",22,0,28,NA
"10","03","2008",2.1,0,0,NA
"10","04","2008",7.5,0,0,NA
"10","05","2008",23.2,3.5,19,NA
"10","06","2008",0,0,4,NA
"10","07","2008",4.8,4.7,10,NA
"10","08","2008",0,0,0,NA
"10","09","2008",18,0,8,NA
"10","10","2008",0,0,2,NA
"10","11","2008",0,15.1,0,NA
"10","12","2008",0,0,0,NA
"10","13","2008",16,9.5,62,NA
"10","14","2008",0,0,2,NA
"10","15","2008",8.3,9.4,21,NA
"10","16","2008",14.9,1.5,12,NA
"10","17","2008",21.8,0,3,NA
"10","18","2008",0,0.8,2,NA
"10","19","2008",0,1.5,0,NA
"10","20","2008",17.5,0,0,NA
"10","21","2008",5.2,0,5,NA
"10","22","2008",0,0,0,NA
"10","23","2008",0,0,0,NA
"10","24","2008",2,0,0,NA
"10","25","2008",5,0,2,NA
"10","26","2008",0,0,0,NA
"10","27","2008",10.7,0,7,NA
"10","28","2008",3.7,0,2,NA
"10","29","2008",6.9,0,0,NA
"10","30","2008",1.4,0,0,NA
"10","31","2008",28.2,40,28,NA
"11","01","2008",35,4.7,89,NA
"11","02","2008",1,0,0,NA
"11","03","2008",1.1,2.5,2,NA
"11","04","2008",5,0,18,NA
"11","05","2008",12,0,0,NA
"11","06","2008",0,0,0,NA
"11","07","2008",0,0,0,NA
"11","08","2008",1.5,0,0,NA
"11","09","2008",0,0,0,NA
"11","10","2008",0,0,0,NA
"11","11","2008",0,0,0,NA
"11","12","2008",3,0,9,NA
"11","13","2008",20.2,0,0,0
"11","14","2008",47,23.5,26,0
"11","15","2008",41.8,36.6,29,NA
"11","16","2008",3.5,0,19,NA
"11","17","2008",2.5,6,13,NA
"11","18","2008",25.5,0,10,NA
"11","19","2008",4.7,4.3,4,NA
"11","20","2008",0,0,0,NA
"11","21","2008",2,32.5,25,NA
"11","22","2008",4.2,0,0,NA
"11","23","2008",9.7,0,0,NA
"11","24","2008",30.4,15.8,30,NA
"11","25","2008",38.2,0,8,NA
"11","26","2008",8.4,5.3,45,NA
"11","27","2008",3.5,17,25,NA
"11","28","2008",27.5,4.5,30,NA
"11","29","2008",8,0,0,NA
"11","30","2008",4.6,2.2,0,NA
"12","01","2008",7.5,0,5,NA
"12","02","2008",1.7,0,0,NA
"12","03","2008",1.6,0,0,NA
"12","04","2008",0,0,0,NA
"12","05","2008",4.8,0,0,NA
"12","06","2008",0,0,0,NA
"12","07","2008",3.6,0,0,NA
"12","08","2008",0,0,0,NA
"12","09","2008",9,0,0,NA
"12","10","2008",0,0,0,NA
"12","11","2008",0,0,0,NA
"12","12","2008",7.1,0,4,NA
"12","13","2008",9.9,0,0,NA
"12","14","2008",9,0,0,NA
"12","15","2008",0,0,0,NA
"12","16","2008",4.6,0,0,NA
"12","17","2008",4.2,0,0,NA
"12","18","2008",0,0,0,NA
"12","19","2008",0,0,0,NA
"12","20","2008",7.6,0,0,NA
"12","21","2008",0,0,0,NA
"12","22","2008",5.5,0,0,NA
"12","23","2008",0,0,0,NA
"12","24","2008",7.5,0,0,NA
"12","25","2008",0,0,0,NA
"12","26","2008",0,0,0,NA
"12","27","2008",0,0,0,NA
"12","28","2008",0,0,0,NA
"12","29","2008",0,0,0,NA
"12","30","2008",0,0,0,NA
"12","31","2008",0,2.5,0,NA
"01","01","2009",0,0,0,NA
"01","02","2009",3.2,0,0,NA
"01","03","2009",0,0,0,NA
"01","04","2009",0,0,0,NA
"01","05","2009",0,0,0,NA
"01","06","2009",3.5,0,0,NA
"01","07","2009",6,0,0,NA
"01","08","2009",5.9,0,0,NA
"01","09","2009",3.4,0,10,NA
"01","10","2009",2.4,0,0,NA
"01","11","2009",0,0,0,NA
"01","12","2009",0,0,0,NA
"01","13","2009",0,0,0,NA
"01","14","2009",0,0,0,NA
"01","15","2009",0,0,0,NA
"01","16","2009",2.5,0,4,NA
"01","17","2009",1.8,0,0,NA
"01","18","2009",0,3.8,69,NA
"01","19","2009",2,47,36,NA
"01","20","2009",5,0,0,NA
"01","21","2009",2.7,0,3,NA
"01","22","2009",10.5,0.4,20,NA
"01","23","2009",0,0,0,NA
"01","24","2009",13.5,0,0,NA
"01","25","2009",0,0.5,0,NA
"01","26","2009",0,0,0,NA
"01","27","2009",0,0,0,NA
"01","28","2009",0,0,0,NA
"01","29","2009",0,0,0,NA
"01","30","2009",4.5,2.7,0,NA
"01","31","2009",0,0,0,NA
"02","01","2009",0,0,0,NA
"02","02","2009",5.5,0,0,NA
"02","03","2009",1.9,0.4,0,NA
"02","04","2009",6.4,0,0,NA
"02","05","2009",0,0.6,0,NA
"02","06","2009",0.9,0,0,NA
"02","07","2009",0,0,0,NA
"02","08","2009",0,0,0,NA
"02","09","2009",0,0,0,NA
"02","10","2009",0,0,0,NA
"02","11","2009",0,18.5,3,NA
"02","12","2009",3.5,6.3,0,NA
"02","13","2009",2.5,21.5,19,NA
"02","14","2009",1.5,0,13,NA
"02","15","2009",3.8,0,21,NA
"02","16","2009",0,3.8,0,NA
"02","17","2009",0,0,7,NA
"02","18","2009",0,0,0,NA
"02","19","2009",4.8,3.5,0,NA
"02","20","2009",0,0,0,NA
"02","21","2009",0.7,0,0,NA
"02","22","2009",1.7,5.6,7,NA
"02","23","2009",0,0,0,NA
"02","24","2009",0,0,0,NA
"02","25","2009",3.4,6.4,7,NA
"02","26","2009",0,0,0,NA
"02","27","2009",0,0,0,NA
"02","28","2009",9,0,0,NA
"03","01","2009",18.5,6.4,9,NA
"03","02","2009",3.5,14.8,2,NA
"03","03","2009",13.2,9.4,15,NA
"03","04","2009",0,0,0,NA
"03","05","2009",0,0,0,NA
"03","06","2009",0.3,0,0,NA
"03","07","2009",0,0,0,NA
"03","08","2009",1,0,0,NA
"03","09","2009",27.4,2.2,15,NA
"03","10","2009",0,0,0,NA
"03","11","2009",0,0,0,NA
"03","12","2009",0,0,0,NA
"03","13","2009",0,0,0,NA
"03","14","2009",17.7,1.5,0,NA
"03","15","2009",0,0,0,NA
"03","16","2009",13,1.8,14,NA
"03","17","2009",19.5,10.1,15,NA
"03","18","2009",0.5,0,0,NA
"03","19","2009",48.7,30.3,14,NA
"03","20","2009",4,2.4,0,NA
"03","21","2009",44,39.1,22,NA
"03","22","2009",9.3,4.1,0,NA
"03","23","2009",9,0,3,NA
"03","24","2009",2.6,0,0,NA
"03","25","2009",1.3,0.7,0,NA
"03","26","2009",0,0,0,NA
"03","27","2009",2.2,0,9,NA
"03","28","2009",0,0,10,NA
"03","29","2009",20.6,1.6,0,NA
"03","30","2009",1.2,0,3,NA
"03","31","2009",2.5,0,4,NA
"04","01","2009",2,0.7,0,NA
"04","02","2009",0,4.4,0,NA
"04","03","2009",30,83.5,102,NA
"04","04","2009",30,1.5,0,NA
"04","05","2009",0,0,0,NA
"04","06","2009",0,0,0,NA
"04","07","2009",9,7.6,12,NA
"04","08","2009",3.5,0,0,NA
"04","09","2009",0,0.2,0,NA
"04","10","2009",3.5,0,0,NA
"04","11","2009",6,1.9,21,NA
"04","12","2009",0,0.7,0,NA
"04","13","2009",0,0,0,NA
"04","14","2009",3.7,0,0,NA
"04","15","2009",0,0,0,NA
"04","16","2009",1.2,1.6,3,NA
"04","17","2009",0,0,22,NA
"04","18","2009",0,0.2,6,NA
"04","19","2009",10.2,0,4,NA
"04","20","2009",20.2,6.7,5,NA
"04","21","2009",1.4,3.3,0,NA
"04","22","2009",2.9,3.4,2,NA
"04","23","2009",3,0.6,0,NA
"04","24","2009",0,0,0,NA
"04","25","2009",2,3.7,24,NA
"04","26","2009",1,0,0,NA
"04","27","2009",2,0,0,NA
"04","28","2009",0,0,11,NA
"04","29","2009",33.3,3.2,14,NA
"04","30","2009",3,0.9,4,NA
"05","01","2009",29,1.5,14,NA
"05","02","2009",9,0,3,NA
"05","03","2009",48.2,12.2,104,NA
"05","04","2009",3.6,4.2,0,NA
"05","05","2009",0,0,0,NA
"05","06","2009",7.2,0,0,NA
"05","07","2009",14.3,0,0,NA
"05","08","2009",11,1.1,22,NA
"05","09","2009",25.2,0,0,NA
"05","10","2009",4,0.5,0,NA
"05","11","2009",0,0,0,NA
"05","12","2009",4.4,0,2,NA
"05","13","2009",0,0,0,NA
"05","14","2009",8,4.6,2,NA
"05","15","2009",2.5,0,0,NA
"05","16","2009",5.2,2.2,10,NA
"05","17","2009",0,0,0,NA
"05","18","2009",0,0,0,NA
"05","19","2009",8.4,0,6,NA
"05","20","2009",20.7,44.7,32,NA
"05","21","2009",4.5,0.6,6,NA
"05","22","2009",0,1,0,NA
"05","23","2009",1.5,0,0,NA
"05","24","2009",2,0,0,NA
"05","25","2009",0,0,0,NA
"05","26","2009",1.1,0,0,NA
"05","27","2009",0.9,0,0,NA
"05","28","2009",5.2,0,0,NA
"05","29","2009",0,0,0,NA
"05","30","2009",2,0,0,NA
"05","31","2009",0.3,0,0,NA
"06","01","2009",0,0,0,NA
"06","02","2009",0,0,0,NA
"06","03","2009",2.5,0,6,NA
"06","04","2009",13.3,11,4,NA
"06","05","2009",37.2,1.7,11,NA
"06","06","2009",10,2,8,NA
"06","07","2009",11.3,0,0,NA
"06","08","2009",2.4,0,4,NA
"06","09","2009",18.7,77.5,28,NA
"06","10","2009",3.6,1,2,NA
"06","11","2009",7.4,0,24,NA
"06","12","2009",8.7,2.5,9,NA
"06","13","2009",13.3,15.9,10,NA
"06","14","2009",2,0.3,0,NA
"06","15","2009",10.3,0,0,NA
"06","16","2009",3.7,0.7,3,NA
"06","17","2009",0.3,0,9,NA
"06","18","2009",23.2,0.3,0,NA
"06","19","2009",5.6,0,0,NA
"06","20","2009",0,0,0,NA
"06","21","2009",11.2,8.8,2,NA
"06","22","2009",15.3,11.5,15,NA
"06","23","2009",0,0,0,NA
"06","24","2009",24,0.5,0,NA
"06","25","2009",0,0,0,NA
"06","26","2009",3.6,0,0,NA
"06","27","2009",0,0,0,NA
"06","28","2009",54.6,4.8,16,NA
"06","29","2009",0,0,0,NA
"06","30","2009",8,0,0,NA
"07","01","2009",10,1.5,0,NA
"07","02","2009",0,1,0,NA
"07","03","2009",1.4,0,0,NA
"07","04","2009",0,0,0,NA
"07","05","2009",0,0,0,NA
"07","06","2009",0,1.4,0,NA
"07","07","2009",0,0,0,NA
"07","08","2009",17.9,10,15,NA
"07","09","2009",2.5,0,0,NA
"07","10","2009",4.5,0.1,0,NA
"07","11","2009",3.5,0.5,1,NA
"07","12","2009",0,0.7,0,NA
"07","13","2009",5,0,0,NA
"07","14","2009",8.4,3,3,NA
"07","15","2009",0,0,0,NA
"07","16","2009",1.8,0,6,NA
"07","17","2009",5,4,0,NA
"07","18","2009",5,1,3,NA
"07","19","2009",0,0.7,4,NA
"07","20","2009",1.3,0.5,0,NA
"07","21","2009",1.5,2,0,NA
"07","22","2009",0,0,0,NA
"07","23","2009",0,0,0,NA
"07","24","2009",1.3,0,0,NA
"07","25","2009",0,0,0,NA
"07","26","2009",0,0,0,NA
"07","27","2009",0,0,0,NA
"07","28","2009",76.8,25,10,NA
"07","29","2009",33.6,0,20,NA
"07","30","2009",8.8,1,0,NA
"07","31","2009",6.7,0.5,9,NA
"08","01","2009",8.4,0,0,NA
"08","02","2009",1,0,0,NA
"08","03","2009",2.5,0,0,NA
"08","04","2009",13.7,0.5,8,NA
"08","05","2009",1.5,0.3,0,NA
"08","06","2009",19.3,6,3,NA
"08","07","2009",0,0,2,NA
"08","08","2009",9,0,0,NA
"08","09","2009",2.3,3.2,6,NA
"08","10","2009",0,0.3,0,NA
"08","11","2009",20.5,0,0,NA
"08","12","2009",0,5.1,0,NA
"08","13","2009",5.3,7.5,7,NA
"08","14","2009",2,3,5,NA
"08","15","2009",4,13.6,0,NA
"08","16","2009",1,3,13,NA
"08","17","2009",19.6,64,6,NA
"08","18","2009",11.4,0,15,NA
"08","19","2009",5.2,0.5,5,NA
"08","20","2009",3.3,0.9,3,NA
"08","21","2009",5.7,0,0,NA
"08","22","2009",3,0,7,NA
"08","23","2009",0,1,0,NA
"08","24","2009",1.6,0,0,NA
"08","25","2009",5.4,0,4,NA
"08","26","2009",0,0,5,NA
"08","27","2009",2.1,0,7,NA
"08","28","2009",26.7,4,0,NA
"08","29","2009",2.4,2,0,NA
"08","30","2009",2.4,2.7,4,NA
"08","31","2009",0,0,0,NA
"09","01","2009",15.8,NA,0,NA
"09","02","2009",30.2,NA,0,NA
"09","03","2009",40.8,NA,6,NA
"09","04","2009",7.5,NA,0,NA
"09","05","2009",0,NA,0,NA
"09","06","2009",0,NA,0,NA
"09","07","2009",0,NA,0,NA
"09","08","2009",4.8,NA,17,NA
"09","09","2009",5,NA,0,NA
"09","10","2009",0,NA,0,NA
"09","11","2009",0,NA,0,NA
"09","12","2009",10.4,NA,0,NA
"09","13","2009",0,NA,0,NA
"09","14","2009",16.4,NA,25,NA
"09","15","2009",2.8,NA,10,NA
"09","16","2009",0,NA,4,NA
"09","17","2009",11.5,NA,0,NA
"09","18","2009",0,NA,0,NA
"09","19","2009",0,NA,0,NA
"09","20","2009",0,NA,0,NA
"09","21","2009",12,NA,12,NA
"09","22","2009",14.5,NA,15,NA
"09","23","2009",0,NA,0,NA
"09","24","2009",0,NA,0,NA
"09","25","2009",2.9,NA,0,NA
"09","26","2009",0,NA,0,NA
"09","27","2009",6,NA,3,NA
"09","28","2009",6,NA,0,NA
"09","29","2009",0,NA,0,NA
"09","30","2009",0,NA,0,NA
"10","01","2009",0,0,3,NA
"10","02","2009",44.5,16.6,22,NA
"10","03","2009",6,2.5,3,NA
"10","04","2009",4,0,0,NA
"10","05","2009",0,0,0,NA
"10","06","2009",2.9,0,0,NA
"10","07","2009",2,0,0,NA
"10","08","2009",0,0,0,NA
"10","09","2009",0,0,0,NA
"10","10","2009",0.2,3.8,3,NA
"10","11","2009",2.4,0,15,NA
"10","12","2009",0,1,0,NA
"10","13","2009",63.1,4,42,NA
"10","14","2009",5,4.7,10,NA
"10","15","2009",3.4,0,2,NA
"10","16","2009",0,0,0,NA
"10","17","2009",2.2,0,0,NA
"10","18","2009",28.1,2.8,2,NA
"10","19","2009",0,1.6,0,NA
"10","20","2009",28.2,0.4,0,NA
"10","21","2009",0,0,12,0.8
"10","22","2009",0,0.4,6,1.9
"10","23","2009",0,5,2,0.1
"10","24","2009",22.6,7.3,16,13.3
"10","25","2009",1.5,0,0,8.5
"10","26","2009",0,0,0,0.7
"10","27","2009",10.5,1,2,26
"10","28","2009",0.3,0,0,1
"10","29","2009",20.4,32,26,0
"10","30","2009",0,0,0,14.7
"10","31","2009",24.8,19,86,66.2
"11","01","2009",2.5,3.4,8,24
"11","02","2009",29.6,37,85,8.4
"11","03","2009",46.8,2,0,78.8
"11","04","2009",1.2,14.9,10,0
"11","05","2009",43.8,3.4,12,3
"11","06","2009",0,0,0,15.1
"11","07","2009",0,0,0,1.6
"11","08","2009",2.2,0.6,0,12
"11","09","2009",0,0,0,0.3
"11","10","2009",73.2,0,2,0.9
"11","11","2009",12.7,0,0,0.2
"11","12","2009",0.5,0,0,3
"11","13","2009",4.1,0,45,1
"11","14","2009",0,0,0,36
"11","15","2009",2.6,0,0,0
"11","16","2009",1.7,0,19,0
"11","17","2009",0,0,0,12.3
"11","18","2009",13.6,0,0,0.2
"11","19","2009",2.5,0,0,0
"11","20","2009",0,0,0,0.3
"11","21","2009",0.3,0,0,0
"11","22","2009",6.6,0,0,0
"11","23","2009",0,0,0,0.1
"11","24","2009",0,0,0,0
"11","25","2009",1.6,0,0,0.1
"11","26","2009",33.3,0,0,0.1
"11","27","2009",4.2,0,0,0.1
"11","28","2009",54.5,0,10,1.5
"11","29","2009",0.4,0,0,2.2
"11","30","2009",0,0,0,0.1
"12","01","2009",0,0,0,0
"12","02","2009",0,0,0,0
"12","03","2009",0,0,0,0
"12","04","2009",0,0,0,0
"12","05","2009",0,0,23,0
"12","06","2009",15.5,0,0,4.4
"12","07","2009",0,0,0,0
"12","08","2009",0,0,0,0
"12","09","2009",14.5,2.5,0,0
"12","10","2009",3.5,0,1,0.1
"12","11","2009",3,0,0,0
"12","12","2009",4.5,0,0,0
"12","13","2009",0,0,1,0
"12","14","2009",0,0,0,0
"12","15","2009",0,0,0,0
"12","16","2009",1,0,0,0
"12","17","2009",NA,0,0,0
"12","18","2009",0,0,0,0
"12","19","2009",7.9,0,0,0.2
"12","20","2009",0.5,0,0,6.8
"12","21","2009",4,0,1,0.3
"12","22","2009",50.7,1.8,30,7.3
"12","23","2009",0,0,2,2.6
"12","24","2009",2.8,0,0,3
"12","25","2009",0.3,0,0,0.1
"12","26","2009",1,0,0,0.3
"12","27","2009",1.2,0,0,0
"12","28","2009",0,0,0,0
"12","29","2009",0,0,0,0
"12","30","2009",0,0,0,0.1
"12","31","2009",0,0,0,0
"01","01","2010",0,0,0,0
"01","02","2010",0,0,0,0
"01","03","2010",0,0,0,0
"01","04","2010",0,0,0,0
"01","05","2010",0,0,0,0
"01","06","2010",0,0,0,0
"01","07","2010",0,0,0,0
"01","08","2010",0,0,0,0
"01","09","2010",0,0,0,0
"01","10","2010",0,0,0,0
"01","11","2010",0,0,0,0.1
"01","12","2010",0,0,0,0
"01","13","2010",0,0,0,0
"01","14","2010",0,0,0,0
"01","15","2010",0,0,0,0
"01","16","2010",0,0,0,0
"01","17","2010",0,0,0,0
"01","18","2010",0,0,0,0
"01","19","2010",0,0,0,0
"01","20","2010",0,0,0,0
"01","21","2010",0,0,0,0
"01","22","2010",1.6,0,0,0
"01","23","2010",3.5,0,0,1.5
"01","24","2010",0,0,0,31.9
"01","25","2010",0,0,1,0
"01","26","2010",0,0,0,3.2
"01","27","2010",0,0,0,0
"01","28","2010",0,0,4,0
"01","29","2010",0,0,0,0.4
"01","30","2010",2.2,0,0,0
"01","31","2010",0,20.2,0,0
"02","01","2010",0,0,0,0
"02","02","2010",0,0,0,0
"02","03","2010",0,0,0,0
"02","04","2010",0,0,0,0
"02","05","2010",9.2,0,2,0
"02","06","2010",0,NA,10,6.5
"02","07","2010",2.2,0,1,0
"02","08","2010",0.7,0,39,2.5
"02","09","2010",0.1,0,35,2.5
"02","10","2010",2.4,20.5,1,6.7
"02","11","2010",0,0,0,1.5
"02","12","2010",0,0,0,0
"02","13","2010",0,2.7,15,0
"02","14","2010",0,0,0,1.4
"02","15","2010",1.3,8,0,0
"02","16","2010",0,0,0,0
"02","17","2010",0,0,0,0
"02","18","2010",3.1,0,0,0.5
"02","19","2010",0,0,0,0
"02","20","2010",0,0,1,0
"02","21","2010",6.4,0,0,4.4
"02","22","2010",0.7,3.5,61,0
"02","23","2010",15.2,0,0,36.6
"02","24","2010",0,15.2,8,0
"02","25","2010",7.1,1.5,52,5.3
"02","26","2010",0.8,0,0,9.8
"02","27","2010",0,NA,0,0
"02","28","2010",0,0,0,0
"03","01","2010",0.4,0,0,0
"03","02","2010",31.3,3.2,1,1
"03","03","2010",0.2,0,2,14.4
"03","04","2010",1.3,0,0,0.2
"03","05","2010",53.3,0,9,0
"03","06","2010",21,0,19,7.3
"03","07","2010",8.5,1.5,15,1.9
"03","08","2010",13.4,0,0,0
"03","09","2010",0,0,0,0.2
"03","10","2010",1.6,0,2,0.1
"03","11","2010",0.4,0,1,1.6
"03","12","2010",1.8,0,1,0.7
"03","13","2010",0,0,0,0
"03","14","2010",0,0,0,0
"03","15","2010",0,0,0,0
"03","16","2010",12.9,0,0,0.2
"03","17","2010",30.8,4.5,6,7
"03","18","2010",15.5,1.8,2,3.1
"03","19","2010",0,0,0,2.4
"03","20","2010",6.7,0,0,34.8
"03","21","2010",0,0.2,2,2.5
"03","22","2010",0,0,0,0
"03","23","2010",0,0,0,0
"03","24","2010",0,0,0,0
"03","25","2010",5.8,0,0,2
"03","26","2010",0,0,0,0
"03","27","2010",0,NA,0,0
"03","28","2010",0,6.5,0,0
"03","29","2010",9.2,1.9,0,10.8
"03","30","2010",18.5,0,48,16.3
"03","31","2010",42.2,0,0,0.1
"04","01","2010",0.4,0,0,0.1
"04","02","2010",9.5,3.4,15,0
"04","03","2010",6.1,4.5,0,7.8
"04","04","2010",10,0,0,82.5
"04","05","2010",10.7,1.2,1,23.6
"04","06","2010",62.2,0,0,1.5
"04","07","2010",0,0,0,0
"04","08","2010",0,0,0,0
"04","09","2010",16,3.2,3,1.1
"04","10","2010",19.6,0,0,12.3
"04","11","2010",1.5,5.3,0,2.2
"04","12","2010",25,0,9,5.6
"04","13","2010",0,3.7,5,0.1
"04","14","2010",33.2,0,0,27.3
"04","15","2010",0,0,0,0
"04","16","2010",30.5,0,57,79
"04","17","2010",0,NA,0,0.1
"04","18","2010",1.7,0,0,0
"04","19","2010",5,0,5,15.1
"04","20","2010",0,0,13,0.1
"04","21","2010",0,0,0,0
"04","22","2010",0,0,0,0
"04","23","2010",0,0,0,5.2
"04","24","2010",0,0,0,0
"04","25","2010",49,22.8,0,0.6
"04","26","2010",0.1,0,0,4.6
"04","27","2010",26,0,1,2.9
"04","28","2010",2.4,0,0,2
"04","29","2010",14.9,0,8,0.1
"04","30","2010",2.6,0,13,0.2
"05","01","2010",48.8,0,1,0
"05","02","2010",0.1,16.8,0,0.4
"05","03","2010",55.5,0.2,85,13.8
"05","04","2010",2.3,0.3,0,13.5
"05","05","2010",10.5,0,0,0
"05","06","2010",1.5,0,0,17.3
"05","07","2010",0.7,0.7,0,1.1
"05","08","2010",15.2,1,0,8.7
"05","09","2010",7.8,1.3,1,2.8
"05","10","2010",3,1.3,31,9.4
"05","11","2010",4,0,12,18.7
"05","12","2010",22,2.7,1,2.4
"05","13","2010",39,0,50,16.7
"05","14","2010",0.2,0,7,0.1
"05","15","2010",3.5,0,8,1.8
"05","16","2010",9.4,0,0,0.9
"05","17","2010",0,0,0,0
"05","18","2010",4.2,0,0,0.5
"05","19","2010",2.2,0,0,0
"05","20","2010",25.1,0.3,1,0.7
"05","21","2010",3.9,77.5,2,6.3
"05","22","2010",9.7,0,20,24.6
"05","23","2010",0.2,3.6,0,0.2
"05","24","2010",1.4,0,10,0.4
"05","25","2010",6.9,47,50,3.3
"05","26","2010",41.4,16.2,68,25.4
"05","27","2010",6.2,0,0,92.4
"05","28","2010",0,0,0,0
"05","29","2010",1,4.4,0,0
"05","30","2010",3.9,0,0,1
"05","31","2010",3.2,0.3,0,1.6
"06","01","2010",2.3,0,0,0.3
"06","02","2010",0.2,0,57,36.4
"06","03","2010",1.1,0,0,4.2
"06","04","2010",2.8,0,7,6.8
"06","05","2010",0,0,0,0
"06","06","2010",10.2,3.4,0,15.6
"06","07","2010",8.4,0,0,2.5
"06","08","2010",23.5,0,12,17.9
"06","09","2010",21.5,0,1,2.4
"06","10","2010",16.4,56,35,13.7
"06","11","2010",0,1.2,0,9.4
"06","12","2010",8.5,5.8,0,1.9
"06","13","2010",33,10,1,4.1
"06","14","2010",0,0,0,6.3
"06","15","2010",34.4,4.7,21,0.9
"06","16","2010",10.3,0.7,0,5.4
"06","17","2010",1.7,0,0,1.3
"06","18","2010",2,0,0,0.4
"06","19","2010",49.5,0,0,17.3
"06","20","2010",2.5,0,15,8.7
"06","21","2010",28.2,0,20,80.9
"06","22","2010",0,0,0,8.3
"06","23","2010",6.7,0.3,25,9.6
"06","24","2010",1,5.4,0,3.6
"06","25","2010",7.7,8.1,10,9.7
"06","26","2010",3.7,0,0,0.2
"06","27","2010",1.9,0,1,3.3
"06","28","2010",2.6,0,2,0.6
"06","29","2010",0,0,4,0
"06","30","2010",1.3,1.6,0,1.3
"07","01","2010",11.8,0,0,2.6
"07","02","2010",0.1,0,0,0
"07","03","2010",33.3,0,5,32.1
"07","04","2010",14.8,0.9,7,34.4
"07","05","2010",0.1,0,0,0
"07","06","2010",17.2,0,5,2.4
"07","07","2010",18.5,0,8,6.4
"07","08","2010",5.5,0,9,3.8
"07","09","2010",4,0,0,1.7
"07","10","2010",10.5,0,3,0.1
"07","11","2010",2.6,2.6,0,6.1
"07","12","2010",10.4,0,3,0
"07","13","2010",10.5,0,4,0.5
"07","14","2010",53.5,0,15,0.2
"07","15","2010",3.4,0,25,42.1
"07","16","2010",25,0,30,2.6
"07","17","2010",22.5,0,35,2.9
"07","18","2010",12,0,0,5.5
"07","19","2010",5.9,0,0,4.7
"07","20","2010",11.4,0,5,0
"07","21","2010",14,0,55,16.6
"07","22","2010",30.4,0,15,46.6
"07","23","2010",1.6,0,0,3.6
"07","24","2010",0,0,0,0.8
"07","25","2010",2,0,0,5
"07","26","2010",10.9,0,10,0.3
"07","27","2010",32.9,0,17,20.5
"07","28","2010",21.2,0,15,30.3
"07","29","2010",0,0,0,0.1
"07","30","2010",13,0,0,12.2
"07","31","2010",5.8,0,0,0.9
"08","01","2010",27,0,0,3.9
"08","02","2010",0.4,0,1,14.5
"08","03","2010",10.3,7.5,2,1.4
"08","04","2010",18.4,2.3,11,4
"08","05","2010",11,0,0,7
"08","06","2010",6.5,0,0,3.5
"08","07","2010",0.1,2.4,0,0.9
"08","08","2010",19.6,2.2,0,12.3
"08","09","2010",14.2,2.1,0,8.9
"08","10","2010",0,0.3,0,2.1
"08","11","2010",3.8,7.2,19,12.9
"08","12","2010",4.5,10.5,0,24.5
"08","13","2010",29.8,1.1,0,10.3
"08","14","2010",6,32,0,29.9
"08","15","2010",2.5,2.3,0,0.6
"08","16","2010",3,0,1,10.3
"08","17","2010",16,0,0,0.2
"08","18","2010",2,0,2,1.4
"08","19","2010",0,0,0,1.4
"08","20","2010",0,0,0,2.3
"08","21","2010",9,0,0,4.2
"08","22","2010",6,0,0,2.2
"08","23","2010",3,0,27,2.2
"08","24","2010",4,0,1,3.6
"08","25","2010",47,0,45,30.6
"08","26","2010",9,0,5,4.9
"08","27","2010",9,0,0,51.2
"08","28","2010",3,0,0,0.7
"08","29","2010",4,0,0,8.9
"08","30","2010",8.5,24.8,0,2.4
"08","31","2010",NA,9.8,48,7.5
"09","01","2010",0,0,1,25.5
"09","02","2010",2,0,0,7.3
"09","03","2010",2,0,0,1
"09","04","2010",61,0,25,4.4
"09","05","2010",3,2.8,0,18.1
"09","06","2010",27.2,0,2,1.6
"09","07","2010",2,6.5,12,2.7
"09","08","2010",12.5,0,6,13.5
"09","09","2010",0,0,0,1.7
"09","10","2010",0,0,0,0.8
"09","11","2010",39.5,0,35,0.1
"09","12","2010",0.4,2,0,56.5
"09","13","2010",15.8,0,20,1.5
"09","14","2010",1,0,0,5.9
"09","15","2010",2,1.3,12,6.8
"09","16","2010",8.8,1.5,15,4.1
"09","17","2010",4.7,19.5,20,0.7
"09","18","2010",28.8,0,5,7.3
"09","19","2010",28.7,0,40,10.8
"09","20","2010",18.8,0,65,21.6
"09","21","2010",14.5,0,1,20.3
"09","22","2010",60.8,0,8,5.2
"09","23","2010",5.9,0,6,1.2
"09","24","2010",0.5,0,20,NA
"09","25","2010",4.4,0,3,NA
"09","26","2010",41.7,0,40,NA
"09","27","2010",1.5,0,0,NA
"09","28","2010",15.7,0,15,NA
"09","29","2010",0.3,0,0,NA
"09","30","2010",25.3,0,10,NA
"10","01","2010",52.5,0,90,NA
"10","02","2010",0,0,0,NA
"10","03","2010",6.8,0,10,NA
"10","04","2010",98.8,0,104,NA
"10","05","2010",0,2.5,0,NA
"10","06","2010",0,0,5,NA
"10","07","2010",7,0,15,NA
"10","08","2010",0.2,0,0,NA
"10","09","2010",0,0,0,NA
"10","10","2010",24.3,0,0,NA
"10","11","2010",13.3,0,0,NA
"10","12","2010",1.4,0,0,NA
"10","13","2010",3.4,0,0,NA
"10","14","2010",0.5,5.2,0,NA
"10","15","2010",22.7,0,30,NA
"10","16","2010",9.9,0,0,NA
"10","17","2010",23.3,0,7,NA
"10","18","2010",5.5,0,0,NA
"10","19","2010",80,1.4,75,NA
"10","20","2010",6.5,0,0,NA
"10","21","2010",2.2,0,0,NA
"10","22","2010",19,0,0,NA
"10","23","2010",8.7,0,0,NA
"10","24","2010",15.8,0,65,NA
"10","25","2010",0,0,0,NA
"10","26","2010",21.8,0,0,NA
"10","27","2010",18.5,0,0,NA
"10","28","2010",12.5,12,22,NA
"10","29","2010",33.3,0,38,NA
"10","30","2010",1.4,0,8,NA
"10","31","2010",0,0,0,NA
"11","01","2010",1.6,0,0,NA
"11","02","2010",NA,0,0,NA
"11","03","2010",NA,0,2,NA
"11","04","2010",0,0,2,NA
"11","05","2010",12,0,5,NA
"11","06","2010",39.1,0,50,NA
"11","07","2010",12,0,12,NA
"11","08","2010",55.6,0,0,NA
"11","09","2010",18,0,15,NA
"11","10","2010",0,0,0,NA
"11","11","2010",5.2,0,5,NA
"11","12","2010",14.9,0,2,NA
"11","13","2010",36,0,42,NA
"11","14","2010",27,0,12,NA
"11","15","2010",1,0,0,NA
"11","16","2010",5.4,0,0,NA
"11","17","2010",6.4,0,0,NA
"11","18","2010",8.8,0,2,NA
"11","19","2010",11.2,0,0,NA
"11","20","2010",2.2,0,0,NA
"11","21","2010",0,0,0,NA
"11","22","2010",2.7,0,20,NA
"11","23","2010",0,0,0,NA
"11","24","2010",1.8,0,5,NA
"11","25","2010",0.7,0,0,NA
"11","26","2010",15.8,0,2,NA
"11","27","2010",12.5,0,3,NA
"11","28","2010",6,0,30,NA
"11","29","2010",0,0,0,NA
"11","30","2010",6.3,0,5,NA
"12","01","2010",34.8,0,5,NA
"12","02","2010",2.9,0,30,NA
"12","03","2010",52,0,0,NA
"12","04","2010",2.5,0,0,NA
"12","05","2010",0.3,0,0,NA
"12","06","2010",0,0,0,NA
"12","07","2010",15.9,0,17,NA
"12","08","2010",2.8,0,0,NA
"12","09","2010",4.2,0,0,NA
"12","10","2010",0,0,5,NA
"12","11","2010",0.6,0,4,NA
"12","12","2010",6.1,0,7,NA
"12","13","2010",6.8,0,13,NA
"12","14","2010",37,0,27,NA
"12","15","2010",6.8,0,0,NA
"12","16","2010",3.2,0,3,NA
"12","17","2010",0,0,5,NA
"12","18","2010",22.6,0,20,NA
"12","19","2010",32.8,10,15,NA
"12","20","2010",3.4,0,0,NA
"12","21","2010",0,0,0,NA
"12","22","2010",0.1,0,1,NA
"12","23","2010",0,0,0,NA
"12","24","2010",2.7,0,0,NA
"12","25","2010",1.8,0,0,NA
"12","26","2010",1.1,0,2,NA
"12","27","2010",2.6,0,13.6,NA
"12","28","2010",0.6,0,0,NA
"12","29","2010",14.8,0,0,NA
"12","30","2010",81.9,0,0,NA
"12","31","2010",0,0,0,NA
"01","01","2011",0,0,0,NA
"01","02","2011",0.1,0,0,NA
"01","03","2011",1.4,8.5,30,NA
"01","04","2011",36.5,0,0,NA
"01","05","2011",0,0,0,NA
"01","06","2011",0,0,0,NA
"01","07","2011",7,0,0,NA
"01","08","2011",2.4,0,0,NA
"01","09","2011",4.4,0,0,NA
"01","10","2011",0.4,0,0,NA
"01","11","2011",0.8,0,0,NA
"01","12","2011",2.4,0,0,NA
"01","13","2011",0,0,0,NA
"01","14","2011",8.1,0,10,NA
"01","15","2011",1.1,0,14,NA
"01","16","2011",0,0,0,NA
"01","17","2011",8,0,0,NA
"01","18","2011",0,0,0,NA
"01","19","2011",0,0,0,NA
"01","20","2011",0,0,0,NA
"01","21","2011",0,0,0,NA
"01","22","2011",0,0,0,NA
"01","23","2011",0,0,0,NA
"01","24","2011",1.3,0,0,NA
"01","25","2011",0,0,0,NA
"01","26","2011",17.7,0,7,NA
"01","27","2011",1.8,0,4,NA
"01","28","2011",0,0,3,NA
"01","29","2011",5.2,0,2,NA
"01","30","2011",1.4,0,0,NA
"01","31","2011",0,0,21,NA
"02","01","2011",0,0,0,NA
"02","02","2011",0,0,0,NA
"02","03","2011",0,0,0,NA
"02","04","2011",0,0,0,NA
"02","05","2011",0,0,0,NA
"02","06","2011",1.1,0.6,0,NA
"02","07","2011",0.2,0,0,NA
"02","08","2011",0.7,0,0,NA
"02","09","2011",0,0,0,NA
"02","10","2011",0,0,17,NA
"02","11","2011",0.2,0,0,NA
"02","12","2011",0.4,0,2,NA
"02","13","2011",0,0,0,NA
"02","14","2011",0.3,0,0,NA
"02","15","2011",0.5,0,17,NA
"02","16","2011",11.4,0,10,NA
"02","17","2011",1,0,0,NA
"02","18","2011",12.2,0,0,NA
"02","19","2011",2.2,0,0,NA
"02","20","2011",0,0,0,NA
"02","21","2011",0,0,0,NA
"02","22","2011",2.2,0,0,NA
"02","23","2011",4.6,0,3,NA
"02","24","2011",0,0,0,NA
"02","25","2011",3.7,0,0,NA
"02","26","2011",0,0,0,NA
"02","27","2011",2.2,0,8,NA
"02","28","2011",32.2,0,13,NA
"03","01","2011",18.8,0,22,NA
"03","02","2011",2.8,10,35,NA
"03","03","2011",9.4,0,0,NA
"03","04","2011",8,0,0,NA
"03","05","2011",12.5,0,0,NA
"03","06","2011",7.2,0,5,NA
"03","07","2011",2.5,1.5,0,NA
"03","08","2011",9.7,0,0,NA
"03","09","2011",27.2,0,30,NA
"03","10","2011",1.6,0,0,NA
"03","11","2011",8.2,0,0,NA
"03","12","2011",3.7,0,25,NA
"03","13","2011",3.4,0,0,NA
"03","14","2011",0,0,0,NA
"03","15","2011",0,0,0,NA
"03","16","2011",0,0,0,NA
"03","17","2011",0,1.5,0,NA
"03","18","2011",2.1,0,0,NA
"03","19","2011",13.4,0,19,NA
"03","20","2011",21,0,0,NA
"03","21","2011",5.2,0,0,NA
"03","22","2011",6,6,0,NA
"03","23","2011",1,10.4,2,NA
"03","24","2011",21.5,4,46,NA
"03","25","2011",3,1.6,0,NA
"03","26","2011",9.8,0,0,NA
"03","27","2011",0,0,0,NA
"03","28","2011",3.7,0,0,NA
"03","29","2011",0,0,0,NA
"03","30","2011",0,0,0,NA
"03","31","2011",0,0,0,NA
"04","01","2011",0,0,0,NA
"04","02","2011",0,0,0,NA
"04","03","2011",0.2,0,7,NA
"04","04","2011",24.6,0,0,NA
"04","05","2011",91.4,0,0,NA
"04","06","2011",2.9,0,0,NA
"04","07","2011",7.5,0,0,NA
"04","08","2011",2.8,0,0,NA
"04","09","2011",5,0,0,NA
"04","10","2011",22.2,0,0,NA
"04","11","2011",16.4,0,0,NA
"04","12","2011",74.5,0,37,NA
"04","13","2011",0,0,0,NA
"04","14","2011",2.1,12.2,0,NA
"04","15","2011",12.1,0,6,NA
"04","16","2011",4.5,0,7,NA
"04","17","2011",7.6,0,0,NA
"04","18","2011",3.1,4.5,0,NA
"04","19","2011",13.6,0,19,NA
"04","20","2011",28.5,0,0,NA
"04","21","2011",9.4,0,0,NA
"04","22","2011",2.8,0,0,NA
"04","23","2011",8.3,0,0,NA
"04","24","2011",12.2,0,0,NA
"04","25","2011",3.1,0,0,NA
"04","26","2011",3.9,0,18,NA
"04","27","2011",1.4,0,27,NA
"04","28","2011",0,0,0,NA
"04","29","2011",0,0,0,NA
"04","30","2011",5.4,4.2,6,NA
"05","01","2011",17,3.4,8,NA
"05","02","2011",3.4,2.6,11,NA
"05","03","2011",2.8,2,0,NA
"05","04","2011",8.7,1.4,19,NA
"05","05","2011",5.4,0,0,NA
"05","06","2011",1.2,0,0,NA
"05","07","2011",0,1.4,0,NA
"05","08","2011",10.8,0,8,NA
"05","09","2011",3.8,4.9,0,NA
"05","10","2011",1.8,2.6,5,NA
"05","11","2011",39,1.1,0,NA
"05","12","2011",11.5,13.9,0,NA
"05","13","2011",7.1,0.4,15,NA
"05","14","2011",3.4,0,0,NA
"05","15","2011",23.2,16,40,NA
"05","16","2011",17,25.3,19,NA
"05","17","2011",59,1.9,10,NA
"05","18","2011",1,1.3,0,NA
"05","19","2011",8,0,0,NA
"05","20","2011",0,0.2,0,NA
"05","21","2011",32.5,0,17,NA
"05","22","2011",42,0,14,NA
"05","23","2011",5.5,0,0,NA
"05","24","2011",1.5,0,0,NA
"05","25","2011",17,1.2,0,NA
"05","26","2011",9,2.6,6,NA
"05","27","2011",14.5,2.7,3,NA
"05","28","2011",7.2,0,0,NA
"05","29","2011",7.5,0,6,NA
"05","30","2011",7.2,5,0,NA
"05","31","2011",30.2,14.4,8,NA
"06","01","2011",17,8.1,25,NA
"06","02","2011",28.2,0.3,2,NA
"06","03","2011",1,0,1,NA
"06","04","2011",3.2,0,8,NA
"06","05","2011",0,33.9,0,NA
"06","06","2011",3.1,0,17,NA
"06","07","2011",0.6,0,0,NA
"06","08","2011",0,0,0,NA
"06","09","2011",0,0,0,NA
"06","10","2011",10.2,0,0,NA
"06","11","2011",13.5,0,8,NA
"06","12","2011",0,27,0,NA
"06","13","2011",38.2,0,0,NA
"06","14","2011",0,0,0,NA
"06","15","2011",3.2,4.4,0,NA
"06","16","2011",9.7,0,0,NA
"06","17","2011",0,0,0,NA
"06","18","2011",1.5,3.4,0,NA
"06","19","2011",25,7,27,NA
"06","20","2011",34.4,0,10,NA
"06","21","2011",0,0.1,0,NA
"06","22","2011",11.6,3.6,0,NA
"06","23","2011",3.2,1.2,0,NA
"06","24","2011",11.8,0,7,NA
"06","25","2011",4,0,1,NA
"06","26","2011",0,0,0,NA
"06","27","2011",0,0,0,NA
"06","28","2011",0,17.4,0,NA
"06","29","2011",3.7,10.2,12,NA
"06","30","2011",16.3,0,22,NA
"07","01","2011",1.4,0,0,NA
"07","02","2011",3.4,0,0,NA
"07","03","2011",2.1,0,1,NA
"07","04","2011",33.5,0,16,NA
"07","05","2011",0,0,0,NA
"07","06","2011",6.1,0,8,NA
"07","07","2011",0.2,0,0,NA
"07","08","2011",0,0,0,NA
"07","09","2011",1.2,0,0,NA
"07","10","2011",15.7,0,0,NA
"07","11","2011",5.8,10.4,3,NA
"07","12","2011",4.6,6.2,0,NA
"07","13","2011",19.2,0.9,3,NA
"07","14","2011",8.5,0,14,NA
"07","15","2011",3,0,0,NA
"07","16","2011",36.1,0,2,NA
"07","17","2011",7.3,0,0,NA
"07","18","2011",0.2,0,0,NA
"07","19","2011",3.7,0,0,NA
"07","20","2011",11.8,0,0,NA
"07","21","2011",2.9,0,0,NA
"07","22","2011",4,0.3,0,NA
"07","23","2011",18.6,0,0,NA
"07","24","2011",0,0,2,NA
"07","25","2011",0.7,0,0,NA
"07","26","2011",0,0.4,0,NA
"07","27","2011",9.7,4.2,0,NA
"07","28","2011",21.5,1,49,NA
"07","29","2011",0.1,0,0,NA
"07","30","2011",0,1,0,NA
"07","31","2011",0.3,0,0,NA
"08","01","2011",0.5,3.1,0,NA
"08","02","2011",0.8,0,4,NA
"08","03","2011",0,0,0,NA
"08","04","2011",6,0,0,NA
"08","05","2011",0,1,0,NA
"08","06","2011",4.7,0,1,NA
"08","07","2011",2.7,0,0,NA
"08","08","2011",1.1,1.2,0,NA
"08","09","2011",2.6,0,2,NA
"08","10","2011",NA,2.3,0,NA
"08","11","2011",7.3,0,0,NA
"08","12","2011",6.3,0,0,NA
"08","13","2011",2,0,1,NA
"08","14","2011",34.7,1.2,0,NA
"08","15","2011",13.4,2.4,0,NA
"08","16","2011",55.3,0.5,0,NA
"08","17","2011",8,39.5,3,NA
"08","18","2011",20.2,0,50,NA
"08","19","2011",0.3,0,0,NA
"08","20","2011",0.5,0,29,NA
"08","21","2011",8.4,1,0,NA
"08","22","2011",0.7,0.6,0,NA
"08","23","2011",8,13,0,NA
"08","24","2011",38,3.3,25,NA
"08","25","2011",2.2,0,1,NA
"08","26","2011",0,14.2,0,NA
"08","27","2011",24.8,2.6,12,NA
"08","28","2011",0,2.7,0,NA
"08","29","2011",12.3,0,0,NA
"08","30","2011",0,0,0,NA
"08","31","2011",0,0,0,NA
"09","01","2011",3,0,2,NA
"09","02","2011",18.6,0,11,NA
"09","03","2011",0,0,0,NA
"09","04","2011",6.1,0,0,NA
"09","05","2011",0,0,0,NA
"09","06","2011",0.2,0.4,0,NA
"09","07","2011",9.5,24.1,1,NA
"09","08","2011",12.3,2.5,15,NA
"09","09","2011",1.6,0,0,NA
"09","10","2011",2,0,0,NA
"09","11","2011",3.1,0,0,NA
"09","12","2011",34.4,1.8,12,NA
"09","13","2011",21.4,0,47,NA
"09","14","2011",3.7,0,0,NA
"09","15","2011",1.5,0,6,NA
"09","16","2011",30.5,0.3,7,NA
"09","17","2011",0.5,0.2,9,NA
"09","18","2011",27,9.5,4,NA
"09","19","2011",22.6,0,9,NA
"09","20","2011",0,3.4,0,NA
"09","21","2011",40,0,16,NA
"09","22","2011",2.1,0,0,NA
"09","23","2011",0.3,0,16,NA
"09","24","2011",1.6,0,0,NA
"09","25","2011",8,0,9,NA
"09","26","2011",8.8,0,0,NA
"09","27","2011",5.4,0,0,NA
"09","28","2011",3.8,0,0,NA
"09","29","2011",0,0,0,NA
"09","30","2011",8.9,0,0,NA
"10","01","2011",NA,NA,2,NA
"10","02","2011",5.5,NA,0,NA
"10","03","2011",0,NA,0,NA
"10","04","2011",0,NA,0,NA
"10","05","2011",12.5,NA,5,NA
"10","06","2011",64.4,NA,52,NA
"10","07","2011",0,NA,0,NA
"10","08","2011",5.8,NA,4,NA
"10","09","2011",25.3,NA,5,NA
"10","10","2011",0,NA,0,NA
"10","11","2011",4.2,NA,16,NA
"10","12","2011",64.8,NA,64,NA
"10","13","2011",0.2,NA,0,NA
"10","14","2011",19.8,NA,5,NA
"10","15","2011",3.2,NA,32,NA
"10","16","2011",52.2,NA,0,NA
"10","17","2011",22.6,NA,49,NA
"10","18","2011",10.5,NA,11,NA
"10","19","2011",36.7,NA,4,NA
"10","20","2011",2.5,NA,15,NA
"10","21","2011",0,NA,0,NA
"10","22","2011",0,NA,0,NA
"10","23","2011",0.1,NA,0,NA
"10","24","2011",8.3,NA,0,NA
"10","25","2011",4.1,NA,2,NA
"10","26","2011",0.2,NA,0,NA
"10","27","2011",15.3,NA,0,NA
"10","28","2011",25.5,NA,44,3.9
"10","29","2011",50,NA,57,NA
"10","30","2011",9.1,NA,0,19.1
"10","31","2011",0.4,NA,0,NA
"11","01","2011",0,NA,0,0
"11","02","2011",1.4,NA,0,0
"11","03","2011",19.7,NA,0,NA
"11","04","2011",2,NA,13,NA
"11","05","2011",1.3,NA,0,NA
"11","06","2011",5,NA,6,10.1
"11","07","2011",7.7,NA,1,NA
"11","08","2011",10.5,NA,12,NA
"11","09","2011",9,NA,4,NA
"11","10","2011",8.2,NA,0,NA
"11","11","2011",11.6,NA,25,NA
"11","12","2011",8,NA,0,NA
"11","13","2011",0.6,NA,1,0.3
"11","14","2011",55.5,NA,19,NA
"11","15","2011",0,NA,0,NA
"11","16","2011",5.3,NA,0,50.3
"11","17","2011",41.7,NA,95,18.8
"11","18","2011",3.2,NA,12,NA
"11","19","2011",12,NA,0,NA
"11","20","2011",7.7,NA,0,NA
"11","21","2011",0,NA,0,0.2
"11","22","2011",19.7,NA,8,NA
"11","23","2011",0.3,NA,3,NA
"11","24","2011",0,NA,0,NA
"11","25","2011",11.3,NA,0,NA
"11","26","2011",13.9,NA,2,NA
"11","27","2011",3.5,NA,1,NA
"11","28","2011",32.7,NA,46,46
"11","29","2011",0,NA,0,4.8
"11","30","2011",0,NA,19,NA
"12","01","2011",0,NA,0,0
"12","02","2011",0.2,NA,2,NA
"12","03","2011",1.5,NA,0,NA
"12","04","2011",20,NA,2,7.5
"12","05","2011",90.7,NA,31,NA
"12","06","2011",8,NA,2,NA
"12","07","2011",9.2,NA,0,NA
"12","08","2011",22.5,NA,10,NA
"12","09","2011",0.5,NA,0,0.2
"12","10","2011",0,NA,11,0.1
"12","11","2011",23.1,NA,15,NA
"12","12","2011",2.7,NA,0,NA
"12","13","2011",1,NA,0,NA
"12","14","2011",3.5,NA,2,NA
"12","15","2011",3.7,NA,0,NA
"12","16","2011",32.5,NA,4,NA
"12","17","2011",3.1,NA,0,NA
"12","18","2011",19.9,NA,0,0.1
"12","19","2011",0.5,NA,0,NA
"12","20","2011",0.4,NA,0,NA
"12","21","2011",0,NA,0,NA
"12","22","2011",0,NA,0,NA
"12","23","2011",0,NA,0,NA
"12","24","2011",0,NA,0,NA
"12","25","2011",0,NA,0,NA
"12","26","2011",0.7,NA,1,NA
"12","27","2011",10.5,NA,0,NA
"12","28","2011",9.6,NA,0,NA
"12","29","2011",0,NA,0,NA
"12","30","2011",1.5,NA,0,NA
"12","31","2011",0,NA,0,NA
"01","01","2012",0,NA,0,NA
"01","02","2012",0,NA,0,NA
"01","03","2012",1.3,NA,2,NA
"01","04","2012",0,NA,0,NA
"01","05","2012",4.9,NA,5,NA
"01","06","2012",0.1,NA,0,NA
"01","07","2012",1.6,NA,0,NA
"01","08","2012",5.5,NA,0,NA
"01","09","2012",0,NA,0,NA
"01","10","2012",0,NA,0,NA
"01","11","2012",0,NA,0,NA
"01","12","2012",9.8,NA,4,NA
"01","13","2012",0,NA,0,NA
"01","14","2012",4,NA,0,NA
"01","15","2012",5.4,NA,0,NA
"01","16","2012",8.8,NA,0,NA
"01","17","2012",0,NA,0,NA
"01","18","2012",0,NA,0,NA
"01","19","2012",11.4,NA,10,0
"01","20","2012",1.1,NA,0,NA
"01","21","2012",0,NA,0,NA
"01","22","2012",0,NA,0,NA
"01","23","2012",0,NA,4,NA
"01","24","2012",6.4,NA,0,NA
"01","25","2012",0,NA,1,NA
"01","26","2012",0,NA,0,NA
"01","27","2012",0,NA,0,NA
"01","28","2012",1.2,NA,0,NA
"01","29","2012",0,NA,0,NA
"01","30","2012",8.8,NA,31,NA
"01","31","2012",0,NA,0,NA
"02","01","2012",0,NA,0,NA
"02","02","2012",0,NA,0,NA
"02","03","2012",0,NA,0,NA
"02","04","2012",12.5,NA,18,NA
"02","05","2012",0.4,NA,25,NA
"02","06","2012",1.2,NA,0,NA
"02","07","2012",11.1,NA,3,NA
"02","08","2012",25,NA,0,NA
"02","09","2012",4.1,NA,0,NA
"02","10","2012",28.5,NA,4,NA
"02","11","2012",0,NA,0,NA
"02","12","2012",0,NA,0,NA
"02","13","2012",0,NA,0,NA
"02","14","2012",0,NA,0,NA
"02","15","2012",0,NA,0,NA
"02","16","2012",0,NA,11,NA
"02","17","2012",0,NA,0,NA
"02","18","2012",1.5,NA,6,NA
"02","19","2012",2.5,NA,0,NA
"02","20","2012",0,NA,0,NA
"02","21","2012",0,NA,2,NA
"02","22","2012",0,NA,0,NA
"02","23","2012",0,NA,0,NA
"02","24","2012",0,NA,0,NA
"02","25","2012",0,NA,0,NA
"02","26","2012",0,NA,0,NA
"02","27","2012",0,NA,0,NA
"02","28","2012",0,NA,0,NA
"02","29","2012",NA,NA,0,NA
"03","01","2012",0,NA,0,0
"03","02","2012",31.4,NA,23,NA
"03","03","2012",0,NA,0,NA
"03","04","2012",1.7,NA,4,NA
"03","05","2012",0,NA,0,NA
"03","06","2012",51.1,NA,42,NA
"03","07","2012",31.5,NA,0,NA
"03","08","2012",12.4,NA,15,NA
"03","09","2012",7.4,NA,10,NA
"03","10","2012",0,NA,0,NA
"03","11","2012",0,NA,0,NA
"03","12","2012",6.3,NA,12,0
"03","13","2012",0,NA,0,NA
"03","14","2012",0,NA,0,NA
"03","15","2012",28.1,NA,32,NA
"03","16","2012",0.5,NA,0,NA
"03","17","2012",1.3,NA,0,NA
"03","18","2012",7,NA,51,3
"03","19","2012",0.7,NA,0,NA
"03","20","2012",0.4,NA,0,NA
"03","21","2012",18.4,NA,10,NA
"03","22","2012",1.7,NA,0,14.5
"03","23","2012",0,NA,0,NA
"03","24","2012",6.1,NA,7,NA
"03","25","2012",7.1,NA,11,NA
"03","26","2012",6.3,NA,0,NA
"03","27","2012",1.9,NA,0,NA
"03","28","2012",40.6,NA,0,NA
"03","29","2012",60.4,NA,45,NA
"03","30","2012",2.7,NA,2,NA
"03","31","2012",NA,NA,10,NA
"04","01","2012",25.6,NA,31,NA
"04","02","2012",0,NA,0,2.4
"04","03","2012",0.9,NA,1,NA
"04","04","2012",1.2,NA,0,NA
"04","05","2012",14.2,NA,0,NA
"04","06","2012",12.4,NA,1,NA
"04","07","2012",7.1,NA,3,6.1
"04","08","2012",4.3,NA,5,NA
"04","09","2012",18.5,NA,25,NA
"04","10","2012",0.6,NA,0,NA
"04","11","2012",13.4,NA,35,NA
"04","12","2012",43.5,NA,38,NA
"04","13","2012",7.5,NA,7,NA
"04","14","2012",0.5,NA,0,NA
"04","15","2012",2,NA,0,NA
"04","16","2012",1.4,NA,67,NA
"04","17","2012",70.5,NA,53,NA
"04","18","2012",21.7,NA,0,NA
"04","19","2012",9.5,NA,4,NA
"04","20","2012",10.8,NA,3,NA
"04","21","2012",3.5,NA,2,NA
"04","22","2012",0,NA,32,NA
"04","23","2012",13,NA,7,NA
"04","24","2012",2,NA,0,NA
"04","25","2012",0.8,NA,0,NA
"04","26","2012",10.5,NA,0,NA
"04","27","2012",1.2,NA,2,2.9
"04","28","2012",4.7,NA,0,4.4
"04","29","2012",0,NA,0,NA
"04","30","2012",NA,NA,36,NA
"05","01","2012",10.4,NA,0,NA
"05","02","2012",10.5,NA,3,NA
"05","03","2012",0,NA,0,NA
"05","04","2012",18.4,NA,25,NA
"05","05","2012",8.2,NA,2,NA
"05","06","2012",1.5,NA,0,NA
"05","07","2012",3.6,NA,3,NA
"05","08","2012",6.5,NA,6,NA
"05","09","2012",0,NA,0,2.7
"05","10","2012",4.8,NA,7,5
"05","11","2012",0,NA,0,NA
"05","12","2012",5.3,NA,7,6.6
"05","13","2012",0,NA,0,1.2
"05","14","2012",30,NA,26,NA
"05","15","2012",0,NA,0,NA
"05","16","2012",30.4,NA,0,NA
"05","17","2012",0.3,NA,0,0.4
"05","18","2012",6.4,NA,10,NA
"05","19","2012",10.4,NA,5,NA
"05","20","2012",0.9,NA,0,NA
"05","21","2012",7,NA,22,NA
"05","22","2012",12.5,NA,3,NA
"05","23","2012",0.6,NA,0,NA
"05","24","2012",3.9,NA,36,NA
"05","25","2012",29,NA,0,NA
"05","26","2012",1.5,NA,0,NA
"05","27","2012",0,NA,0,NA
"05","28","2012",0,NA,0,NA
"05","29","2012",10.5,NA,0,NA
"05","30","2012",0,NA,0,NA
"05","31","2012",NA,NA,0,NA
"06","01","2012",0,NA,0,NA
"06","02","2012",10.8,NA,3,NA
"06","03","2012",0,NA,0,NA
"06","04","2012",4.5,NA,0,NA
"06","05","2012",0,NA,0,NA
"06","06","2012",0,NA,0,NA
"06","07","2012",15.9,NA,0,NA
"06","08","2012",6.4,NA,0,NA
"06","09","2012",9.5,NA,0,NA
"06","10","2012",2.9,NA,0,NA
"06","11","2012",6,NA,15,NA
"06","12","2012",7.5,NA,0,NA
"06","13","2012",8.5,NA,10,NA
"06","14","2012",2.3,NA,2,NA
"06","15","2012",3.3,NA,16,NA
"06","16","2012",4.6,NA,0,NA
"06","17","2012",1.5,NA,0,NA
"06","18","2012",0.4,NA,7,NA
"06","19","2012",4.2,NA,0,NA
"06","20","2012",3.4,NA,0,NA
"06","21","2012",0,NA,0,NA
"06","22","2012",0,NA,0,NA
"06","23","2012",0,NA,0,8.2
"06","24","2012",7.3,NA,25,NA
"06","25","2012",0,NA,0,NA
"06","26","2012",19.2,NA,2,NA
"06","27","2012",1.7,NA,0,0.4
"06","28","2012",0,NA,0,NA
"06","29","2012",1.6,NA,0,0
"06","30","2012",17,NA,5,7.9
"07","01","2012",0,NA,0,0.1
"07","02","2012",0,NA,0,NA
"07","03","2012",7.6,NA,0,NA
"07","04","2012",0.3,NA,0,NA
"07","05","2012",0.5,NA,0,0
"07","06","2012",0,NA,0,NA
"07","07","2012",0,NA,0,NA
"07","08","2012",0,NA,0,NA
"07","09","2012",2.1,NA,0,NA
"07","10","2012",4.2,NA,0,NA
"07","11","2012",16.9,NA,1,NA
"07","12","2012",4.2,NA,0,NA
"07","13","2012",12.8,NA,23,NA
"07","14","2012",6.6,NA,0,NA
"07","15","2012",1,NA,0,NA
"07","16","2012",0,NA,0,NA
"07","17","2012",21.4,NA,24,NA
"07","18","2012",8.9,NA,1,NA
"07","19","2012",6.4,NA,15,2.3
"07","20","2012",3,NA,3,0.6
"07","21","2012",4.8,NA,0,3.4
"07","22","2012",0,NA,0,0
"07","23","2012",0,NA,6,NA
"07","24","2012",0,NA,0,0.6
"07","25","2012",0,NA,0,NA
"07","26","2012",12.7,NA,2,0.8
"07","27","2012",6,NA,0,NA
"07","28","2012",0,NA,0,NA
"07","29","2012",5.6,NA,0,NA
"07","30","2012",0,NA,3,4.9
"07","31","2012",6.6,NA,17,NA
"08","01","2012",16.8,NA,62,NA
"08","02","2012",0,NA,0,NA
"08","03","2012",2.2,NA,6,NA
"08","04","2012",35.5,NA,30,NA
"08","05","2012",43.5,NA,12,NA
"08","06","2012",23.7,NA,0,NA
"08","07","2012",0,NA,0,0
"08","08","2012",3.7,NA,9,0.8
"08","09","2012",1.1,NA,0,2.2
"08","10","2012",2.4,NA,4,NA
"08","11","2012",0.6,NA,0,NA
"08","12","2012",4.2,NA,7,10.7
"08","13","2012",24.4,NA,10,NA
"08","14","2012",4.8,NA,2,NA
"08","15","2012",0,NA,0,0.2
"08","16","2012",1.4,NA,0,NA
"08","17","2012",13.2,NA,3,NA
"08","18","2012",3,NA,0,NA
"08","19","2012",2.4,NA,0,NA
"08","20","2012",0,NA,0,NA
"08","21","2012",1.7,NA,0,NA
"08","22","2012",11.6,NA,0,NA
"08","23","2012",2.5,NA,6,NA
"08","24","2012",4.8,NA,80,NA
"08","25","2012",11.5,NA,0,NA
"08","26","2012",17.5,NA,0,NA
"08","27","2012",0.3,NA,0,NA
"08","28","2012",0,NA,0,NA
"08","29","2012",0,NA,0,0
"08","30","2012",0,NA,1,NA
"08","31","2012",0,NA,0,NA
"09","01","2012",0.1,NA,0,NA
"09","02","2012",16.6,NA,1,NA
"09","03","2012",38.8,NA,33,NA
"09","04","2012",4.2,NA,4,NA
"09","05","2012",6.7,NA,1,NA
"09","06","2012",21.6,NA,7,NA
"09","07","2012",0,NA,0,NA
"09","08","2012",0,NA,0,NA
"09","09","2012",10,NA,11,NA
"09","10","2012",0,NA,0,NA
"09","11","2012",2.5,NA,6,NA
"09","12","2012",9.4,NA,41,NA
"09","13","2012",0,NA,0,NA
"09","14","2012",0,NA,0,NA
"09","15","2012",0,NA,0,NA
"09","16","2012",1.2,NA,15,NA
"09","17","2012",11,NA,5,NA
"09","18","2012",13.6,NA,11,NA
"09","19","2012",0,NA,0,NA
"09","20","2012",0,NA,0,NA
"09","21","2012",4.8,NA,7,NA
"09","22","2012",1.2,NA,0,NA
"09","23","2012",0,NA,0,NA
"09","24","2012",7.8,NA,0,NA
"09","25","2012",7.5,NA,15,NA
"09","26","2012",7.3,NA,3,NA
"09","27","2012",1.6,NA,3,NA
"09","28","2012",1.6,NA,4,NA
"09","29","2012",2.4,NA,0,NA
"09","30","2012",18,NA,10,NA
"10","01","2012",0.4,NA,6,NA
"10","02","2012",0,NA,0,NA
"10","03","2012",0.9,NA,0,NA
"10","04","2012",18.1,NA,50,NA
"10","05","2012",0,NA,0,NA
"10","06","2012",35.1,NA,50,NA
"10","07","2012",3.4,NA,3,NA
"10","08","2012",4.4,NA,0,NA
"10","09","2012",29.5,NA,0,NA
"10","10","2012",0,NA,0,NA
"10","11","2012",20,NA,0,NA
"10","12","2012",60,NA,0,NA
"10","13","2012",0,NA,0,NA
"10","14","2012",6.1,NA,1,NA
"10","15","2012",0,NA,6,NA
"10","16","2012",44.1,NA,54,NA
"10","17","2012",6.9,NA,3,NA
"10","18","2012",12.3,NA,2,NA
"10","19","2012",0,NA,0,NA
"10","20","2012",4.8,NA,34,NA
"10","21","2012",7.9,NA,3,46.1
"10","22","2012",11,NA,0,61.5
"10","23","2012",14.6,NA,24,18.7
"10","24","2012",37.3,NA,30,NA
"10","25","2012",0,NA,0,NA
"10","26","2012",0,NA,0,NA
"10","27","2012",1.2,NA,0,NA
"10","28","2012",2.4,NA,4,NA
"10","29","2012",1.4,NA,0,NA
"10","30","2012",18.2,NA,10,NA
"10","31","2012",0,NA,0,NA
"11","01","2012",0,NA,0,NA
"11","02","2012",12.6,NA,0,NA
"11","03","2012",0,NA,0,NA
"11","04","2012",0,NA,0,NA
"11","05","2012",0.1,NA,0,NA
"11","06","2012",0,NA,0,NA
"11","07","2012",0,NA,10,NA
"11","08","2012",0,NA,0,NA
"11","09","2012",0.4,NA,13,NA
"11","10","2012",14.2,NA,0,NA
"11","11","2012",28.2,NA,13,NA
"11","12","2012",0,NA,0,NA
"11","13","2012",0,NA,0,NA
"11","14","2012",7.2,NA,8,NA
"11","15","2012",40.2,NA,28,NA
"11","16","2012",1.3,NA,0,NA
"11","17","2012",6.3,NA,0,NA
"11","18","2012",26.8,NA,0,NA
"11","19","2012",0,NA,0,NA
"11","20","2012",0,NA,0,NA
"11","21","2012",1.8,NA,0,NA
"11","22","2012",0.7,NA,0,NA
"11","23","2012",0,NA,4,NA
"11","24","2012",28.8,NA,0,NA
"11","25","2012",0,NA,0,NA
"11","26","2012",0.3,NA,0,NA
"11","27","2012",11.2,NA,0,NA
"11","28","2012",15.7,NA,18,NA
"11","29","2012",0.6,NA,13,NA
"11","30","2012",0,NA,40,NA
"12","01","2012",2.5,NA,0,NA
"12","02","2012",13.9,NA,6,NA
"12","03","2012",0,NA,0,NA
"12","04","2012",0,NA,8,NA
"12","05","2012",0,NA,0,NA
"12","06","2012",0,NA,0,NA
"12","07","2012",0,NA,0,NA
"12","08","2012",0,NA,0,NA
"12","09","2012",0,NA,0,NA
"12","10","2012",0,NA,0,NA
"12","11","2012",1.2,NA,19,NA
"12","12","2012",2.9,NA,0,NA
"12","13","2012",0.6,NA,0,NA
"12","14","2012",13.6,NA,1,NA
"12","15","2012",0.5,NA,0,NA
"12","16","2012",0,NA,0,NA
"12","17","2012",0,NA,0,NA
"12","18","2012",0,NA,0,NA
"12","19","2012",0,NA,0,NA
"12","20","2012",1.2,NA,1,NA
"12","21","2012",3,NA,1,NA
"12","22","2012",9.9,NA,0,NA
"12","23","2012",1.2,NA,0,NA
"12","24","2012",0,NA,0,NA
"12","25","2012",0,NA,0,NA
"12","26","2012",0,NA,0,NA
"12","27","2012",0,NA,0,NA
"12","28","2012",0,NA,0,NA
"12","29","2012",0,NA,0,NA
"12","30","2012",0,NA,0,NA
"12","31","2012",0,NA,0,NA
"01","01","2013",2.2,NA,0,NA
"01","02","2013",0,NA,0,NA
"01","03","2013",0,NA,0,NA
"01","04","2013",0,NA,0,NA
"01","05","2013",0,NA,0,NA
"01","06","2013",0,NA,0,NA
"01","07","2013",0,NA,0,NA
"01","08","2013",0,NA,0,NA
"01","09","2013",0,NA,0,NA
"01","10","2013",0,NA,0,NA
"01","11","2013",0,NA,0,NA
"01","12","2013",0,NA,0,NA
"01","13","2013",0,NA,0,NA
"01","14","2013",0,NA,0,NA
"01","15","2013",0,NA,0,NA
"01","16","2013",0,NA,0,NA
"01","17","2013",0,NA,0,NA
"01","18","2013",0,NA,0,NA
"01","19","2013",0,NA,0,NA
"01","20","2013",0,NA,0,NA
"01","21","2013",0,NA,0,NA
"01","22","2013",0,NA,0,NA
"01","23","2013",23.1,NA,0,NA
"01","24","2013",0,NA,0,NA
"01","25","2013",43.5,NA,14,NA
"01","26","2013",0,NA,0,NA
"01","27","2013",0,NA,0,NA
"01","28","2013",0,NA,0,NA
"01","29","2013",0,NA,0,NA
"01","30","2013",0,NA,0,NA
"01","31","2013",16.7,NA,24,NA
"02","01","2013",0,NA,0,NA
"02","02","2013",15.9,NA,7,7.3
"02","03","2013",4.8,NA,0,NA
"02","04","2013",0,NA,28,NA
"02","05","2013",6.1,NA,11,NA
"02","06","2013",1.1,NA,15,NA
"02","07","2013",0,NA,43,NA
"02","08","2013",16.7,NA,0,NA
"02","09","2013",3,NA,5,56.1
"02","10","2013",0,NA,0,NA
"02","11","2013",0,NA,0,NA
"02","12","2013",28.7,NA,0,0
"02","13","2013",0,NA,0,NA
"02","14","2013",0,NA,0,NA
"02","15","2013",0,NA,0,0
"02","16","2013",6.3,NA,0,0
"02","17","2013",2.8,NA,0,76.4
"02","18","2013",0,NA,0,NA
"02","19","2013",0,NA,0,NA
"02","20","2013",0,NA,0,0.2
"02","21","2013",0,NA,0,0
"02","22","2013",0,NA,0,0
"02","23","2013",0,NA,0,0
"02","24","2013",4,NA,0,19.2
"02","25","2013",0.5,NA,0,0.1
"02","26","2013",0,NA,4,0
"02","27","2013",5.2,NA,0,0.2
"02","28","2013",0,NA,6,9
"03","01","2013",0,NA,0,0.3
"03","02","2013",0,NA,0,0
"03","03","2013",4.2,NA,0,3.5
"03","04","2013",0,NA,0,0
"03","05","2013",0.4,NA,0,0
"03","06","2013",0,NA,1,0
"03","07","2013",0,NA,0,NA
"03","08","2013",0,NA,0,0
"03","09","2013",7.4,NA,0,NA
"03","10","2013",0,NA,0,0
"03","11","2013",1.9,NA,0,NA
"03","12","2013",0,NA,0,NA
"03","13","2013",4.2,NA,7,NA
"03","14","2013",8.3,NA,0,NA
"03","15","2013",10.4,NA,3,NA
"03","16","2013",0.8,NA,0,NA
"03","17","2013",13.2,NA,0,2.4
"03","18","2013",0,NA,15,NA
"03","19","2013",2.7,NA,0,0
"03","20","2013",0,NA,0,19.6
"03","21","2013",13.7,NA,0,2.5
"03","22","2013",4,NA,0,1.1
"03","23","2013",0,NA,0,0
"03","24","2013",2.2,NA,1,0
"03","25","2013",0,NA,0,NA
"03","26","2013",0,NA,0,0.3
"03","27","2013",0,NA,0,4.9
"03","28","2013",0,NA,0,NA
"03","29","2013",1.8,NA,22,0.2
"03","30","2013",0,NA,0,0
"03","31","2013",1.2,NA,0,0.2
"04","01","2013",3.5,NA,0,NA
"04","02","2013",0,NA,0,0.2
"04","03","2013",0,NA,0,0
"04","04","2013",0,NA,0,0
"04","05","2013",3.2,NA,0,0.2
"04","06","2013",1.9,NA,0,NA
"04","07","2013",0,NA,0,0
"04","08","2013",1.2,NA,0,NA
"04","09","2013",0,NA,0,0.1
"04","10","2013",0,NA,0,0.1
"04","11","2013",0,NA,0,0.5
"04","12","2013",0,NA,0,0
"04","13","2013",0,NA,0,NA
"04","14","2013",3.5,NA,12,0.3
"04","15","2013",0,NA,0,5.2
"04","16","2013",5.9,NA,0,0.5
"04","17","2013",0,NA,0,0.1
"04","18","2013",2.4,NA,0,0.1
"04","19","2013",1.2,NA,9,3.9
"04","20","2013",33.5,NA,55,13.4
"04","21","2013",0.6,NA,0,12.3
"04","22","2013",0,NA,0,0
"04","23","2013",25.6,NA,10,5.4
"04","24","2013",9.4,NA,5,0.1
"04","25","2013",0,NA,0,21.2
"04","26","2013",10.6,NA,0,0.9
"04","27","2013",1.7,NA,0,2.7
"04","28","2013",0,NA,0,7.3
"04","29","2013",26,NA,0,20.5
"04","30","2013",16.7,NA,0,NA
"05","01","2013",52.8,NA,63,9.2
"05","02","2013",55.5,NA,62,17.5
"05","03","2013",0,NA,0,27.8
"05","04","2013",70.5,NA,25,NA
"05","05","2013",0,NA,0,40
"05","06","2013",70,NA,17,17.4
"05","07","2013",3.2,NA,3,4.5
"05","08","2013",16.7,NA,0,NA
"05","09","2013",22.4,NA,6,NA
"05","10","2013",0,NA,0,0.1
"05","11","2013",0,NA,0,0
"05","12","2013",10.4,NA,6,0
"05","13","2013",7,NA,12,0.6
"05","14","2013",0,NA,0,8.5
"05","15","2013",4.4,NA,6,0.3
"05","16","2013",24.2,NA,0,1.2
"05","17","2013",4.8,NA,4,1.6
"05","18","2013",10,NA,9,4
"05","19","2013",18.6,NA,0,4
"05","20","2013",0.9,NA,0,1
"05","21","2013",9,NA,0,1.4
"05","22","2013",40.3,NA,0,NA
"05","23","2013",5.5,NA,4,10.8
"05","24","2013",3,NA,0,NA
"05","25","2013",1.3,NA,0,0
"05","26","2013",0,NA,0,0.1
"05","27","2013",0,NA,0,0.1
"05","28","2013",30.4,NA,25,37.2
"05","29","2013",4.9,NA,0,1.5
"05","30","2013",51.5,NA,5,0.6
"05","31","2013",15.4,NA,9,3.7
"06","01","2013",1.9,NA,0,NA
"06","02","2013",41.1,NA,0,1.8
"06","03","2013",0,NA,0,13.5
"06","04","2013",0,NA,0,NA
"06","05","2013",0,NA,0,0
"06","06","2013",0,NA,0,3.1
"06","07","2013",0,NA,0,1.5
"06","08","2013",2.2,NA,0,NA
"06","09","2013",9.2,NA,0,6.9
"06","10","2013",0,NA,0,NA
"06","11","2013",22.4,NA,6,NA
"06","12","2013",15.5,NA,0,NA
"06","13","2013",0,NA,0,0.1
"06","14","2013",10,NA,10,17.6
"06","15","2013",14.7,NA,0,20.1
"06","16","2013",0,NA,0,0
"06","17","2013",0,NA,0,0
"06","18","2013",0,NA,1,0
"06","19","2013",5.7,NA,7,5.2
"06","20","2013",6.5,NA,0,0
"06","21","2013",0,NA,0,0
"06","22","2013",0,NA,0,0
"06","23","2013",6,NA,0,0.9
"06","24","2013",4.5,NA,2,1.9
"06","25","2013",1.2,NA,0,7.3
"06","26","2013",0,NA,0,0
"06","27","2013",11.7,NA,38,1.3
"06","28","2013",0.4,NA,0,27.3
"06","29","2013",3.6,NA,0,0
"06","30","2013",14.5,NA,1,16
"07","01","2013",0.3,NA,0,14.4
"07","02","2013",0,NA,0,0
"07","03","2013",2.8,NA,0,0
"07","04","2013",0.9,NA,4,0
"07","05","2013",12.5,NA,0,5
"07","06","2013",0,NA,4,0.1
"07","07","2013",73.3,NA,0,2.1
"07","08","2013",0,NA,0,0
"07","09","2013",0,NA,0,0
"07","10","2013",50.3,NA,0,30.6
"07","11","2013",0.4,NA,0,0
"07","12","2013",0,NA,0,0
"07","13","2013",0,NA,0,0
"07","14","2013",0,0,0,0
"07","15","2013",0,5.7,0,NA
"07","16","2013",5.3,0,16,9.7
"07","17","2013",0,0,0,0.1
"07","18","2013",0.9,0,0,0
"07","19","2013",0,0,18,0
"07","20","2013",1.9,0,0,17.2
"07","21","2013",0.6,0,0,0
"07","22","2013",0,0,0,5.2
"07","23","2013",3.3,0,15,17.9
"07","24","2013",0,0,0,NA
"07","25","2013",14.9,28.5,32,18.6
"07","26","2013",1.9,1.4,4,1.5
"07","27","2013",2.6,1.4,0,0.4
"07","28","2013",6.7,4.4,0,1.6
"07","29","2013",4.6,1.5,0,16.3
"07","30","2013",12.2,1.3,0,2.7
"07","31","2013",3.9,3,5,4.1
"08","01","2013",5,1.3,0,NA
"08","02","2013",0,0,0,NA
"08","03","2013",0.5,1.1,0,0.2
"08","04","2013",8,2.5,0,NA
"08","05","2013",0.9,0,0,0.3
"08","06","2013",5.2,0,0,0
"08","07","2013",4.2,10.9,0,2.5
"08","08","2013",14.7,2.5,13,16.1
"08","09","2013",41.7,16.4,20,4
"08","10","2013",7.8,15,11,4.9
"08","11","2013",9.5,17,0,8.3
"08","12","2013",4.6,2.1,0,3
"08","13","2013",15.8,0.3,14,9.3
"08","14","2013",0,0,0,0.3
"08","15","2013",2.4,0,0,NA
"08","16","2013",11.7,0,0,0
"08","17","2013",19.7,11.6,5,40.7
"08","18","2013",4.1,3.2,0,NA
"08","19","2013",17.3,0,0,0.9
"08","20","2013",72.6,7.9,63,113.7
"08","21","2013",2.2,0,0,0.4
"08","22","2013",4.7,0,0,0.4
"08","23","2013",0,0,0,0.7
"08","24","2013",0,0,0,0
"08","25","2013",10,3.9,17,4.3
"08","26","2013",26.8,13.5,1,4
"08","27","2013",1.9,0.3,1,3.8
"08","28","2013",3.7,5.3,0,2.2
"08","29","2013",44.5,0.3,10,16
"08","30","2013",33.2,0.8,0,13
"08","31","2013",11.2,0,0,1
"09","01","2013",9.8,7.4,0,0.5
"09","02","2013",12.5,4.7,3,NA
"09","03","2013",3.5,0,2,3.3
"09","04","2013",26.3,5.2,3,NA
"09","05","2013",3.6,0.7,12,NA
"09","06","2013",14.7,4.1,4,16.8
"09","07","2013",3.2,0.6,2,1.6
"09","08","2013",38.5,2.8,0,0.3
"09","09","2013",3.3,0.2,0,2
"09","10","2013",18.7,1.6,0,1
"09","11","2013",0,0.5,26,0.1
"09","12","2013",17.7,0,0,4.9
"09","13","2013",0,0,0,NA
"09","14","2013",0,0,0,0
"09","15","2013",14.5,1,0,NA
"09","16","2013",0,0,0,NA
"09","17","2013",1.8,0,0,3
"09","18","2013",1.2,0,0,NA
"09","19","2013",0,4.7,3,NA
"09","20","2013",0,0,0,NA
"09","21","2013",3.2,0,0,0
"09","22","2013",6.9,0.6,6,NA
"09","23","2013",9,0.7,0,NA
"09","24","2013",0,0,0,1.9
"09","25","2013",26.2,0,0,NA
"09","26","2013",1.9,2.3,0,NA
"09","27","2013",37,0,3,NA
"09","28","2013",2.8,0,0,NA
"09","29","2013",22.7,1.6,3,NA
"09","30","2013",0,7.4,10,NA
"10","01","2013",0,0.5,0,8.5
"10","02","2013",29.6,0,0,0
"10","03","2013",4.7,2.2,34,0
"10","04","2013",17.2,4.3,0,NA
"10","05","2013",0,0,0,NA
"10","06","2013",0,0,38,NA
"10","07","2013",3.2,7.3,0,3.5
"10","08","2013",7.6,0,0,NA
"10","09","2013",1.7,1.1,0,0
"10","10","2013",0,0,0,0.2
"10","11","2013",0.5,0.2,0,NA
"10","12","2013",4.8,0.4,6,0.2
"10","13","2013",0,6.4,0,NA
"10","14","2013",1,0,8,NA
"10","15","2013",18.6,0.3,0,NA
"10","16","2013",2.7,7.5,0,NA
"10","17","2013",2.2,0,18,5.6
"10","18","2013",6.7,2,23,NA
"10","19","2013",0,0,0,NA
"10","20","2013",5.4,0,30,0.1
"10","21","2013",2.5,2.9,0,NA
"10","22","2013",1.5,5.2,0,2.3
"10","23","2013",4.2,0,0,NA
"10","24","2013",25,0,3,NA
"10","25","2013",0,0,0,0
"10","26","2013",0,0.2,0,NA
"10","27","2013",1.2,3.3,0,NA
"10","28","2013",0,0,0,0
"10","29","2013",1.5,0,0,0
"10","30","2013",0,0.5,7,0
"10","31","2013",6,26,48,18.6
"11","01","2013",0,0.4,0,11.4
"11","02","2013",0,0,0,NA
"11","03","2013",0.5,0.3,0,0
"11","04","2013",6.2,6.6,3,10.2
"11","05","2013",0,0.8,0,1.2
"11","06","2013",85,27,60,69.8
"11","07","2013",2.6,0.8,0,13.4
"11","08","2013",0,0,0,2.8
"11","09","2013",6.6,0,0,NA
"11","10","2013",1.5,0,0,1.2
"11","11","2013",1.3,0,0,NA
"11","12","2013",18.9,8.5,7,NA
"11","13","2013",0,0,0,NA
"11","14","2013",1.2,0,0,NA
"11","15","2013",0,0,0,0.7
"11","16","2013",0.7,0,0,NA
"11","17","2013",5,1.6,0,0
"11","18","2013",48.2,0,13,4.6
"11","19","2013",0.4,0,0,NA
"11","20","2013",5,0,1,NA
"11","21","2013",0,0,0,NA
"11","22","2013",1.3,0,0,NA
"11","23","2013",6.4,0,0,NA
"11","24","2013",77.6,16,14,NA
"11","25","2013",0.2,0,0,14.3
"11","26","2013",8.2,0,0,0
"11","27","2013",8.7,10.7,12,6
"11","28","2013",2.9,0,0,37.6
"11","29","2013",0.5,0.3,0,0
"11","30","2013",0.9,4.2,0,2.8
"12","01","2013",NA,0.2,3,0.4
"12","02","2013",NA,0,0,16.2
"12","03","2013",NA,0,6,6.9
"12","04","2013",NA,0.2,0,0
"12","05","2013",NA,0,0,0.1
"12","06","2013",NA,0,3,0
"12","07","2013",NA,1.5,0,NA
"12","08","2013",NA,0.5,4,4.8
"12","09","2013",NA,0,0,NA
"12","10","2013",NA,0,0,NA
"12","11","2013",NA,0,0,0
"12","12","2013",NA,0,0,0
"12","13","2013",NA,0,0,1.2
"12","14","2013",NA,0,0,0
"12","15","2013",NA,0,0,2.3
"12","16","2013",NA,0,0,0
"12","17","2013",NA,0,60,10.6
"12","18","2013",NA,0,23,NA
"12","19","2013",NA,0,0,8.2
"12","20","2013",NA,0,0,0
"12","21","2013",NA,0,0,0
"12","22","2013",NA,0,0,0
"12","23","2013",NA,0,3,2.1
"12","24","2013",NA,0.4,0,1.6
"12","25","2013",NA,0,0,0.9
"12","26","2013",NA,0,0,NA
"12","27","2013",NA,0,0,0
"12","28","2013",NA,0,0,NA
"12","29","2013",NA,0,0,0
"12","30","2013",NA,0,0,0
"12","31","2013",NA,NA,0,0
