"month","day","year","23145020","23195110","24055070"
"01","01","2005",NA,71,NA
"01","02","2005",87,71,NA
"01","03","2005",NA,74,NA
"01","04","2005",90,NA,NA
"01","05","2005",89,74,NA
"01","06","2005",88,76,NA
"01","07","2005",93,73,NA
"01","08","2005",NA,79,NA
"01","09","2005",NA,79,NA
"01","10","2005",87,75,NA
"01","11","2005",92,74,NA
"01","12","2005",87,74,NA
"01","13","2005",90,73,NA
"01","14","2005",NA,NA,NA
"01","15","2005",NA,90,NA
"01","16","2005",90,NA,NA
"01","17","2005",NA,88,NA
"01","18","2005",87,82,NA
"01","19","2005",95,77,NA
"01","20","2005",NA,72,NA
"01","21","2005",NA,77,NA
"01","22","2005",87,76,NA
"01","23","2005",NA,77,NA
"01","24","2005",88,84,NA
"01","25","2005",NA,NA,NA
"01","26","2005",91,76,NA
"01","27","2005",NA,73,NA
"01","28","2005",89,76,NA
"01","29","2005",86,72,NA
"01","30","2005",NA,NA,NA
"01","31","2005",NA,74,NA
"02","01","2005",82,81,NA
"02","02","2005",NA,74,NA
"02","03","2005",NA,72,NA
"02","04","2005",85,78,NA
"02","05","2005",78,75,NA
"02","06","2005",93,77,NA
"02","07","2005",NA,72,NA
"02","08","2005",93,86,NA
"02","09","2005",97,89,NA
"02","10","2005",94,87,NA
"02","11","2005",95,90,NA
"02","12","2005",93,NA,NA
"02","13","2005",NA,80,NA
"02","14","2005",93,79,NA
"02","15","2005",NA,70,NA
"02","16","2005",95,71,NA
"02","17","2005",NA,76,NA
"02","18","2005",88,76,NA
"02","19","2005",NA,76,NA
"02","20","2005",77,NA,NA
"02","21","2005",87,72,NA
"02","22","2005",NA,72,NA
"02","23","2005",85,73,NA
"02","24","2005",NA,71,NA
"02","25","2005",83,NA,NA
"02","26","2005",86,NA,NA
"02","27","2005",74,NA,NA
"02","28","2005",81,NA,NA
"03","01","2005",NA,75,NA
"03","02","2005",87,NA,NA
"03","03","2005",NA,80,NA
"03","04","2005",NA,83,NA
"03","05","2005",85,80,NA
"03","06","2005",NA,NA,NA
"03","07","2005",NA,76,NA
"03","08","2005",NA,80,NA
"03","09","2005",91,NA,NA
"03","10","2005",91,75,NA
"03","11","2005",83,NA,NA
"03","12","2005",NA,74,NA
"03","13","2005",NA,NA,NA
"03","14","2005",NA,84,NA
"03","15","2005",NA,73,NA
"03","16","2005",NA,73,NA
"03","17","2005",92,NA,NA
"03","18","2005",NA,77,NA
"03","19","2005",NA,NA,NA
"03","20","2005",NA,72,NA
"03","21","2005",NA,75,NA
"03","22","2005",82,69,NA
"03","23","2005",NA,68,NA
"03","24","2005",82,75,NA
"03","25","2005",NA,NA,NA
"03","26","2005",NA,NA,NA
"03","27","2005",86,NA,NA
"03","28","2005",NA,NA,NA
"03","29","2005",80,74,NA
"03","30","2005",NA,70,NA
"03","31","2005",NA,72,NA
"04","01","2005",91,91,NA
"04","02","2005",NA,72,NA
"04","03","2005",88,NA,NA
"04","04","2005",89,75,NA
"04","05","2005",NA,70,NA
"04","06","2005",NA,82,NA
"04","07","2005",NA,80,NA
"04","08","2005",NA,NA,NA
"04","09","2005",NA,NA,NA
"04","10","2005",NA,NA,NA
"04","11","2005",82,86,NA
"04","12","2005",NA,NA,NA
"04","13","2005",85,NA,NA
"04","14","2005",NA,NA,NA
"04","15","2005",85,NA,NA
"04","16","2005",NA,NA,NA
"04","17","2005",NA,80,NA
"04","18","2005",NA,NA,NA
"04","19","2005",NA,NA,NA
"04","20","2005",94,85,0
"04","21","2005",NA,79,0
"04","22","2005",NA,85,NA
"04","23","2005",97,79,NA
"04","24","2005",NA,NA,18.5
"04","25","2005",NA,81,NA
"04","26","2005",NA,72,24.4166666666667
"04","27","2005",NA,NA,24.5833333333333
"04","28","2005",90,78,24.6666666666667
"04","29","2005",NA,NA,NA
"04","30","2005",88,74,NA
"05","01","2005",NA,NA,NA
"05","02","2005",NA,NA,24.25
"05","03","2005",NA,NA,24.4583333333333
"05","04","2005",NA,79,24.5
"05","05","2005",NA,NA,24.4583333333333
"05","06","2005",NA,NA,24.7083333333333
"05","07","2005",NA,NA,24.3333333333333
"05","08","2005",NA,NA,NA
"05","09","2005",NA,71,24.5
"05","10","2005",NA,NA,24.375
"05","11","2005",NA,74,24.25
"05","12","2005",NA,77,24.125
"05","13","2005",NA,83,24.3333333333333
"05","14","2005",NA,77,24.5833333333333
"05","15","2005",NA,NA,NA
"05","16","2005",NA,NA,NA
"05","17","2005",NA,76,NA
"05","18","2005",NA,85,NA
"05","19","2005",NA,NA,24.7916666666667
"05","20","2005",NA,75,24.8333333333333
"05","21","2005",NA,NA,24.5833333333333
"05","22","2005",NA,76,24.3333333333333
"05","23","2005",NA,NA,NA
"05","24","2005",NA,80,NA
"05","25","2005",NA,71,NA
"05","26","2005",NA,NA,NA
"05","27","2005",NA,75,24.5416666666667
"05","28","2005",NA,75,24.3333333333333
"05","29","2005",NA,75,24.1666666666667
"05","30","2005",NA,74,24.4583333333333
"05","31","2005",NA,NA,NA
"06","01","2005",NA,81,24.4166666666667
"06","02","2005",NA,81,24.5
"06","03","2005",NA,94,24.25
"06","04","2005",NA,NA,24.2916666666667
"06","05","2005",NA,NA,24.4166666666667
"06","06","2005",NA,NA,24.7083333333333
"06","07","2005",NA,81,24.7083333333333
"06","08","2005",NA,85,NA
"06","09","2005",NA,72,NA
"06","10","2005",NA,76,24.2083333333333
"06","11","2005",NA,73,24.3333333333333
"06","12","2005",NA,79,24.2083333333333
"06","13","2005",NA,NA,24.1666666666667
"06","14","2005",NA,78,24.2083333333333
"06","15","2005",NA,80,NA
"06","16","2005",NA,78,NA
"06","17","2005",NA,NA,24.5416666666667
"06","18","2005",NA,74,24.2083333333333
"06","19","2005",NA,77,24.2916666666667
"06","20","2005",NA,NA,24.4583333333333
"06","21","2005",NA,78,24.5
"06","22","2005",NA,78,24.4166666666667
"06","23","2005",NA,75,NA
"06","24","2005",NA,76,NA
"06","25","2005",NA,76,NA
"06","26","2005",NA,81,24.2916666666667
"06","27","2005",NA,NA,24.25
"06","28","2005",NA,71,24.1666666666667
"06","29","2005",NA,76,NA
"06","30","2005",NA,NA,NA
"07","01","2005",88,73,NA
"07","02","2005",NA,NA,NA
"07","03","2005",NA,75,NA
"07","04","2005",77,70,NA
"07","05","2005",81,NA,24.5
"07","06","2005",NA,67,24.5416666666667
"07","07","2005",86,78,NA
"07","08","2005",NA,81,NA
"07","09","2005",NA,76,NA
"07","10","2005",75,NA,24.1666666666667
"07","11","2005",85,75,24.1666666666667
"07","12","2005",NA,86,24.2916666666667
"07","13","2005",92,77,24.5
"07","14","2005",NA,71,24.7083333333333
"07","15","2005",80,75,27
"07","16","2005",NA,76,NA
"07","17","2005",88,79,27
"07","18","2005",76,75,27
"07","19","2005",78,76,26.9166666666667
"07","20","2005",85,80,NA
"07","21","2005",81,NA,NA
"07","22","2005",NA,NA,27
"07","23","2005",87,80,NA
"07","24","2005",84,NA,NA
"07","25","2005",NA,NA,26.9583333333333
"07","26","2005",NA,70,NA
"07","27","2005",NA,71,27
"07","28","2005",NA,67,NA
"07","29","2005",NA,68,NA
"07","30","2005",NA,75,26.9583333333333
"07","31","2005",NA,NA,NA
"08","01","2005",83,NA,NA
"08","02","2005",86,75,NA
"08","03","2005",85,77,NA
"08","04","2005",85,69,NA
"08","05","2005",NA,69,26.9166666666667
"08","06","2005",81,NA,NA
"08","07","2005",NA,71,NA
"08","08","2005",89,NA,NA
"08","09","2005",82,NA,27
"08","10","2005",80,82,NA
"08","11","2005",85,84,NA
"08","12","2005",NA,84,27
"08","13","2005",86,NA,27
"08","14","2005",NA,NA,27
"08","15","2005",82,NA,26.9583333333333
"08","16","2005",92,80,NA
"08","17","2005",NA,82,NA
"08","18","2005",88,82,NA
"08","19","2005",NA,NA,NA
"08","20","2005",NA,75,NA
"08","21","2005",NA,NA,26.9166666666667
"08","22","2005",91,80,27
"08","23","2005",81,76,NA
"08","24","2005",NA,NA,NA
"08","25","2005",NA,78,NA
"08","26","2005",87,77,26.9583333333333
"08","27","2005",NA,92,27.0416666666667
"08","28","2005",NA,79,27
"08","29","2005",86,76,NA
"08","30","2005",NA,NA,26.5416666666667
"08","31","2005",NA,63,NA
"09","01","2005",NA,71,26.875
"09","02","2005",77,NA,26.9583333333333
"09","03","2005",88,75,27
"09","04","2005",NA,NA,NA
"09","05","2005",84,NA,26.875
"09","06","2005",NA,73,NA
"09","07","2005",NA,85,NA
"09","08","2005",NA,68,NA
"09","09","2005",NA,77,26.9583333333333
"09","10","2005",NA,74,26.8333333333333
"09","11","2005",77,77,27
"09","12","2005",77,NA,NA
"09","13","2005",84,79,NA
"09","14","2005",NA,74,NA
"09","15","2005",86,79,NA
"09","16","2005",NA,76,NA
"09","17","2005",90,NA,NA
"09","18","2005",78,NA,NA
"09","19","2005",91,NA,NA
"09","20","2005",77,80,NA
"09","21","2005",NA,78,NA
"09","22","2005",NA,79,NA
"09","23","2005",94,NA,NA
"09","24","2005",86,77,27
"09","25","2005",82,NA,27
"09","26","2005",NA,NA,26.9583333333333
"09","27","2005",91,82,27
"09","28","2005",90,NA,NA
"09","29","2005",84,85,NA
"09","30","2005",NA,79,NA
"10","01","2005",74,81,NA
"10","02","2005",78,83,NA
"10","03","2005",NA,87,NA
"10","04","2005",84,83,26.9583333333333
"10","05","2005",NA,NA,NA
"10","06","2005",NA,NA,27
"10","07","2005",NA,NA,NA
"10","08","2005",NA,NA,NA
"10","09","2005",NA,NA,NA
"10","10","2005",NA,74,NA
"10","11","2005",91,85,27
"10","12","2005",NA,NA,NA
"10","13","2005",NA,76,27
"10","14","2005",NA,NA,27
"10","15","2005",NA,NA,27
"10","16","2005",84,NA,NA
"10","17","2005",NA,NA,27
"10","18","2005",NA,79,26.9583333333333
"10","19","2005",NA,NA,NA
"10","20","2005",NA,NA,NA
"10","21","2005",86,75,NA
"10","22","2005",90,84,NA
"10","23","2005",84,NA,27
"10","24","2005",NA,NA,NA
"10","25","2005",NA,NA,27
"10","26","2005",89,86,27
"10","27","2005",83,83,27
"10","28","2005",NA,85,NA
"10","29","2005",NA,NA,27
"10","30","2005",79,86,NA
"10","31","2005",NA,82,NA
"11","01","2005",91,82,NA
"11","02","2005",NA,84,NA
"11","03","2005",NA,NA,27
"11","04","2005",86,80,27
"11","05","2005",86,NA,26.9583333333333
"11","06","2005",83,NA,NA
"11","07","2005",90,74,27
"11","08","2005",NA,NA,NA
"11","09","2005",89,81,NA
"11","10","2005",87,75,27.0416666666667
"11","11","2005",NA,NA,NA
"11","12","2005",85,NA,27
"11","13","2005",NA,NA,NA
"11","14","2005",87,83,27.0416666666667
"11","15","2005",NA,80,NA
"11","16","2005",94,81,NA
"11","17","2005",84,81,27
"11","18","2005",NA,76,27
"11","19","2005",89,89,27
"11","20","2005",95,81,NA
"11","21","2005",NA,92,27
"11","22","2005",NA,87,27.0416666666667
"11","23","2005",NA,81,NA
"11","24","2005",95,89,NA
"11","25","2005",91,93,27
"11","26","2005",91,83,27
"11","27","2005",NA,NA,27
"11","28","2005",NA,77,27
"11","29","2005",85,82,27
"11","30","2005",84,79,NA
"12","01","2005",87,81,NA
"12","02","2005",NA,NA,NA
"12","03","2005",90,77,27
"12","04","2005",91,83,27
"12","05","2005",92,81,27
"12","06","2005",NA,NA,NA
"12","07","2005",88,NA,27.0416666666667
"12","08","2005",NA,NA,27
"12","09","2005",88,NA,NA
"12","10","2005",NA,78,27.0416666666667
"12","11","2005",85,82,27
"12","12","2005",92,83,NA
"12","13","2005",NA,NA,NA
"12","14","2005",83,80,NA
"12","15","2005",86,76,27
"12","16","2005",86,NA,NA
"12","17","2005",NA,NA,NA
"12","18","2005",NA,NA,NA
"12","19","2005",86,77,NA
"12","20","2005",NA,79,NA
"12","21","2005",87,77,27.0416666666667
"12","22","2005",85,NA,27
"12","23","2005",88,NA,27.0416666666667
"12","24","2005",90,77,NA
"12","25","2005",91,NA,27
"12","26","2005",89,75,NA
"12","27","2005",90,78,NA
"12","28","2005",NA,75,NA
"12","29","2005",88,69,27
"12","30","2005",86,75,NA
"12","31","2005",83,NA,27
"01","01","2006",NA,NA,NA
"01","02","2006",NA,77,NA
"01","03","2006",91,75,NA
"01","04","2006",NA,75,NA
"01","05","2006",93,92,NA
"01","06","2006",94,80,NA
"01","07","2006",90,81,NA
"01","08","2006",90,NA,NA
"01","09","2006",88,NA,NA
"01","10","2006",86,79,NA
"01","11","2006",NA,80,NA
"01","12","2006",81,NA,27
"01","13","2006",84,78,NA
"01","14","2006",89,78,NA
"01","15","2006",NA,NA,NA
"01","16","2006",NA,76,NA
"01","17","2006",NA,79,NA
"01","18","2006",NA,77,NA
"01","19","2006",NA,NA,NA
"01","20","2006",NA,76,NA
"01","21","2006",90,68,NA
"01","22","2006",82,NA,26.9583333333333
"01","23","2006",NA,NA,27
"01","24","2006",91,76,27.0416666666667
"01","25","2006",NA,74,27
"01","26","2006",NA,NA,NA
"01","27","2006",NA,79,NA
"01","28","2006",82,79,NA
"01","29","2006",83,73,NA
"01","30","2006",85,74,NA
"01","31","2006",84,71,NA
"02","01","2006",90,77,NA
"02","02","2006",NA,NA,NA
"02","03","2006",89,NA,NA
"02","04","2006",NA,NA,NA
"02","05","2006",86,72,NA
"02","06","2006",85,73,NA
"02","07","2006",83,71,NA
"02","08","2006",84,71,NA
"02","09","2006",85,68,NA
"02","10","2006",92,NA,NA
"02","11","2006",87,NA,NA
"02","12","2006",84,NA,NA
"02","13","2006",NA,NA,NA
"02","14","2006",77,69,NA
"02","15","2006",NA,74,NA
"02","16","2006",85,69,NA
"02","17","2006",NA,71,NA
"02","18","2006",NA,70,NA
"02","19","2006",85,68,NA
"02","20","2006",85,66,NA
"02","21","2006",82,71,NA
"02","22","2006",76,69,27
"02","23","2006",NA,69,NA
"02","24","2006",NA,67,NA
"02","25","2006",76,68,NA
"02","26","2006",NA,NA,NA
"02","27","2006",NA,85,NA
"02","28","2006",79,78,NA
"03","01","2006",NA,NA,NA
"03","02","2006",NA,80,NA
"03","03","2006",88,NA,NA
"03","04","2006",NA,NA,NA
"03","05","2006",91,86,NA
"03","06","2006",90,NA,NA
"03","07","2006",NA,91,NA
"03","08","2006",91,90,NA
"03","09","2006",87,95,NA
"03","10","2006",NA,89,NA
"03","11","2006",89,NA,NA
"03","12","2006",90,88,NA
"03","13","2006",92,84,NA
"03","14","2006",86,85,NA
"03","15","2006",86,NA,NA
"03","16","2006",92,78,NA
"03","17","2006",89,81,NA
"03","18","2006",NA,81,NA
"03","19","2006",86,NA,NA
"03","20","2006",91,82,NA
"03","21","2006",94,80,NA
"03","22","2006",91,NA,NA
"03","23","2006",91,83,NA
"03","24","2006",82,NA,NA
"03","25","2006",NA,82,NA
"03","26","2006",NA,NA,NA
"03","27","2006",88,81,NA
"03","28","2006",88,84,NA
"03","29","2006",85,NA,NA
"03","30","2006",82,84,NA
"03","31","2006",83,NA,NA
"04","01","2006",NA,80,NA
"04","02","2006",NA,NA,NA
"04","03","2006",89,NA,NA
"04","04","2006",89,78,24.2083333333333
"04","05","2006",94,NA,24.0416666666667
"04","06","2006",NA,80,NA
"04","07","2006",NA,NA,23.9583333333333
"04","08","2006",NA,80,23.9583333333333
"04","09","2006",89,80,23.7916666666667
"04","10","2006",85,NA,23.625
"04","11","2006",96,84,NA
"04","12","2006",NA,88,23.9166666666667
"04","13","2006",NA,NA,NA
"04","14","2006",92,89,23.75
"04","15","2006",89,88,23.7916666666667
"04","16","2006",92,NA,23.7083333333333
"04","17","2006",92,86,23.6666666666667
"04","18","2006",NA,82,23.625
"04","19","2006",93,85,23.6666666666667
"04","20","2006",87,NA,23.4583333333333
"04","21","2006",91,79,NA
"04","22","2006",NA,NA,23.3333333333333
"04","23","2006",95,86,23.5833333333333
"04","24","2006",NA,90,23.625
"04","25","2006",95,93,23.7916666666667
"04","26","2006",83,89,22.3333333333333
"04","27","2006",89,NA,22.625
"04","28","2006",93,82,23.0416666666667
"04","29","2006",NA,NA,NA
"04","30","2006",95,NA,NA
"05","01","2006",91,87,23.625
"05","02","2006",85,88,23.7916666666667
"05","03","2006",NA,85,23.5
"05","04","2006",92,82,NA
"05","05","2006",95,NA,23.4166666666667
"05","06","2006",88,82,NA
"05","07","2006",88,NA,NA
"05","08","2006",86,81,NA
"05","09","2006",86,89,23.5
"05","10","2006",94,NA,23.6666666666667
"05","11","2006",NA,NA,23.9166666666667
"05","12","2006",87,91,23.6666666666667
"05","13","2006",86,89,NA
"05","14","2006",85,NA,NA
"05","15","2006",89,83,23.3333333333333
"05","16","2006",NA,94,23.4166666666667
"05","17","2006",NA,NA,23.5
"05","18","2006",90,92,23.625
"05","19","2006",92,NA,23.25
"05","20","2006",NA,NA,NA
"05","21","2006",91,84,23.4166666666667
"05","22","2006",NA,82,NA
"05","23","2006",84,81,23.2083333333333
"05","24","2006",NA,81,NA
"05","25","2006",NA,NA,23.2916666666667
"05","26","2006",NA,84,23.125
"05","27","2006",NA,83,23.0416666666667
"05","28","2006",92,NA,22.5416666666667
"05","29","2006",NA,89,21.75
"05","30","2006",93,NA,NA
"05","31","2006",NA,83,22.5833333333333
"06","01","2006",95,NA,23.625
"06","02","2006",NA,NA,23.8333333333333
"06","03","2006",93,NA,23.8333333333333
"06","04","2006",NA,NA,23.5833333333333
"06","05","2006",90,NA,NA
"06","06","2006",93,90,NA
"06","07","2006",98,NA,NA
"06","08","2006",NA,92,23.875
"06","09","2006",91,NA,23.9166666666667
"06","10","2006",NA,91,23.9166666666667
"06","11","2006",NA,NA,23.8333333333333
"06","12","2006",92,77,23.8333333333333
"06","13","2006",92,NA,23.9166666666667
"06","14","2006",NA,88,NA
"06","15","2006",90,NA,23.9166666666667
"06","16","2006",NA,NA,23.8333333333333
"06","17","2006",NA,88,23.75
"06","18","2006",94,NA,23.7916666666667
"06","19","2006",91,85,23.9166666666667
"06","20","2006",84,NA,23.7916666666667
"06","21","2006",91,83,24
"06","22","2006",NA,82,NA
"06","23","2006",NA,89,NA
"06","24","2006",NA,NA,23.7083333333333
"06","25","2006",91,NA,23.5833333333333
"06","26","2006",NA,83,23.5
"06","27","2006",90,76,22.8333333333333
"06","28","2006",87,84,NA
"06","29","2006",95,81,NA
"06","30","2006",NA,86,NA
"07","01","2006",NA,NA,NA
"07","02","2006",NA,75,NA
"07","03","2006",NA,84,NA
"07","04","2006",NA,93,NA
"07","05","2006",NA,NA,NA
"07","06","2006",NA,82,NA
"07","07","2006",NA,89,NA
"07","08","2006",NA,81,NA
"07","09","2006",NA,NA,NA
"07","10","2006",NA,82,NA
"07","11","2006",NA,80,NA
"07","12","2006",NA,82,21.9583333333333
"07","13","2006",NA,87,NA
"07","14","2006",NA,NA,NA
"07","15","2006",NA,81,NA
"07","16","2006",NA,NA,NA
"07","17","2006",NA,NA,NA
"07","18","2006",94,81,NA
"07","19","2006",90,NA,22.2083333333333
"07","20","2006",NA,88,22.2916666666667
"07","21","2006",NA,86,22.4583333333333
"07","22","2006",NA,NA,NA
"07","23","2006",NA,NA,NA
"07","24","2006",NA,91,NA
"07","25","2006",NA,87,22.6666666666667
"07","26","2006",NA,NA,NA
"07","27","2006",NA,92,NA
"07","28","2006",94,NA,NA
"07","29","2006",NA,87,NA
"07","30","2006",NA,NA,NA
"07","31","2006",NA,NA,22.7083333333333
"08","01","2006",NA,NA,NA
"08","02","2006",NA,88,23.125
"08","03","2006",NA,NA,24
"08","04","2006",NA,NA,23.5
"08","05","2006",95,NA,23.125
"08","06","2006",93,NA,23.2916666666667
"08","07","2006",NA,80,NA
"08","08","2006",95,87,22.875
"08","09","2006",96,NA,22.8333333333333
"08","10","2006",NA,87,22.875
"08","11","2006",94,85,23
"08","12","2006",NA,NA,23
"08","13","2006",91,72,23
"08","14","2006",95,NA,NA
"08","15","2006",90,NA,NA
"08","16","2006",92,NA,NA
"08","17","2006",94,NA,NA
"08","18","2006",92,90,23
"08","19","2006",NA,NA,23.0416666666667
"08","20","2006",88,NA,23.5833333333333
"08","21","2006",NA,92,23.5416666666667
"08","22","2006",NA,87,NA
"08","23","2006",NA,82,NA
"08","24","2006",91,NA,23
"08","25","2006",NA,NA,23
"08","26","2006",92,NA,23.4583333333333
"08","27","2006",93,NA,23.4166666666667
"08","28","2006",92,75,23
"08","29","2006",NA,73,22.9583333333333
"08","30","2006",94,83,NA
"08","31","2006",NA,84,NA
"09","01","2006",NA,NA,23
"09","02","2006",NA,85,23
"09","03","2006",NA,NA,23.0416666666667
"09","04","2006",NA,88,23
"09","05","2006",88,NA,NA
"09","06","2006",92,84,NA
"09","07","2006",90,NA,NA
"09","08","2006",81,80,24.0416666666667
"09","09","2006",NA,NA,24
"09","10","2006",87,NA,24
"09","11","2006",NA,89,23.9583333333333
"09","12","2006",84,76,24
"09","13","2006",89,82,24
"09","14","2006",85,NA,NA
"09","15","2006",NA,85,NA
"09","16","2006",NA,NA,NA
"09","17","2006",NA,91,24
"09","18","2006",91,NA,24
"09","19","2006",86,89,24
"09","20","2006",88,88,24
"09","21","2006",89,83,24
"09","22","2006",NA,NA,NA
"09","23","2006",NA,74,NA
"09","24","2006",NA,NA,24
"09","25","2006",89,87,NA
"09","26","2006",84,87,NA
"09","27","2006",NA,82,NA
"09","28","2006",NA,NA,NA
"09","29","2006",NA,82,NA
"09","30","2006",85,73,NA
"10","01","2006",NA,78,24.0416666666667
"10","02","2006",85,85,24
"10","03","2006",88,82,24
"10","04","2006",93,89,24.0416666666667
"10","05","2006",NA,NA,24
"10","06","2006",NA,75,NA
"10","07","2006",85,NA,NA
"10","08","2006",NA,NA,NA
"10","09","2006",93,87,24.0416666666667
"10","10","2006",92,NA,24
"10","11","2006",90,76,NA
"10","12","2006",NA,NA,NA
"10","13","2006",94,93,NA
"10","14","2006",98,89,NA
"10","15","2006",88,NA,NA
"10","16","2006",94,93,24
"10","17","2006",93,94,NA
"10","18","2006",NA,NA,24.0416666666667
"10","19","2006",NA,NA,NA
"10","20","2006",97,91,24
"10","21","2006",NA,NA,24.0416666666667
"10","22","2006",92,NA,24
"10","23","2006",95,88,NA
"10","24","2006",NA,78,NA
"10","25","2006",NA,NA,NA
"10","26","2006",NA,84,24.0416666666667
"10","27","2006",NA,NA,NA
"10","28","2006",97,NA,24
"10","29","2006",NA,NA,24.0416666666667
"10","30","2006",94,NA,NA
"10","31","2006",94,88,NA
"11","01","2006",92,NA,24.0416666666667
"11","02","2006",NA,NA,24
"11","03","2006",95,NA,24
"11","04","2006",NA,86,24.0416666666667
"11","05","2006",97,NA,NA
"11","06","2006",94,NA,24.0416666666667
"11","07","2006",94,84,NA
"11","08","2006",NA,88,24
"11","09","2006",NA,NA,24.0416666666667
"11","10","2006",NA,88,24.0416666666667
"11","11","2006",90,87,24
"11","12","2006",93,NA,24
"11","13","2006",92,80,NA
"11","14","2006",93,NA,NA
"11","15","2006",NA,NA,NA
"11","16","2006",95,NA,24
"11","17","2006",NA,NA,NA
"11","18","2006",98,NA,NA
"11","19","2006",NA,NA,NA
"11","20","2006",91,NA,NA
"11","21","2006",95,NA,NA
"11","22","2006",96,NA,NA
"11","23","2006",95,NA,NA
"11","24","2006",NA,NA,NA
"11","25","2006",94,NA,NA
"11","26","2006",89,NA,24.0416666666667
"11","27","2006",83,NA,NA
"11","28","2006",NA,NA,NA
"11","29","2006",NA,NA,24
"11","30","2006",NA,NA,NA
"12","01","2006",NA,77,24
"12","02","2006",NA,80,NA
"12","03","2006",NA,NA,24
"12","04","2006",NA,80,24
"12","05","2006",95,NA,24.0833333333333
"12","06","2006",96,81,NA
"12","07","2006",90,80,NA
"12","08","2006",90,79,NA
"12","09","2006",96,NA,NA
"12","10","2006",NA,NA,24
"12","11","2006",90,NA,24.0416666666667
"12","12","2006",87,83,24
"12","13","2006",NA,NA,NA
"12","14","2006",95,NA,NA
"12","15","2006",92,NA,NA
"12","16","2006",88,NA,NA
"12","17","2006",NA,80,NA
"12","18","2006",NA,NA,24
"12","19","2006",NA,75,24.0416666666667
"12","20","2006",96,NA,NA
"12","21","2006",97,NA,NA
"12","22","2006",NA,79,NA
"12","23","2006",87,NA,NA
"12","24","2006",90,NA,24
"12","25","2006",NA,77,NA
"12","26","2006",93,NA,NA
"12","27","2006",89,77,NA
"12","28","2006",96,NA,24.1666666666667
"12","29","2006",NA,80,24
"12","30","2006",NA,NA,24.0833333333333
"12","31","2006",NA,NA,NA
"01","01","2007",91,NA,24
"01","02","2007",95,73,NA
"01","03","2007",96,72,24
"01","04","2007",97,NA,NA
"01","05","2007",98,72,24.125
"01","06","2007",99,NA,23.9583333333333
"01","07","2007",NA,NA,NA
"01","08","2007",NA,80,NA
"01","09","2007",NA,NA,NA
"01","10","2007",100,77,22
"01","11","2007",90,76,22.125
"01","12","2007",100,NA,22.0416666666667
"01","13","2007",100,80,22.0833333333333
"01","14","2007",100,NA,22.0416666666667
"01","15","2007",100,NA,NA
"01","16","2007",100,70,NA
"01","17","2007",NA,78,NA
"01","18","2007",NA,NA,21.9583333333333
"01","19","2007",NA,75,22.25
"01","20","2007",NA,NA,22.2916666666667
"01","21","2007",NA,NA,21.9583333333333
"01","22","2007",NA,77,NA
"01","23","2007",NA,76,NA
"01","24","2007",NA,NA,22.1666666666667
"01","25","2007",NA,75,22.0416666666667
"01","26","2007",NA,NA,22.375
"01","27","2007",NA,NA,22.0416666666667
"01","28","2007",NA,NA,22.2916666666667
"01","29","2007",NA,78,NA
"01","30","2007",NA,74,21.9583333333333
"01","31","2007",NA,73,NA
"02","01","2007",100,69,21.9583333333333
"02","02","2007",NA,NA,NA
"02","03","2007",NA,73,21.9583333333333
"02","04","2007",93,NA,21.9166666666667
"02","05","2007",NA,NA,21.9583333333333
"02","06","2007",NA,76,21.9166666666667
"02","07","2007",94,74,NA
"02","08","2007",NA,68,NA
"02","09","2007",NA,66,21.9166666666667
"02","10","2007",NA,83,NA
"02","11","2007",91,NA,NA
"02","12","2007",92,NA,21.875
"02","13","2007",NA,72,21.875
"02","14","2007",91,69,21.9583333333333
"02","15","2007",94,83,NA
"02","16","2007",NA,82,NA
"02","17","2007",NA,NA,NA
"02","18","2007",94,91,NA
"02","19","2007",94,79,22
"02","20","2007",79,NA,NA
"02","21","2007",80,64,22.8333333333333
"02","22","2007",87,69,NA
"02","23","2007",79,NA,NA
"02","24","2007",NA,73,NA
"02","25","2007",82,NA,21.8333333333333
"02","26","2007",NA,72,21.875
"02","27","2007",NA,66,21.8333333333333
"02","28","2007",NA,56,NA
"03","01","2007",NA,NA,21.7083333333333
"03","02","2007",NA,70,NA
"03","03","2007",NA,NA,NA
"03","04","2007",90,NA,21.9166666666667
"03","05","2007",95,76,22
"03","06","2007",96,NA,22.0416666666667
"03","07","2007",98,83,NA
"03","08","2007",95,59,NA
"03","09","2007",98,85,NA
"03","10","2007",90,NA,NA
"03","11","2007",93,NA,NA
"03","12","2007",94,75,NA
"03","13","2007",89,NA,NA
"03","14","2007",NA,83,NA
"03","15","2007",NA,80,NA
"03","16","2007",92,85,NA
"03","17","2007",96,73,NA
"03","18","2007",93,81,NA
"03","19","2007",93,NA,NA
"03","20","2007",92,72,NA
"03","21","2007",92,NA,NA
"03","22","2007",92,NA,NA
"03","23","2007",93,74,NA
"03","24","2007",97,NA,22
"03","25","2007",91,78,NA
"03","26","2007",92,76,NA
"03","27","2007",96,NA,NA
"03","28","2007",87,70,NA
"03","29","2007",93,82,NA
"03","30","2007",89,NA,21.9583333333333
"03","31","2007",94,73,22
"04","01","2007",88,NA,21.9166666666667
"04","02","2007",89,NA,NA
"04","03","2007",93,71,NA
"04","04","2007",97,82,22.0416666666667
"04","05","2007",93,NA,NA
"04","06","2007",94,NA,NA
"04","07","2007",NA,79,21.9583333333333
"04","08","2007",97,NA,22
"04","09","2007",NA,77,NA
"04","10","2007",83,NA,NA
"04","11","2007",90,NA,NA
"04","12","2007",86,77,NA
"04","13","2007",93,NA,NA
"04","14","2007",97,NA,22
"04","15","2007",96,NA,NA
"04","16","2007",92,75,NA
"04","17","2007",86,72,NA
"04","18","2007",93,NA,NA
"04","19","2007",91,NA,NA
"04","20","2007",94,NA,NA
"04","21","2007",90,NA,NA
"04","22","2007",93,NA,NA
"04","23","2007",83,79,21.9166666666667
"04","24","2007",90,78,22
"04","25","2007",92,NA,NA
"04","26","2007",87,NA,NA
"04","27","2007",94,78,NA
"04","28","2007",95,NA,NA
"04","29","2007",95,NA,21.9583333333333
"04","30","2007",96,72,NA
"05","01","2007",96,86,NA
"05","02","2007",90,NA,NA
"05","03","2007",88,NA,NA
"05","04","2007",89,84,21.9583333333333
"05","05","2007",93,NA,NA
"05","06","2007",96,73,NA
"05","07","2007",95,NA,NA
"05","08","2007",NA,85,NA
"05","09","2007",95,81,NA
"05","10","2007",NA,79,NA
"05","11","2007",NA,NA,NA
"05","12","2007",95,NA,NA
"05","13","2007",92,84,NA
"05","14","2007",90,80,22.0416666666667
"05","15","2007",92,85,21.9583333333333
"05","16","2007",97,79,21.875
"05","17","2007",89,82,21.6666666666667
"05","18","2007",93,86,NA
"05","19","2007",98,NA,NA
"05","20","2007",90,NA,NA
"05","21","2007",97,78,21.9583333333333
"05","22","2007",89,NA,22.0416666666667
"05","23","2007",95,82,NA
"05","24","2007",NA,91,22.0833333333333
"05","25","2007",90,NA,NA
"05","26","2007",93,NA,NA
"05","27","2007",89,NA,NA
"05","28","2007",95,NA,NA
"05","29","2007",94,82,NA
"05","30","2007",90,82,22.75
"05","31","2007",93,NA,22.6666666666667
"06","01","2007",90,87,22.625
"06","02","2007",90,NA,NA
"06","03","2007",90,NA,NA
"06","04","2007",89,80,NA
"06","05","2007",89,NA,NA
"06","06","2007",NA,79,NA
"06","07","2007",90,NA,NA
"06","08","2007",80,75,22.4166666666667
"06","09","2007",92,NA,22.2916666666667
"06","10","2007",85,85,NA
"06","11","2007",85,86,NA
"06","12","2007",95,67,22.0833333333333
"06","13","2007",86,NA,22
"06","14","2007",83,82,NA
"06","15","2007",89,82,NA
"06","16","2007",81,NA,NA
"06","17","2007",91,NA,NA
"06","18","2007",92,64,NA
"06","19","2007",90,NA,NA
"06","20","2007",NA,85,NA
"06","21","2007",93,76,NA
"06","22","2007",93,NA,NA
"06","23","2007",91,NA,NA
"06","24","2007",94,NA,NA
"06","25","2007",NA,89,NA
"06","26","2007",92,94,NA
"06","27","2007",91,87,NA
"06","28","2007",91,79,NA
"06","29","2007",91,93,NA
"06","30","2007",90,NA,NA
"07","01","2007",89,NA,NA
"07","02","2007",90,NA,NA
"07","03","2007",86,86,NA
"07","04","2007",88,80,NA
"07","05","2007",87,NA,NA
"07","06","2007",79,71,NA
"07","07","2007",84,NA,NA
"07","08","2007",87,NA,NA
"07","09","2007",94,85,NA
"07","10","2007",83,NA,NA
"07","11","2007",76,85,NA
"07","12","2007",86,NA,NA
"07","13","2007",85,83,NA
"07","14","2007",85,NA,NA
"07","15","2007",91,NA,NA
"07","16","2007",85,83,NA
"07","17","2007",87,79,NA
"07","18","2007",86,77,NA
"07","19","2007",82,NA,NA
"07","20","2007",84,NA,NA
"07","21","2007",88,NA,NA
"07","22","2007",92,82,NA
"07","23","2007",84,78,NA
"07","24","2007",84,89,NA
"07","25","2007",82,82,NA
"07","26","2007",82,NA,NA
"07","27","2007",79,NA,NA
"07","28","2007",83,NA,NA
"07","29","2007",79,86,NA
"07","30","2007",69,84,NA
"07","31","2007",81,78,NA
"08","01","2007",82,74,NA
"08","02","2007",79,86,NA
"08","03","2007",NA,NA,NA
"08","04","2007",82,89,NA
"08","05","2007",88,NA,NA
"08","06","2007",84,NA,NA
"08","07","2007",NA,88,NA
"08","08","2007",83,NA,NA
"08","09","2007",87,93,NA
"08","10","2007",89,87,NA
"08","11","2007",83,NA,NA
"08","12","2007",85,NA,NA
"08","13","2007",82,87,NA
"08","14","2007",91,NA,NA
"08","15","2007",85,76,NA
"08","16","2007",94,NA,NA
"08","17","2007",93,81,NA
"08","18","2007",93,85,NA
"08","19","2007",NA,NA,NA
"08","20","2007",93,NA,NA
"08","21","2007",NA,88,NA
"08","22","2007",90,86,NA
"08","23","2007",89,83,NA
"08","24","2007",96,78,NA
"08","25","2007",95,NA,NA
"08","26","2007",94,NA,NA
"08","27","2007",89,71,NA
"08","28","2007",NA,76,NA
"08","29","2007",91,78,NA
"08","30","2007",85,66,NA
"08","31","2007",89,NA,NA
"09","01","2007",92,81,NA
"09","02","2007",90,NA,NA
"09","03","2007",93,NA,NA
"09","04","2007",94,72,NA
"09","05","2007",92,83,NA
"09","06","2007",83,NA,NA
"09","07","2007",NA,75,NA
"09","08","2007",86,NA,NA
"09","09","2007",89,NA,NA
"09","10","2007",NA,77,NA
"09","11","2007",NA,NA,NA
"09","12","2007",93,NA,NA
"09","13","2007",91,NA,NA
"09","14","2007",89,NA,NA
"09","15","2007",91,77,NA
"09","16","2007",90,NA,NA
"09","17","2007",90,76,NA
"09","18","2007",89,70,NA
"09","19","2007",90,NA,NA
"09","20","2007",91,76,NA
"09","21","2007",81,78,NA
"09","22","2007",90,NA,NA
"09","23","2007",83,NA,NA
"09","24","2007",86,NA,NA
"09","25","2007",85,76,NA
"09","26","2007",86,NA,NA
"09","27","2007",NA,81,NA
"09","28","2007",NA,79,NA
"09","29","2007",88,NA,NA
"09","30","2007",NA,68,NA
"10","01","2007",94,NA,NA
"10","02","2007",NA,75,NA
"10","03","2007",NA,NA,NA
"10","04","2007",86,NA,NA
"10","05","2007",89,62,NA
"10","06","2007",84,NA,NA
"10","07","2007",NA,NA,NA
"10","08","2007",85,NA,NA
"10","09","2007",89,NA,NA
"10","10","2007",87,75,NA
"10","11","2007",89,74,NA
"10","12","2007",91,84,NA
"10","13","2007",95,84,NA
"10","14","2007",90,NA,NA
"10","15","2007",94,NA,NA
"10","16","2007",88,77,NA
"10","17","2007",90,NA,NA
"10","18","2007",92,NA,NA
"10","19","2007",91,NA,NA
"10","20","2007",94,NA,NA
"10","21","2007",87,NA,NA
"10","22","2007",92,NA,NA
"10","23","2007",89,80,NA
"10","24","2007",94,89,NA
"10","25","2007",88,84,NA
"10","26","2007",89,NA,NA
"10","27","2007",88,NA,NA
"10","28","2007",85,84,NA
"10","29","2007",90,NA,NA
"10","30","2007",86,NA,NA
"10","31","2007",87,90,NA
"11","01","2007",93,83,NA
"11","02","2007",87,75,NA
"11","03","2007",84,NA,NA
"11","04","2007",91,NA,NA
"11","05","2007",86,81,NA
"11","06","2007",87,77,NA
"11","07","2007",84,NA,NA
"11","08","2007",87,79,NA
"11","09","2007",86,NA,NA
"11","10","2007",94,74,NA
"11","11","2007",90,NA,NA
"11","12","2007",87,74,NA
"11","13","2007",88,NA,NA
"11","14","2007",87,81,NA
"11","15","2007",85,81,NA
"11","16","2007",82,75,NA
"11","17","2007",89,78,NA
"11","18","2007",87,NA,NA
"11","19","2007",NA,79,NA
"11","20","2007",84,74,NA
"11","21","2007",87,82,NA
"11","22","2007",87,83,NA
"11","23","2007",87,NA,NA
"11","24","2007",86,NA,NA
"11","25","2007",84,NA,NA
"11","26","2007",81,79,NA
"11","27","2007",87,82,NA
"11","28","2007",86,73,NA
"11","29","2007",81,75,NA
"11","30","2007",82,82,NA
"12","01","2007",78,87,NA
"12","02","2007",81,71,NA
"12","03","2007",86,76,NA
"12","04","2007",86,NA,NA
"12","05","2007",87,76,NA
"12","06","2007",87,78,NA
"12","07","2007",84,78,NA
"12","08","2007",86,NA,NA
"12","09","2007",NA,75,NA
"12","10","2007",89,NA,NA
"12","11","2007",83,NA,NA
"12","12","2007",91,79,NA
"12","13","2007",90,78,NA
"12","14","2007",91,NA,NA
"12","15","2007",88,NA,NA
"12","16","2007",92,NA,NA
"12","17","2007",89,77,NA
"12","18","2007",86,76,NA
"12","19","2007",85,NA,NA
"12","20","2007",86,NA,NA
"12","21","2007",87,73,NA
"12","22","2007",85,NA,NA
"12","23","2007",87,77,NA
"12","24","2007",89,NA,NA
"12","25","2007",88,NA,NA
"12","26","2007",84,72,NA
"12","27","2007",95,71,NA
"12","28","2007",91,72,NA
"12","29","2007",84,76,NA
"12","30","2007",87,NA,NA
"12","31","2007",88,NA,NA
"01","01","2008",90,NA,NA
"01","02","2008",NA,66,NA
"01","03","2008",94,72,NA
"01","04","2008",NA,69,NA
"01","05","2008",NA,NA,NA
"01","06","2008",NA,NA,NA
"01","07","2008",NA,72,NA
"01","08","2008",NA,NA,NA
"01","09","2008",95,NA,NA
"01","10","2008",NA,76,NA
"01","11","2008",90,NA,NA
"01","12","2008",90,76,NA
"01","13","2008",90,NA,NA
"01","14","2008",92,92,NA
"01","15","2008",NA,72,NA
"01","16","2008",NA,86,NA
"01","17","2008",90,NA,NA
"01","18","2008",NA,75,NA
"01","19","2008",NA,NA,NA
"01","20","2008",NA,74,NA
"01","21","2008",95,77,NA
"01","22","2008",NA,NA,NA
"01","23","2008",NA,NA,NA
"01","24","2008",NA,NA,NA
"01","25","2008",NA,73,NA
"01","26","2008",88,75,NA
"01","27","2008",87,NA,NA
"01","28","2008",NA,64,NA
"01","29","2008",83,63,NA
"01","30","2008",89,NA,NA
"01","31","2008",90,65,NA
"02","01","2008",89,68,NA
"02","02","2008",89,66,NA
"02","03","2008",86,NA,NA
"02","04","2008",86,64,NA
"02","05","2008",86,68,NA
"02","06","2008",88,65,NA
"02","07","2008",NA,NA,NA
"02","08","2008",84,NA,NA
"02","09","2008",NA,75,NA
"02","10","2008",85,NA,NA
"02","11","2008",89,78,NA
"02","12","2008",87,NA,NA
"02","13","2008",NA,75,NA
"02","14","2008",NA,73,NA
"02","15","2008",94,NA,NA
"02","16","2008",94,71,NA
"02","17","2008",NA,NA,NA
"02","18","2008",94,76,NA
"02","19","2008",88,NA,NA
"02","20","2008",88,79,NA
"02","21","2008",86,73,NA
"02","22","2008",87,76,NA
"02","23","2008",87,71,NA
"02","24","2008",NA,NA,NA
"02","25","2008",88,NA,NA
"02","26","2008",NA,NA,NA
"02","27","2008",90,72,NA
"02","28","2008",NA,84,NA
"02","29","2008",NA,77,NA
"03","01","2008",95,80,NA
"03","02","2008",NA,76,NA
"03","03","2008",NA,72,NA
"03","04","2008",NA,NA,NA
"03","05","2008",NA,80,NA
"03","06","2008",NA,85,NA
"03","07","2008",NA,79,NA
"03","08","2008",93,75,NA
"03","09","2008",NA,NA,NA
"03","10","2008",92,77,NA
"03","11","2008",NA,NA,NA
"03","12","2008",92,71,NA
"03","13","2008",94,84,NA
"03","14","2008",92,NA,NA
"03","15","2008",91,NA,NA
"03","16","2008",91,75,NA
"03","17","2008",91,76,NA
"03","18","2008",NA,74,NA
"03","19","2008",NA,NA,NA
"03","20","2008",NA,NA,NA
"03","21","2008",95,NA,NA
"03","22","2008",94,NA,NA
"03","23","2008",95,NA,NA
"03","24","2008",NA,79,NA
"03","25","2008",NA,81,NA
"03","26","2008",NA,NA,NA
"03","27","2008",NA,74,NA
"03","28","2008",93,NA,NA
"03","29","2008",90,NA,NA
"03","30","2008",92,NA,NA
"03","31","2008",93,87,NA
"04","01","2008",NA,NA,NA
"04","02","2008",NA,77,NA
"04","03","2008",NA,79,NA
"04","04","2008",NA,83,NA
"04","05","2008",NA,84,NA
"04","06","2008",96,NA,NA
"04","07","2008",NA,78,NA
"04","08","2008",NA,77,NA
"04","09","2008",NA,NA,NA
"04","10","2008",NA,75,NA
"04","11","2008",NA,NA,NA
"04","12","2008",83,NA,NA
"04","13","2008",NA,NA,NA
"04","14","2008",NA,79,NA
"04","15","2008",89,NA,NA
"04","16","2008",NA,77,NA
"04","17","2008",NA,77,NA
"04","18","2008",NA,71,NA
"04","19","2008",NA,NA,NA
"04","20","2008",NA,77,NA
"04","21","2008",94,79,NA
"04","22","2008",NA,76,NA
"04","23","2008",NA,NA,NA
"04","24","2008",91,80,NA
"04","25","2008",96,NA,NA
"04","26","2008",94,NA,NA
"04","27","2008",NA,NA,NA
"04","28","2008",NA,84,NA
"04","29","2008",95,79,NA
"04","30","2008",NA,NA,NA
"05","01","2008",NA,81,NA
"05","02","2008",91,82,NA
"05","03","2008",93,NA,NA
"05","04","2008",95,NA,NA
"05","05","2008",88,79,NA
"05","06","2008",NA,NA,NA
"05","07","2008",NA,76,NA
"05","08","2008",NA,NA,NA
"05","09","2008",NA,NA,NA
"05","10","2008",94,NA,NA
"05","11","2008",96,NA,NA
"05","12","2008",NA,73,NA
"05","13","2008",NA,78,NA
"05","14","2008",NA,77,NA
"05","15","2008",NA,NA,NA
"05","16","2008",93,NA,NA
"05","17","2008",93,83,NA
"05","18","2008",90,79,NA
"05","19","2008",96,NA,NA
"05","20","2008",95,NA,NA
"05","21","2008",96,NA,NA
"05","22","2008",NA,NA,NA
"05","23","2008",NA,NA,NA
"05","24","2008",90,NA,NA
"05","25","2008",NA,83,NA
"05","26","2008",NA,86,NA
"05","27","2008",92,77,NA
"05","28","2008",NA,78,NA
"05","29","2008",NA,83,NA
"05","30","2008",NA,77,NA
"05","31","2008",NA,77,NA
"06","01","2008",91,78,NA
"06","02","2008",92,79,NA
"06","03","2008",91,87,NA
"06","04","2008",90,85,NA
"06","05","2008",87,82,NA
"06","06","2008",88,81,NA
"06","07","2008",93,83,NA
"06","08","2008",NA,84,NA
"06","09","2008",NA,81,NA
"06","10","2008",97,81,NA
"06","11","2008",92,71,NA
"06","12","2008",91,70,NA
"06","13","2008",89,74,NA
"06","14","2008",91,77,NA
"06","15","2008",91,79,NA
"06","16","2008",NA,80,NA
"06","17","2008",NA,78,NA
"06","18","2008",91,79,NA
"06","19","2008",NA,77,NA
"06","20","2008",NA,73,NA
"06","21","2008",NA,76,NA
"06","22","2008",NA,85,NA
"06","23","2008",NA,75,NA
"06","24","2008",NA,79,NA
"06","25","2008",97,91,NA
"06","26","2008",93,74,NA
"06","27","2008",NA,72,NA
"06","28","2008",NA,82,NA
"06","29","2008",92,79,NA
"06","30","2008",NA,74,NA
"07","01","2008",92,83,NA
"07","02","2008",NA,83,NA
"07","03","2008",94,78,NA
"07","04","2008",NA,78,NA
"07","05","2008",NA,76,NA
"07","06","2008",NA,78,NA
"07","07","2008",90,84,NA
"07","08","2008",92,78,NA
"07","09","2008",NA,77,NA
"07","10","2008",NA,81,NA
"07","11","2008",NA,77,NA
"07","12","2008",NA,73,NA
"07","13","2008",NA,78,NA
"07","14","2008",94,71,NA
"07","15","2008",89,76,NA
"07","16","2008",92,76,NA
"07","17","2008",92,77,NA
"07","18","2008",90,80,NA
"07","19","2008",NA,75,NA
"07","20","2008",NA,75,NA
"07","21","2008",90,77,NA
"07","22","2008",83,76,NA
"07","23","2008",87,77,NA
"07","24","2008",82,79,NA
"07","25","2008",83,73,NA
"07","26","2008",92,80,NA
"07","27","2008",85,77,NA
"07","28","2008",93,78,NA
"07","29","2008",86,71,NA
"07","30","2008",82,76,NA
"07","31","2008",91,76,NA
"08","01","2008",NA,NA,NA
"08","02","2008",91,75,NA
"08","03","2008",86,80,NA
"08","04","2008",81,74,NA
"08","05","2008",83,75,NA
"08","06","2008",82,79,NA
"08","07","2008",NA,72,NA
"08","08","2008",80,72,NA
"08","09","2008",79,77,NA
"08","10","2008",87,76,NA
"08","11","2008",88,90,NA
"08","12","2008",85,73,NA
"08","13","2008",79,78,NA
"08","14","2008",88,77,NA
"08","15","2008",85,81,NA
"08","16","2008",87,78,NA
"08","17","2008",87,76,NA
"08","18","2008",82,76,NA
"08","19","2008",82,93,NA
"08","20","2008",73,78,NA
"08","21","2008",81,72,NA
"08","22","2008",83,75,NA
"08","23","2008",84,75,NA
"08","24","2008",85,77,NA
"08","25","2008",90,71,NA
"08","26","2008",87,81,NA
"08","27","2008",82,79,NA
"08","28","2008",90,77,NA
"08","29","2008",79,74,NA
"08","30","2008",90,77,NA
"08","31","2008",88,80,NA
"09","01","2008",NA,76,NA
"09","02","2008",91,78,NA
"09","03","2008",NA,77,NA
"09","04","2008",90,82,NA
"09","05","2008",85,70,NA
"09","06","2008",NA,77,NA
"09","07","2008",NA,76,NA
"09","08","2008",88,80,NA
"09","09","2008",NA,81,NA
"09","10","2008",NA,76,NA
"09","11","2008",79,70,NA
"09","12","2008",74,74,NA
"09","13","2008",NA,76,NA
"09","14","2008",NA,74,NA
"09","15","2008",NA,75,NA
"09","16","2008",NA,74,NA
"09","17","2008",89,74,NA
"09","18","2008",86,74,NA
"09","19","2008",89,80,NA
"09","20","2008",NA,77,NA
"09","21","2008",90,78,NA
"09","22","2008",88,78,NA
"09","23","2008",89,77,NA
"09","24","2008",85,81,NA
"09","25","2008",87,72,NA
"09","26","2008",90,76,NA
"09","27","2008",NA,75,NA
"09","28","2008",NA,81,NA
"09","29","2008",NA,80,NA
"09","30","2008",NA,78,NA
"10","01","2008",88,79,NA
"10","02","2008",NA,78,NA
"10","03","2008",88,74,NA
"10","04","2008",90,76,NA
"10","05","2008",85,75,NA
"10","06","2008",86,76,NA
"10","07","2008",86,79,NA
"10","08","2008",88,68,NA
"10","09","2008",84,76,NA
"10","10","2008",94,81,NA
"10","11","2008",88,77,NA
"10","12","2008",90,80,NA
"10","13","2008",91,82,NA
"10","14","2008",91,81,NA
"10","15","2008",85,78,NA
"10","16","2008",88,77,NA
"10","17","2008",80,75,NA
"10","18","2008",NA,75,NA
"10","19","2008",92,77,NA
"10","20","2008",89,75,NA
"10","21","2008",NA,78,NA
"10","22","2008",90,78,NA
"10","23","2008",NA,77,NA
"10","24","2008",NA,75,NA
"10","25","2008",91,74,NA
"10","26","2008",NA,82,NA
"10","27","2008",89,80,NA
"10","28","2008",93,84,NA
"10","29","2008",87,78,NA
"10","30","2008",85,80,NA
"10","31","2008",88,74,NA
"11","01","2008",NA,84,NA
"11","02","2008",NA,80,NA
"11","03","2008",NA,77,NA
"11","04","2008",92,87,NA
"11","05","2008",NA,84,NA
"11","06","2008",92,75,NA
"11","07","2008",90,78,NA
"11","08","2008",90,77,NA
"11","09","2008",89,78,NA
"11","10","2008",89,73,NA
"11","11","2008",83,76,NA
"11","12","2008",90,79,NA
"11","13","2008",90,77,0
"11","14","2008",89,75,0
"11","15","2008",NA,81,NA
"11","16","2008",94,80,NA
"11","17","2008",94,77,NA
"11","18","2008",91,82,NA
"11","19","2008",91,80,NA
"11","20","2008",NA,85,NA
"11","21","2008",91,79,NA
"11","22","2008",94,82,NA
"11","23","2008",93,83,NA
"11","24","2008",95,82,NA
"11","25","2008",91,84,NA
"11","26","2008",93,88,NA
"11","27","2008",93,85,NA
"11","28","2008",94,85,NA
"11","29","2008",92,89,NA
"11","30","2008",NA,NA,NA
"12","01","2008",91,81,NA
"12","02","2008",94,82,NA
"12","03","2008",93,84,NA
"12","04","2008",93,81,NA
"12","05","2008",92,79,NA
"12","06","2008",88,80,NA
"12","07","2008",91,NA,NA
"12","08","2008",94,80,NA
"12","09","2008",NA,80,NA
"12","10","2008",NA,76,NA
"12","11","2008",91,79,NA
"12","12","2008",91,81,NA
"12","13","2008",93,81,NA
"12","14","2008",89,79,NA
"12","15","2008",NA,76,NA
"12","16","2008",82,78,NA
"12","17","2008",82,75,NA
"12","18","2008",76,77,NA
"12","19","2008",80,77,NA
"12","20","2008",81,75,NA
"12","21","2008",90,73,NA
"12","22","2008",85,77,NA
"12","23","2008",87,73,NA
"12","24","2008",87,75,NA
"12","25","2008",86,75,NA
"12","26","2008",83,75,NA
"12","27","2008",72,74,NA
"12","28","2008",74,NA,NA
"12","29","2008",74,NA,NA
"12","30","2008",74,75,NA
"12","31","2008",78,76,NA
"01","01","2009",NA,75,NA
"01","02","2009",86,75,NA
"01","03","2009",79,74,NA
"01","04","2009",78,74,NA
"01","05","2009",92,74,NA
"01","06","2009",92,78,NA
"01","07","2009",NA,74,NA
"01","08","2009",93,75,NA
"01","09","2009",92,72,NA
"01","10","2009",86,74,NA
"01","11","2009",82,75,NA
"01","12","2009",84,70,NA
"01","13","2009",85,73,NA
"01","14","2009",90,76,NA
"01","15","2009",NA,69,NA
"01","16","2009",NA,70,NA
"01","17","2009",93,75,NA
"01","18","2009",86,73,NA
"01","19","2009",92,78,NA
"01","20","2009",93,79,NA
"01","21","2009",94,76,NA
"01","22","2009",95,75,NA
"01","23","2009",91,80,NA
"01","24","2009",92,79,NA
"01","25","2009",90,73,NA
"01","26","2009",89,74,NA
"01","27","2009",NA,71,NA
"01","28","2009",NA,76,NA
"01","29","2009",NA,74,NA
"01","30","2009",92,73,NA
"01","31","2009",95,86,NA
"02","01","2009",NA,82,NA
"02","02","2009",NA,76,NA
"02","03","2009",NA,71,NA
"02","04","2009",90,71,NA
"02","05","2009",NA,75,NA
"02","06","2009",NA,78,NA
"02","07","2009",NA,69,NA
"02","08","2009",77,71,NA
"02","09","2009",NA,71,NA
"02","10","2009",NA,73,NA
"02","11","2009",73,78,NA
"02","12","2009",NA,84,NA
"02","13","2009",NA,82,NA
"02","14","2009",85,78,NA
"02","15","2009",NA,77,NA
"02","16","2009",NA,75,NA
"02","17","2009",83,78,NA
"02","18","2009",81,78,NA
"02","19","2009",81,78,NA
"02","20","2009",NA,82,NA
"02","21","2009",NA,73,NA
"02","22","2009",81,76,NA
"02","23","2009",84,78,NA
"02","24","2009",NA,70,NA
"02","25","2009",93,71,NA
"02","26","2009",88,78,NA
"02","27","2009",93,76,NA
"02","28","2009",NA,76,NA
"03","01","2009",93,76,NA
"03","02","2009",94,89,NA
"03","03","2009",93,82,NA
"03","04","2009",89,81,NA
"03","05","2009",94,79,NA
"03","06","2009",92,80,NA
"03","07","2009",NA,78,NA
"03","08","2009",83,73,NA
"03","09","2009",88,71,NA
"03","10","2009",NA,81,NA
"03","11","2009",83,76,NA
"03","12","2009",84,71,NA
"03","13","2009",85,70,NA
"03","14","2009",90,74,NA
"03","15","2009",84,72,NA
"03","16","2009",87,71,NA
"03","17","2009",92,82,NA
"03","18","2009",87,78,NA
"03","19","2009",95,78,NA
"03","20","2009",89,87,NA
"03","21","2009",86,76,NA
"03","22","2009",89,73,NA
"03","23","2009",81,74,NA
"03","24","2009",94,84,NA
"03","25","2009",95,76,NA
"03","26","2009",90,77,NA
"03","27","2009",87,77,NA
"03","28","2009",NA,75,NA
"03","29","2009",NA,84,NA
"03","30","2009",NA,77,NA
"03","31","2009",NA,77,NA
"04","01","2009",89,79,NA
"04","02","2009",90,87,NA
"04","03","2009",77,79,NA
"04","04","2009",85,81,NA
"04","05","2009",80,79,NA
"04","06","2009",79,80,NA
"04","07","2009",81,78,NA
"04","08","2009",87,84,NA
"04","09","2009",87,77,NA
"04","10","2009",86,83,NA
"04","11","2009",87,81,NA
"04","12","2009",91,79,NA
"04","13","2009",82,80,NA
"04","14","2009",85,76,NA
"04","15","2009",90,80,NA
"04","16","2009",84,64,NA
"04","17","2009",85,80,NA
"04","18","2009",86,76,NA
"04","19","2009",88,71,NA
"04","20","2009",89,77,NA
"04","21","2009",85,81,NA
"04","22","2009",86,83,NA
"04","23","2009",87,80,NA
"04","24","2009",87,75,NA
"04","25","2009",78,74,NA
"04","26","2009",82,70,NA
"04","27","2009",86,68,NA
"04","28","2009",80,71,NA
"04","29","2009",80,72,NA
"04","30","2009",88,85,NA
"05","01","2009",83,75,NA
"05","02","2009",96,83,NA
"05","03","2009",86,71,NA
"05","04","2009",92,86,NA
"05","05","2009",84,77,NA
"05","06","2009",84,73,NA
"05","07","2009",90,76,NA
"05","08","2009",84,81,NA
"05","09","2009",78,75,NA
"05","10","2009",75,80,NA
"05","11","2009",89,71,NA
"05","12","2009",85,72,NA
"05","13","2009",82,75,NA
"05","14","2009",78,72,NA
"05","15","2009",91,82,NA
"05","16","2009",82,81,NA
"05","17","2009",82,NA,NA
"05","18","2009",84,64,NA
"05","19","2009",81,79,NA
"05","20","2009",87,82,NA
"05","21","2009",94,81,NA
"05","22","2009",97,NA,NA
"05","23","2009",93,NA,NA
"05","24","2009",87,82,NA
"05","25","2009",91,90,NA
"05","26","2009",NA,81,NA
"05","27","2009",92,77,NA
"05","28","2009",97,75,NA
"05","29","2009",NA,77,NA
"05","30","2009",96,79,NA
"05","31","2009",93,74,NA
"06","01","2009",NA,75,NA
"06","02","2009",NA,70,NA
"06","03","2009",NA,74,NA
"06","04","2009",NA,78,NA
"06","05","2009",96,86,NA
"06","06","2009",95,NA,NA
"06","07","2009",94,86,NA
"06","08","2009",95,75,NA
"06","09","2009",NA,68,NA
"06","10","2009",NA,77,NA
"06","11","2009",88,77,NA
"06","12","2009",93,80,NA
"06","13","2009",93,NA,NA
"06","14","2009",93,87,NA
"06","15","2009",86,80,NA
"06","16","2009",93,78,NA
"06","17","2009",96,78,NA
"06","18","2009",89,75,NA
"06","19","2009",93,77,NA
"06","20","2009",93,77,NA
"06","21","2009",97,78,NA
"06","22","2009",95,80,NA
"06","23","2009",93,81,NA
"06","24","2009",91,NA,NA
"06","25","2009",93,NA,NA
"06","26","2009",NA,NA,NA
"06","27","2009",85,79,NA
"06","28","2009",89,83,NA
"06","29","2009",86,77,NA
"06","30","2009",92,NA,NA
"07","01","2009",88,83,NA
"07","02","2009",88,NA,NA
"07","03","2009",88,80,NA
"07","04","2009",NA,77,NA
"07","05","2009",94,NA,NA
"07","06","2009",NA,83,NA
"07","07","2009",78,77,NA
"07","08","2009",86,NA,NA
"07","09","2009",91,NA,NA
"07","10","2009",82,NA,NA
"07","11","2009",94,NA,NA
"07","12","2009",86,NA,NA
"07","13","2009",80,64,NA
"07","14","2009",NA,79,NA
"07","15","2009",82,76,NA
"07","16","2009",NA,82,NA
"07","17","2009",NA,81,NA
"07","18","2009",NA,75,NA
"07","19","2009",NA,NA,NA
"07","20","2009",NA,NA,NA
"07","21","2009",94,NA,NA
"07","22","2009",NA,NA,NA
"07","23","2009",91,85,NA
"07","24","2009",NA,78,NA
"07","25","2009",NA,NA,NA
"07","26","2009",92,80,NA
"07","27","2009",NA,NA,NA
"07","28","2009",91,81,NA
"07","29","2009",88,NA,NA
"07","30","2009",NA,82,NA
"07","31","2009",94,76,NA
"08","01","2009",NA,82,NA
"08","02","2009",NA,NA,NA
"08","03","2009",NA,69,NA
"08","04","2009",NA,89,NA
"08","05","2009",92,81,NA
"08","06","2009",91,NA,NA
"08","07","2009",96,82,NA
"08","08","2009",94,86,NA
"08","09","2009",94,78,NA
"08","10","2009",91,82,NA
"08","11","2009",NA,NA,NA
"08","12","2009",NA,86,NA
"08","13","2009",94,76,NA
"08","14","2009",94,82,NA
"08","15","2009",88,80,NA
"08","16","2009",95,90,NA
"08","17","2009",90,94,NA
"08","18","2009",92,NA,NA
"08","19","2009",90,NA,NA
"08","20","2009",94,75,NA
"08","21","2009",90,85,NA
"08","22","2009",NA,78,NA
"08","23","2009",93,NA,NA
"08","24","2009",90,80,NA
"08","25","2009",90,78,NA
"08","26","2009",91,88,NA
"08","27","2009",85,81,NA
"08","28","2009",81,87,NA
"08","29","2009",83,82,NA
"08","30","2009",89,86,NA
"08","31","2009",87,83,NA
"09","01","2009",84,NA,NA
"09","02","2009",85,NA,NA
"09","03","2009",84,NA,NA
"09","04","2009",88,NA,NA
"09","05","2009",84,NA,NA
"09","06","2009",83,NA,NA
"09","07","2009",85,NA,NA
"09","08","2009",84,NA,NA
"09","09","2009",90,NA,NA
"09","10","2009",90,NA,NA
"09","11","2009",78,NA,NA
"09","12","2009",79,NA,NA
"09","13","2009",84,NA,NA
"09","14","2009",85,NA,NA
"09","15","2009",81,NA,NA
"09","16","2009",92,NA,NA
"09","17","2009",87,NA,NA
"09","18","2009",83,NA,NA
"09","19","2009",87,NA,NA
"09","20","2009",87,NA,NA
"09","21","2009",NA,NA,NA
"09","22","2009",80,NA,NA
"09","23","2009",82,NA,NA
"09","24","2009",NA,NA,NA
"09","25","2009",NA,NA,NA
"09","26","2009",NA,NA,NA
"09","27","2009",79,NA,NA
"09","28","2009",90,NA,NA
"09","29","2009",85,NA,NA
"09","30","2009",NA,NA,NA
"10","01","2009",NA,NA,NA
"10","02","2009",90,NA,NA
"10","03","2009",96,85,NA
"10","04","2009",93,80,NA
"10","05","2009",NA,81,NA
"10","06","2009",85,NA,NA
"10","07","2009",90,NA,NA
"10","08","2009",86,NA,NA
"10","09","2009",72,NA,NA
"10","10","2009",73,79,NA
"10","11","2009",84,88,NA
"10","12","2009",87,84,NA
"10","13","2009",86,87,NA
"10","14","2009",84,85,NA
"10","15","2009",93,NA,NA
"10","16","2009",91,89,NA
"10","17","2009",NA,NA,NA
"10","18","2009",87,NA,NA
"10","19","2009",85,81,NA
"10","20","2009",NA,NA,NA
"10","21","2009",88,81,NA
"10","22","2009",88,73,NA
"10","23","2009",89,NA,NA
"10","24","2009",90,94,NA
"10","25","2009",89,NA,NA
"10","26","2009",80,74,NA
"10","27","2009",79,72,NA
"10","28","2009",87,79,NA
"10","29","2009",82,NA,NA
"10","30","2009",92,NA,NA
"10","31","2009",88,73,NA
"11","01","2009",87,75,NA
"11","02","2009",89,81,NA
"11","03","2009",87,88,NA
"11","04","2009",85,83,NA
"11","05","2009",84,76,NA
"11","06","2009",92,78,NA
"11","07","2009",84,NA,NA
"11","08","2009",92,77,NA
"11","09","2009",89,NA,NA
"11","10","2009",85,79,NA
"11","11","2009",84,74,NA
"11","12","2009",96,82,NA
"11","13","2009",89,76,NA
"11","14","2009",97,82,NA
"11","15","2009",86,NA,NA
"11","16","2009",83,66,NA
"11","17","2009",89,NA,NA
"11","18","2009",85,81,NA
"11","19","2009",84,NA,NA
"11","20","2009",83,72,NA
"11","21","2009",82,68,NA
"11","22","2009",85,77,NA
"11","23","2009",91,75,NA
"11","24","2009",84,71,NA
"11","25","2009",90,71,NA
"11","26","2009",89,NA,NA
"11","27","2009",90,77,NA
"11","28","2009",88,74,NA
"11","29","2009",87,77,NA
"11","30","2009",87,75,NA
"12","01","2009",NA,74,NA
"12","02","2009",82,74,NA
"12","03","2009",NA,NA,NA
"12","04","2009",79,68,NA
"12","05","2009",77,67,NA
"12","06","2009",83,69,NA
"12","07","2009",90,64,NA
"12","08","2009",78,72,NA
"12","09","2009",80,74,NA
"12","10","2009",89,81,NA
"12","11","2009",84,74,NA
"12","12","2009",80,NA,NA
"12","13","2009",80,76,NA
"12","14","2009",81,77,NA
"12","15","2009",81,NA,NA
"12","16","2009",81,83,NA
"12","17","2009",83,NA,NA
"12","18","2009",NA,76,NA
"12","19","2009",NA,77,NA
"12","20","2009",93,NA,NA
"12","21","2009",88,NA,NA
"12","22","2009",86,NA,NA
"12","23","2009",91,NA,NA
"12","24","2009",88,NA,NA
"12","25","2009",89,75,NA
"12","26","2009",90,72,NA
"12","27","2009",88,74,NA
"12","28","2009",88,NA,NA
"12","29","2009",82,69,NA
"12","30","2009",85,NA,NA
"12","31","2009",78,NA,NA
"01","01","2010",77,71,NA
"01","02","2010",78,NA,NA
"01","03","2010",77,69,NA
"01","04","2010",78,67,NA
"01","05","2010",76,NA,NA
"01","06","2010",77,75,NA
"01","07","2010",81,68,NA
"01","08","2010",73,70,NA
"01","09","2010",79,71,NA
"01","10","2010",80,NA,NA
"01","11","2010",85,NA,NA
"01","12","2010",86,NA,NA
"01","13","2010",81,73,NA
"01","14","2010",76,71,NA
"01","15","2010",75,65,NA
"01","16","2010",62,66,NA
"01","17","2010",78,68,NA
"01","18","2010",76,63,NA
"01","19","2010",74,66,NA
"01","20","2010",68,64,NA
"01","21","2010",77,62,NA
"01","22","2010",74,NA,NA
"01","23","2010",88,63,NA
"01","24","2010",84,73,NA
"01","25","2010",NA,75,NA
"01","26","2010",NA,75,NA
"01","27","2010",NA,NA,NA
"01","28","2010",NA,68,NA
"01","29","2010",NA,67,NA
"01","30","2010",76,65,NA
"01","31","2010",73,NA,NA
"02","01","2010",71,NA,NA
"02","02","2010",63,63,NA
"02","03","2010",67,NA,NA
"02","04","2010",68,66,NA
"02","05","2010",74,NA,NA
"02","06","2010",80,53,NA
"02","07","2010",82,NA,NA
"02","08","2010",85,NA,NA
"02","09","2010",80,NA,NA
"02","10","2010",80,61,NA
"02","11","2010",86,NA,NA
"02","12","2010",76,66,NA
"02","13","2010",76,62,NA
"02","14","2010",84,61,NA
"02","15","2010",80,75,NA
"02","16","2010",NA,NA,NA
"02","17","2010",NA,75,NA
"02","18","2010",85,75,NA
"02","19","2010",81,75,NA
"02","20","2010",75,NA,NA
"02","21","2010",81,73,NA
"02","22","2010",86,NA,NA
"02","23","2010",92,72,NA
"02","24","2010",81,71,NA
"02","25","2010",93,NA,NA
"02","26","2010",92,76,NA
"02","27","2010",71,NA,NA
"02","28","2010",76,NA,NA
"03","01","2010",80,65,NA
"03","02","2010",80,69,NA
"03","03","2010",87,NA,NA
"03","04","2010",NA,75,NA
"03","05","2010",86,72,NA
"03","06","2010",86,68,NA
"03","07","2010",82,71,NA
"03","08","2010",90,68,NA
"03","09","2010",85,NA,NA
"03","10","2010",86,70,NA
"03","11","2010",90,67,NA
"03","12","2010",82,73,NA
"03","13","2010",78,70,NA
"03","14","2010",88,69,NA
"03","15","2010",83,NA,NA
"03","16","2010",90,66,NA
"03","17","2010",89,70,NA
"03","18","2010",85,77,NA
"03","19","2010",77,NA,NA
"03","20","2010",83,64,NA
"03","21","2010",86,70,NA
"03","22","2010",82,NA,NA
"03","23","2010",84,71,NA
"03","24","2010",77,73,NA
"03","25","2010",79,72,NA
"03","26","2010",84,76,NA
"03","27","2010",87,72,NA
"03","28","2010",80,NA,NA
"03","29","2010",83,78,NA
"03","30","2010",89,75,NA
"03","31","2010",79,NA,NA
"04","01","2010",80,78,NA
"04","02","2010",84,74,NA
"04","03","2010",91,NA,NA
"04","04","2010",89,74,NA
"04","05","2010",79,72,NA
"04","06","2010",87,76,NA
"04","07","2010",85,71,NA
"04","08","2010",83,67,NA
"04","09","2010",88,73,NA
"04","10","2010",77,NA,NA
"04","11","2010",95,74,NA
"04","12","2010",81,NA,NA
"04","13","2010",NA,74,NA
"04","14","2010",92,75,NA
"04","15","2010",87,71,NA
"04","16","2010",82,73,NA
"04","17","2010",84,70,NA
"04","18","2010",80,NA,NA
"04","19","2010",88,70,NA
"04","20","2010",80,74,NA
"04","21","2010",84,70,NA
"04","22","2010",75,71,NA
"04","23","2010",79,71,NA
"04","24","2010",NA,69,NA
"04","25","2010",79,70,NA
"04","26","2010",84,71,NA
"04","27","2010",83,71,NA
"04","28","2010",90,70,NA
"04","29","2010",90,70,NA
"04","30","2010",92,69,NA
"05","01","2010",86,71,NA
"05","02","2010",90,72,NA
"05","03","2010",88,NA,NA
"05","04","2010",96,72,NA
"05","05","2010",86,74,NA
"05","06","2010",95,74,NA
"05","07","2010",80,75,NA
"05","08","2010",85,NA,NA
"05","09","2010",81,77,NA
"05","10","2010",NA,76,NA
"05","11","2010",NA,73,NA
"05","12","2010",81,74,NA
"05","13","2010",83,NA,NA
"05","14","2010",77,74,NA
"05","15","2010",80,73,NA
"05","16","2010",78,69,NA
"05","17","2010",87,67,NA
"05","18","2010",80,71,NA
"05","19","2010",83,72,NA
"05","20","2010",95,77,NA
"05","21","2010",83,82,NA
"05","22","2010",89,NA,NA
"05","23","2010",85,74,NA
"05","24","2010",78,73,NA
"05","25","2010",82,68,NA
"05","26","2010",89,73,NA
"05","27","2010",97,NA,NA
"05","28","2010",87,NA,NA
"05","29","2010",83,74,NA
"05","30","2010",84,77,NA
"05","31","2010",89,70,NA
"06","01","2010",84,73,NA
"06","02","2010",83,77,NA
"06","03","2010",86,75,NA
"06","04","2010",80,73,NA
"06","05","2010",75,70,NA
"06","06","2010",79,72,NA
"06","07","2010",88,68,NA
"06","08","2010",91,79,NA
"06","09","2010",82,73,NA
"06","10","2010",84,73,NA
"06","11","2010",88,76,NA
"06","12","2010",NA,68,NA
"06","13","2010",90,77,NA
"06","14","2010",94,73,NA
"06","15","2010",NA,73,NA
"06","16","2010",88,NA,NA
"06","17","2010",83,74,NA
"06","18","2010",NA,74,NA
"06","19","2010",NA,74,NA
"06","20","2010",93,75,NA
"06","21","2010",84,72,NA
"06","22","2010",NA,NA,NA
"06","23","2010",NA,74,NA
"06","24","2010",NA,74,NA
"06","25","2010",85,73,NA
"06","26","2010",NA,79,NA
"06","27","2010",96,70,NA
"06","28","2010",84,74,NA
"06","29","2010",81,74,NA
"06","30","2010",87,66,NA
"07","01","2010",NA,69,NA
"07","02","2010",NA,72,NA
"07","03","2010",83,68,NA
"07","04","2010",84,73,NA
"07","05","2010",84,69,NA
"07","06","2010",90,71,NA
"07","07","2010",80,66,NA
"07","08","2010",88,71,NA
"07","09","2010",83,70,NA
"07","10","2010",74,75,NA
"07","11","2010",92,76,NA
"07","12","2010",80,72,NA
"07","13","2010",85,71,NA
"07","14","2010",75,68,NA
"07","15","2010",88,69,NA
"07","16","2010",91,72,NA
"07","17","2010",85,69,NA
"07","18","2010",87,73,NA
"07","19","2010",81,72,NA
"07","20","2010",88,76,NA
"07","21","2010",83,71,NA
"07","22","2010",NA,73,NA
"07","23","2010",NA,72,NA
"07","24","2010",87,72,NA
"07","25","2010",79,NA,NA
"07","26","2010",91,68,NA
"07","27","2010",88,73,NA
"07","28","2010",77,NA,NA
"07","29","2010",90,NA,NA
"07","30","2010",81,71,NA
"07","31","2010",90,75,NA
"08","01","2010",84,75,NA
"08","02","2010",85,74,NA
"08","03","2010",94,73,NA
"08","04","2010",90,70,NA
"08","05","2010",NA,74,NA
"08","06","2010",90,75,NA
"08","07","2010",88,61,NA
"08","08","2010",84,74,NA
"08","09","2010",83,70,NA
"08","10","2010",NA,NA,NA
"08","11","2010",86,72,NA
"08","12","2010",87,72,NA
"08","13","2010",87,NA,NA
"08","14","2010",81,71,NA
"08","15","2010",NA,74,NA
"08","16","2010",NA,72,NA
"08","17","2010",NA,73,NA
"08","18","2010",NA,71,NA
"08","19","2010",NA,75,NA
"08","20","2010",85,74,NA
"08","21","2010",89,79,NA
"08","22","2010",88,66,NA
"08","23","2010",83,72,NA
"08","24","2010",82,73,NA
"08","25","2010",86,74,NA
"08","26","2010",87,77,NA
"08","27","2010",87,74,NA
"08","28","2010",84,60,NA
"08","29","2010",84,NA,NA
"08","30","2010",NA,75,NA
"08","31","2010",NA,NA,NA
"09","01","2010",93,71,NA
"09","02","2010",91,72,NA
"09","03","2010",88,73,NA
"09","04","2010",73,NA,NA
"09","05","2010",79,71,NA
"09","06","2010",83,72,NA
"09","07","2010",85,75,NA
"09","08","2010",NA,76,NA
"09","09","2010",NA,75,NA
"09","10","2010",NA,76,NA
"09","11","2010",81,NA,NA
"09","12","2010",83,71,NA
"09","13","2010",90,74,NA
"09","14","2010",86,70,NA
"09","15","2010",80,70,NA
"09","16","2010",89,71,NA
"09","17","2010",NA,71,NA
"09","18","2010",NA,74,NA
"09","19","2010",89,70,NA
"09","20","2010",89,74,NA
"09","21","2010",90,72,NA
"09","22","2010",NA,69,NA
"09","23","2010",91,73,NA
"09","24","2010",95,67,NA
"09","25","2010",82,72,NA
"09","26","2010",78,71,NA
"09","27","2010",94,NA,NA
"09","28","2010",NA,68,NA
"09","29","2010",87,73,NA
"09","30","2010",87,NA,NA
"10","01","2010",86,73,NA
"10","02","2010",88,75,NA
"10","03","2010",82,NA,NA
"10","04","2010",89,71,NA
"10","05","2010",90,73,NA
"10","06","2010",87,69,NA
"10","07","2010",89,71,NA
"10","08","2010",93,73,NA
"10","09","2010",82,71,NA
"10","10","2010",85,NA,NA
"10","11","2010",NA,73,NA
"10","12","2010",NA,67,NA
"10","13","2010",NA,68,NA
"10","14","2010",84,NA,NA
"10","15","2010",91,72,NA
"10","16","2010",82,68,NA
"10","17","2010",89,69,NA
"10","18","2010",89,75,NA
"10","19","2010",85,69,NA
"10","20","2010",90,74,NA
"10","21","2010",85,NA,NA
"10","22","2010",87,NA,NA
"10","23","2010",85,NA,NA
"10","24","2010",90,71,NA
"10","25","2010",84,74,NA
"10","26","2010",86,75,NA
"10","27","2010",91,68,NA
"10","28","2010",83,NA,NA
"10","29","2010",86,69,NA
"10","30","2010",91,NA,NA
"10","31","2010",92,72,NA
"11","01","2010",94,77,NA
"11","02","2010",90,73,NA
"11","03","2010",NA,70,NA
"11","04","2010",NA,NA,NA
"11","05","2010",87,NA,NA
"11","06","2010",87,83,NA
"11","07","2010",90,76,NA
"11","08","2010",88,NA,NA
"11","09","2010",91,73,NA
"11","10","2010",93,68,NA
"11","11","2010",88,NA,NA
"11","12","2010",86,68,NA
"11","13","2010",NA,NA,NA
"11","14","2010",NA,69,NA
"11","15","2010",94,NA,NA
"11","16","2010",88,70,NA
"11","17","2010",91,74,NA
"11","18","2010",91,78,NA
"11","19","2010",88,71,NA
"11","20","2010",87,71,NA
"11","21","2010",85,62,NA
"11","22","2010",NA,NA,NA
"11","23","2010",95,71,NA
"11","24","2010",81,72,NA
"11","25","2010",87,79,NA
"11","26","2010",88,66,NA
"11","27","2010",90,72,NA
"11","28","2010",83,69,NA
"11","29","2010",87,74,NA
"11","30","2010",82,69,NA
"12","01","2010",87,72,NA
"12","02","2010",86,NA,NA
"12","03","2010",NA,79,NA
"12","04","2010",NA,72,NA
"12","05","2010",89,NA,NA
"12","06","2010",83,75,NA
"12","07","2010",NA,73,NA
"12","08","2010",90,74,NA
"12","09","2010",NA,NA,NA
"12","10","2010",NA,75,NA
"12","11","2010",85,69,NA
"12","12","2010",NA,NA,NA
"12","13","2010",87,78,NA
"12","14","2010",89,67,NA
"12","15","2010",NA,NA,NA
"12","16","2010",96,72,NA
"12","17","2010",90,71,NA
"12","18","2010",82,69,NA
"12","19","2010",87,77,NA
"12","20","2010",91,75,NA
"12","21","2010",85,NA,NA
"12","22","2010",89,76,NA
"12","23","2010",87,77,NA
"12","24","2010",86,70,NA
"12","25","2010",82,64,NA
"12","26","2010",91,70,NA
"12","27","2010",88,67,NA
"12","28","2010",84,67,NA
"12","29","2010",89,60,NA
"12","30","2010",79,NA,NA
"12","31","2010",81,66,NA
"01","01","2011",80,70,NA
"01","02","2011",81,70,NA
"01","03","2011",NA,72,NA
"01","04","2011",87,NA,NA
"01","05","2011",85,77,NA
"01","06","2011",85,72,NA
"01","07","2011",NA,NA,NA
"01","08","2011",82,69,NA
"01","09","2011",86,70,NA
"01","10","2011",76,66,NA
"01","11","2011",77,67,NA
"01","12","2011",83,67,NA
"01","13","2011",85,64,NA
"01","14","2011",80,72,NA
"01","15","2011",80,65,NA
"01","16","2011",87,NA,NA
"01","17","2011",81,68,NA
"01","18","2011",81,65,NA
"01","19","2011",75,61,NA
"01","20","2011",81,NA,NA
"01","21","2011",75,69,NA
"01","22","2011",76,68,NA
"01","23","2011",79,65,NA
"01","24","2011",80,74,NA
"01","25","2011",70,71,NA
"01","26","2011",79,77,NA
"01","27","2011",86,74,NA
"01","28","2011",83,70,NA
"01","29","2011",86,NA,NA
"01","30","2011",90,73,NA
"01","31","2011",77,65,NA
"02","01","2011",82,NA,NA
"02","02","2011",77,NA,NA
"02","03","2011",72,62,NA
"02","04","2011",75,66,NA
"02","05","2011",72,NA,NA
"02","06","2011",70,66,NA
"02","07","2011",94,78,NA
"02","08","2011",84,66,NA
"02","09","2011",88,69,NA
"02","10","2011",83,NA,NA
"02","11","2011",82,62,NA
"02","12","2011",80,66,NA
"02","13","2011",88,67,NA
"02","14","2011",85,71,NA
"02","15","2011",79,70,NA
"02","16","2011",90,67,NA
"02","17","2011",93,70,NA
"02","18","2011",84,67,NA
"02","19","2011",83,NA,NA
"02","20","2011",80,66,NA
"02","21","2011",77,67,NA
"02","22","2011",76,NA,NA
"02","23","2011",86,65,NA
"02","24","2011",89,NA,NA
"02","25","2011",88,NA,NA
"02","26","2011",81,NA,NA
"02","27","2011",NA,NA,NA
"02","28","2011",80,NA,NA
"03","01","2011",87,76,NA
"03","02","2011",90,NA,NA
"03","03","2011",91,63,NA
"03","04","2011",89,NA,NA
"03","05","2011",92,67,NA
"03","06","2011",81,65,NA
"03","07","2011",95,NA,NA
"03","08","2011",81,66,NA
"03","09","2011",87,NA,NA
"03","10","2011",90,78,NA
"03","11","2011",88,70,NA
"03","12","2011",NA,65,NA
"03","13","2011",88,NA,NA
"03","14","2011",81,71,NA
"03","15","2011",80,NA,NA
"03","16","2011",80,68,NA
"03","17","2011",86,68,NA
"03","18","2011",82,NA,NA
"03","19","2011",85,71,NA
"03","20","2011",86,67,NA
"03","21","2011",84,NA,NA
"03","22","2011",89,72,NA
"03","23","2011",94,65,NA
"03","24","2011",83,NA,NA
"03","25","2011",89,69,NA
"03","26","2011",79,NA,NA
"03","27","2011",78,66,NA
"03","28","2011",87,NA,NA
"03","29","2011",80,68,NA
"03","30","2011",84,69,NA
"03","31","2011",91,NA,NA
"04","01","2011",80,NA,NA
"04","02","2011",91,70,NA
"04","03","2011",92,67,NA
"04","04","2011",90,NA,NA
"04","05","2011",90,67,NA
"04","06","2011",90,67,NA
"04","07","2011",94,71,NA
"04","08","2011",85,69,NA
"04","09","2011",85,NA,NA
"04","10","2011",92,70,NA
"04","11","2011",NA,68,NA
"04","12","2011",NA,67,NA
"04","13","2011",92,NA,NA
"04","14","2011",89,64,NA
"04","15","2011",95,68,NA
"04","16","2011",85,NA,NA
"04","17","2011",86,69,NA
"04","18","2011",87,74,NA
"04","19","2011",86,NA,NA
"04","20","2011",NA,73,NA
"04","21","2011",88,72,NA
"04","22","2011",93,NA,NA
"04","23","2011",89,65,NA
"04","24","2011",84,65,NA
"04","25","2011",81,NA,NA
"04","26","2011",88,78,NA
"04","27","2011",77,70,NA
"04","28","2011",77,68,NA
"04","29","2011",87,NA,NA
"04","30","2011",88,73,NA
"05","01","2011",85,NA,NA
"05","02","2011",84,NA,NA
"05","03","2011",83,NA,NA
"05","04","2011",90,NA,NA
"05","05","2011",87,NA,NA
"05","06","2011",82,NA,NA
"05","07","2011",81,75,NA
"05","08","2011",86,57,NA
"05","09","2011",85,62,NA
"05","10","2011",84,NA,NA
"05","11","2011",80,NA,NA
"05","12","2011",86,NA,NA
"05","13","2011",90,74,NA
"05","14","2011",88,NA,NA
"05","15","2011",87,NA,NA
"05","16","2011",90,NA,NA
"05","17","2011",86,75,NA
"05","18","2011",91,NA,NA
"05","19","2011",87,84,NA
"05","20","2011",91,79,NA
"05","21","2011",79,72,NA
"05","22","2011",88,74,NA
"05","23","2011",90,77,NA
"05","24","2011",80,NA,NA
"05","25","2011",77,69,NA
"05","26","2011",77,NA,NA
"05","27","2011",NA,73,NA
"05","28","2011",NA,75,NA
"05","29","2011",89,63,NA
"05","30","2011",87,65,NA
"05","31","2011",NA,76,NA
"06","01","2011",93,76,NA
"06","02","2011",88,78,NA
"06","03","2011",96,90,NA
"06","04","2011",85,70,NA
"06","05","2011",NA,77,NA
"06","06","2011",89,NA,NA
"06","07","2011",93,66,NA
"06","08","2011",86,79,NA
"06","09","2011",80,NA,NA
"06","10","2011",77,NA,NA
"06","11","2011",79,65,NA
"06","12","2011",76,62,NA
"06","13","2011",81,NA,NA
"06","14","2011",79,NA,NA
"06","15","2011",83,NA,NA
"06","16","2011",NA,NA,NA
"06","17","2011",88,79,NA
"06","18","2011",88,79,NA
"06","19","2011",86,NA,NA
"06","20","2011",79,NA,NA
"06","21","2011",82,NA,NA
"06","22","2011",80,75,NA
"06","23","2011",92,79,NA
"06","24","2011",86,84,NA
"06","25","2011",92,86,NA
"06","26","2011",91,NA,NA
"06","27","2011",NA,75,NA
"06","28","2011",79,76,NA
"06","29","2011",73,76,NA
"06","30","2011",83,67,NA
"07","01","2011",94,77,NA
"07","02","2011",79,76,NA
"07","03","2011",87,75,NA
"07","04","2011",NA,NA,NA
"07","05","2011",84,79,NA
"07","06","2011",85,79,NA
"07","07","2011",80,77,NA
"07","08","2011",78,NA,NA
"07","09","2011",78,78,NA
"07","10","2011",85,77,NA
"07","11","2011",82,79,NA
"07","12","2011",79,83,NA
"07","13","2011",90,81,NA
"07","14","2011",91,79,NA
"07","15","2011",94,78,NA
"07","16","2011",89,80,NA
"07","17","2011",NA,74,NA
"07","18","2011",87,NA,NA
"07","19","2011",79,NA,NA
"07","20","2011",87,78,NA
"07","21","2011",82,77,NA
"07","22","2011",74,82,NA
"07","23","2011",NA,78,NA
"07","24","2011",88,NA,NA
"07","25","2011",82,NA,NA
"07","26","2011",89,NA,NA
"07","27","2011",NA,75,NA
"07","28","2011",90,NA,NA
"07","29","2011",NA,NA,NA
"07","30","2011",NA,NA,NA
"07","31","2011",82,78,NA
"08","01","2011",81,NA,NA
"08","02","2011",NA,NA,NA
"08","03","2011",NA,NA,NA
"08","04","2011",NA,NA,NA
"08","05","2011",82,74,NA
"08","06","2011",80,NA,NA
"08","07","2011",77,NA,NA
"08","08","2011",81,NA,NA
"08","09","2011",73,NA,NA
"08","10","2011",NA,74,NA
"08","11","2011",NA,NA,NA
"08","12","2011",87,NA,NA
"08","13","2011",80,NA,NA
"08","14","2011",90,NA,NA
"08","15","2011",90,NA,NA
"08","16","2011",84,NA,NA
"08","17","2011",85,NA,NA
"08","18","2011",73,NA,NA
"08","19","2011",78,NA,NA
"08","20","2011",76,79,NA
"08","21","2011",85,79,NA
"08","22","2011",86,82,NA
"08","23","2011",88,NA,NA
"08","24","2011",NA,NA,NA
"08","25","2011",85,NA,NA
"08","26","2011",85,NA,NA
"08","27","2011",79,NA,NA
"08","28","2011",84,77,NA
"08","29","2011",85,NA,NA
"08","30","2011",77,75,NA
"08","31","2011",74,NA,NA
"09","01","2011",81,NA,NA
"09","02","2011",68,77,NA
"09","03","2011",92,77,NA
"09","04","2011",87,NA,NA
"09","05","2011",75,NA,NA
"09","06","2011",70,NA,NA
"09","07","2011",74,NA,NA
"09","08","2011",89,NA,NA
"09","09","2011",90,NA,NA
"09","10","2011",84,77,NA
"09","11","2011",95,74,NA
"09","12","2011",81,NA,NA
"09","13","2011",71,NA,NA
"09","14","2011",74,NA,NA
"09","15","2011",68,NA,NA
"09","16","2011",88,NA,NA
"09","17","2011",82,78,NA
"09","18","2011",88,74,NA
"09","19","2011",83,NA,NA
"09","20","2011",95,83,NA
"09","21","2011",NA,NA,NA
"09","22","2011",75,NA,NA
"09","23","2011",80,78,NA
"09","24","2011",92,79,NA
"09","25","2011",77,77,NA
"09","26","2011",NA,NA,NA
"09","27","2011",77,74,NA
"09","28","2011",NA,77,NA
"09","29","2011",80,74,NA
"09","30","2011",76,69,NA
"10","01","2011",94,NA,NA
"10","02","2011",NA,NA,NA
"10","03","2011",NA,NA,NA
"10","04","2011",78,NA,NA
"10","05","2011",84,NA,NA
"10","06","2011",90,NA,NA
"10","07","2011",80,NA,NA
"10","08","2011",85,NA,NA
"10","09","2011",88,NA,NA
"10","10","2011",91,NA,NA
"10","11","2011",83,NA,NA
"10","12","2011",86,NA,NA
"10","13","2011",82,NA,NA
"10","14","2011",86,NA,NA
"10","15","2011",94,NA,NA
"10","16","2011",NA,NA,NA
"10","17","2011",90,NA,NA
"10","18","2011",92,NA,NA
"10","19","2011",92,NA,NA
"10","20","2011",90,NA,NA
"10","21","2011",74,NA,NA
"10","22","2011",72,NA,NA
"10","23","2011",72,NA,NA
"10","24","2011",83,NA,NA
"10","25","2011",84,NA,NA
"10","26","2011",83,NA,NA
"10","27","2011",74,NA,NA
"10","28","2011",93,NA,95.8333333333333
"10","29","2011",83,NA,NA
"10","30","2011",93,NA,94.625
"10","31","2011",85,NA,NA
"11","01","2011",81,NA,87.375
"11","02","2011",81,NA,86.1666666666667
"11","03","2011",85,NA,NA
"11","04","2011",85,NA,NA
"11","05","2011",81,NA,NA
"11","06","2011",86,NA,89.5833333333333
"11","07","2011",85,NA,NA
"11","08","2011",90,NA,NA
"11","09","2011",90,NA,NA
"11","10","2011",86,NA,NA
"11","11","2011",84,NA,NA
"11","12","2011",89,NA,NA
"11","13","2011",93,NA,94.125
"11","14","2011",88,NA,NA
"11","15","2011",75,NA,NA
"11","16","2011",88,NA,96.25
"11","17","2011",89,NA,96.4583333333333
"11","18","2011",93,NA,NA
"11","19","2011",86,NA,NA
"11","20","2011",88,NA,NA
"11","21","2011",89,NA,95.0833333333333
"11","22","2011",84,NA,NA
"11","23","2011",78,NA,NA
"11","24","2011",88,NA,NA
"11","25","2011",83,NA,NA
"11","26","2011",84,NA,NA
"11","27","2011",88,NA,NA
"11","28","2011",92,NA,97.2083333333333
"11","29","2011",93,NA,97.3333333333333
"11","30","2011",88,NA,NA
"12","01","2011",88,NA,93.6666666666667
"12","02","2011",86,NA,NA
"12","03","2011",88,NA,NA
"12","04","2011",92,NA,94.0416666666667
"12","05","2011",89,NA,NA
"12","06","2011",84,NA,NA
"12","07","2011",90,NA,NA
"12","08","2011",88,NA,NA
"12","09","2011",85,NA,90.625
"12","10","2011",82,NA,90.3333333333333
"12","11","2011",80,NA,NA
"12","12","2011",87,NA,NA
"12","13","2011",86,NA,NA
"12","14","2011",92,NA,94.4166666666667
"12","15","2011",89,NA,NA
"12","16","2011",92,NA,NA
"12","17","2011",89,NA,NA
"12","18","2011",87,NA,95.8333333333333
"12","19","2011",90,NA,NA
"12","20","2011",86,NA,NA
"12","21","2011",78,NA,NA
"12","22","2011",80,NA,NA
"12","23","2011",79,NA,NA
"12","24","2011",85,NA,NA
"12","25","2011",86,NA,NA
"12","26","2011",82,NA,NA
"12","27","2011",82,NA,NA
"12","28","2011",83,NA,NA
"12","29","2011",83,NA,NA
"12","30","2011",87,NA,NA
"12","31","2011",NA,NA,NA
"01","01","2012",NA,NA,NA
"01","02","2012",78,NA,NA
"01","03","2012",86,NA,NA
"01","04","2012",91,NA,NA
"01","05","2012",83,NA,NA
"01","06","2012",83,NA,NA
"01","07","2012",75,NA,NA
"01","08","2012",80,NA,NA
"01","09","2012",79,NA,NA
"01","10","2012",75,NA,NA
"01","11","2012",81,NA,NA
"01","12","2012",82,NA,NA
"01","13","2012",75,NA,NA
"01","14","2012",81,NA,NA
"01","15","2012",86,NA,NA
"01","16","2012",NA,NA,NA
"01","17","2012",80,NA,NA
"01","18","2012",80,NA,NA
"01","19","2012",83,NA,90.4166666666667
"01","20","2012",79,NA,NA
"01","21","2012",72,NA,NA
"01","22","2012",72,NA,NA
"01","23","2012",84,NA,NA
"01","24","2012",75,NA,87.875
"01","25","2012",82,NA,NA
"01","26","2012",82,NA,NA
"01","27","2012",74,NA,NA
"01","28","2012",85,NA,NA
"01","29","2012",83,NA,NA
"01","30","2012",77,NA,NA
"01","31","2012",78,NA,NA
"02","01","2012",73,NA,NA
"02","02","2012",71,NA,NA
"02","03","2012",71,NA,NA
"02","04","2012",73,NA,NA
"02","05","2012",82,NA,NA
"02","06","2012",90,NA,NA
"02","07","2012",87,NA,NA
"02","08","2012",92,NA,NA
"02","09","2012",86,NA,NA
"02","10","2012",84,NA,NA
"02","11","2012",83,NA,NA
"02","12","2012",83,NA,NA
"02","13","2012",85,NA,NA
"02","14","2012",79,NA,NA
"02","15","2012",74,NA,NA
"02","16","2012",70,NA,NA
"02","17","2012",72,NA,NA
"02","18","2012",67,NA,NA
"02","19","2012",75,NA,NA
"02","20","2012",73,NA,NA
"02","21","2012",80,NA,NA
"02","22","2012",68,NA,NA
"02","23","2012",73,NA,NA
"02","24","2012",75,NA,NA
"02","25","2012",79,NA,NA
"02","26","2012",80,NA,NA
"02","27","2012",72,NA,NA
"02","28","2012",71,NA,NA
"02","29","2012",73,NA,NA
"03","01","2012",73,NA,76.375
"03","02","2012",70,NA,NA
"03","03","2012",71,NA,NA
"03","04","2012",75,NA,NA
"03","05","2012",81,NA,NA
"03","06","2012",72,NA,NA
"03","07","2012",76,NA,NA
"03","08","2012",75,NA,NA
"03","09","2012",76,NA,NA
"03","10","2012",85,NA,NA
"03","11","2012",74,NA,NA
"03","12","2012",72,NA,76.6666666666667
"03","13","2012",73,NA,NA
"03","14","2012",75,NA,NA
"03","15","2012",85,NA,NA
"03","16","2012",78,NA,NA
"03","17","2012",83,NA,NA
"03","18","2012",78,NA,87.3333333333333
"03","19","2012",89,NA,NA
"03","20","2012",87,NA,NA
"03","21","2012",92,NA,NA
"03","22","2012",88,NA,90.2916666666667
"03","23","2012",75,NA,NA
"03","24","2012",76,NA,NA
"03","25","2012",87,NA,NA
"03","26","2012",95,NA,NA
"03","27","2012",83,NA,NA
"03","28","2012",74,NA,NA
"03","29","2012",83,NA,NA
"03","30","2012",94,NA,NA
"03","31","2012",81,NA,NA
"04","01","2012",77,NA,NA
"04","02","2012",80,NA,86.0833333333333
"04","03","2012",81,NA,NA
"04","04","2012",87,NA,NA
"04","05","2012",85,NA,NA
"04","06","2012",90,NA,NA
"04","07","2012",84,NA,87.7916666666667
"04","08","2012",92,NA,NA
"04","09","2012",86,NA,NA
"04","10","2012",71,NA,NA
"04","11","2012",87,NA,NA
"04","12","2012",93,NA,NA
"04","13","2012",85,NA,NA
"04","14","2012",88,NA,NA
"04","15","2012",83,NA,NA
"04","16","2012",80,NA,NA
"04","17","2012",89,NA,NA
"04","18","2012",86,NA,NA
"04","19","2012",92,NA,NA
"04","20","2012",80,NA,NA
"04","21","2012",88,NA,NA
"04","22","2012",79,NA,NA
"04","23","2012",80,NA,NA
"04","24","2012",89,NA,NA
"04","25","2012",81,NA,92.1666666666667
"04","26","2012",87,NA,NA
"04","27","2012",85,NA,92.0833333333333
"04","28","2012",86,NA,94.4166666666667
"04","29","2012",86,NA,NA
"04","30","2012",81,NA,NA
"05","01","2012",80,NA,NA
"05","02","2012",83,NA,NA
"05","03","2012",86,NA,NA
"05","04","2012",85,NA,NA
"05","05","2012",85,NA,NA
"05","06","2012",88,NA,NA
"05","07","2012",94,NA,NA
"05","08","2012",84,NA,NA
"05","09","2012",86,NA,94.875
"05","10","2012",84,NA,89.4583333333333
"05","11","2012",89,NA,NA
"05","12","2012",83,NA,87.4166666666667
"05","13","2012",89,NA,86.5416666666667
"05","14","2012",87,NA,NA
"05","15","2012",80,NA,NA
"05","16","2012",82,NA,NA
"05","17","2012",86,NA,92.3333333333333
"05","18","2012",90,NA,NA
"05","19","2012",88,NA,NA
"05","20","2012",91,NA,NA
"05","21","2012",91,NA,NA
"05","22","2012",77,NA,NA
"05","23","2012",84,NA,NA
"05","24","2012",91,NA,NA
"05","25","2012",89,NA,NA
"05","26","2012",86,NA,NA
"05","27","2012",73,NA,NA
"05","28","2012",78,NA,NA
"05","29","2012",80,NA,NA
"05","30","2012",88,NA,NA
"05","31","2012",85,NA,NA
"06","01","2012",79,NA,NA
"06","02","2012",85,NA,NA
"06","03","2012",80,NA,NA
"06","04","2012",76,NA,NA
"06","05","2012",71,NA,NA
"06","06","2012",71,NA,NA
"06","07","2012",74,NA,NA
"06","08","2012",79,NA,NA
"06","09","2012",76,NA,NA
"06","10","2012",76,NA,NA
"06","11","2012",89,NA,NA
"06","12","2012",89,NA,NA
"06","13","2012",89,NA,NA
"06","14","2012",78,NA,NA
"06","15","2012",77,NA,NA
"06","16","2012",94,NA,NA
"06","17","2012",87,NA,NA
"06","18","2012",80,NA,NA
"06","19","2012",77,NA,NA
"06","20","2012",76,NA,NA
"06","21","2012",88,NA,NA
"06","22","2012",75,NA,NA
"06","23","2012",81,NA,81.4166666666667
"06","24","2012",85,NA,NA
"06","25","2012",81,NA,NA
"06","26","2012",83,NA,NA
"06","27","2012",81,NA,85.1666666666667
"06","28","2012",71,NA,NA
"06","29","2012",76,NA,86.125
"06","30","2012",81,NA,88.2083333333333
"07","01","2012",82,NA,85.75
"07","02","2012",75,NA,NA
"07","03","2012",81,NA,NA
"07","04","2012",72,NA,NA
"07","05","2012",82,NA,89.3333333333333
"07","06","2012",86,NA,NA
"07","07","2012",86,NA,NA
"07","08","2012",74,NA,NA
"07","09","2012",78,NA,NA
"07","10","2012",79,NA,NA
"07","11","2012",80,NA,NA
"07","12","2012",86,NA,NA
"07","13","2012",94,NA,NA
"07","14","2012",86,NA,NA
"07","15","2012",81,NA,NA
"07","16","2012",80,NA,NA
"07","17","2012",74,NA,NA
"07","18","2012",78,NA,NA
"07","19","2012",71,NA,73.75
"07","20","2012",78,NA,74.9583333333333
"07","21","2012",80,NA,78.75
"07","22","2012",70,NA,74.4583333333333
"07","23","2012",69,NA,NA
"07","24","2012",77,NA,74.125
"07","25","2012",73,NA,NA
"07","26","2012",80,NA,81.375
"07","27","2012",72,NA,NA
"07","28","2012",76,NA,NA
"07","29","2012",76,NA,NA
"07","30","2012",87,NA,89.5
"07","31","2012",89,NA,NA
"08","01","2012",81,NA,NA
"08","02","2012",85,NA,NA
"08","03","2012",77,NA,NA
"08","04","2012",73,NA,NA
"08","05","2012",82,NA,NA
"08","06","2012",87,NA,NA
"08","07","2012",81,NA,79.4583333333333
"08","08","2012",80,NA,82.25
"08","09","2012",80,NA,81.8333333333333
"08","10","2012",73,NA,NA
"08","11","2012",79,NA,NA
"08","12","2012",85,NA,88.3333333333333
"08","13","2012",91,NA,NA
"08","14","2012",88,NA,NA
"08","15","2012",76,NA,85.625
"08","16","2012",77,NA,NA
"08","17","2012",81,NA,NA
"08","18","2012",NA,NA,NA
"08","19","2012",78,NA,NA
"08","20","2012",79,NA,NA
"08","21","2012",85,NA,NA
"08","22","2012",83,NA,NA
"08","23","2012",83,NA,NA
"08","24","2012",77,NA,NA
"08","25","2012",85,NA,NA
"08","26","2012",80,NA,NA
"08","27","2012",80,NA,NA
"08","28","2012",76,NA,NA
"08","29","2012",75,NA,81
"08","30","2012",85,NA,NA
"08","31","2012",87,NA,NA
"09","01","2012",75,NA,NA
"09","02","2012",74,NA,78.25
"09","03","2012",85,NA,NA
"09","04","2012",73,NA,NA
"09","05","2012",87,NA,NA
"09","06","2012",78,NA,NA
"09","07","2012",69,NA,NA
"09","08","2012",79,NA,NA
"09","09","2012",80,NA,NA
"09","10","2012",76,NA,NA
"09","11","2012",73,NA,NA
"09","12","2012",80,NA,NA
"09","13","2012",82,NA,NA
"09","14","2012",71,NA,NA
"09","15","2012",77,NA,NA
"09","16","2012",74,NA,NA
"09","17","2012",77,NA,NA
"09","18","2012",80,NA,NA
"09","19","2012",82,NA,NA
"09","20","2012",79,NA,NA
"09","21","2012",83,NA,NA
"09","22","2012",77,NA,NA
"09","23","2012",87,NA,NA
"09","24","2012",82,NA,NA
"09","25","2012",84,NA,NA
"09","26","2012",76,NA,NA
"09","27","2012",90,NA,NA
"09","28","2012",83,NA,NA
"09","29","2012",81,NA,NA
"09","30","2012",87,NA,NA
"10","01","2012",78,NA,NA
"10","02","2012",93,NA,NA
"10","03","2012",74,NA,NA
"10","04","2012",83,NA,NA
"10","05","2012",84,NA,NA
"10","06","2012",86,NA,NA
"10","07","2012",91,NA,NA
"10","08","2012",NA,NA,NA
"10","09","2012",85,NA,NA
"10","10","2012",90,NA,NA
"10","11","2012",84,NA,NA
"10","12","2012",88,NA,NA
"10","13","2012",89,NA,NA
"10","14","2012",NA,NA,NA
"10","15","2012",88,NA,NA
"10","16","2012",87,NA,NA
"10","17","2012",91,NA,NA
"10","18","2012",94,NA,NA
"10","19","2012",89,NA,NA
"10","20","2012",86,NA,NA
"10","21","2012",86,NA,88.9583333333333
"10","22","2012",91,NA,93.2916666666667
"10","23","2012",80,NA,84.75
"10","24","2012",84,NA,NA
"10","25","2012",86,NA,NA
"10","26","2012",85,NA,NA
"10","27","2012",77,NA,NA
"10","28","2012",78,NA,NA
"10","29","2012",81,NA,NA
"10","30","2012",86,NA,NA
"10","31","2012",89,NA,NA
"11","01","2012",83,NA,NA
"11","02","2012",84,NA,NA
"11","03","2012",86,NA,NA
"11","04","2012",83,NA,NA
"11","05","2012",86,NA,NA
"11","06","2012",82,NA,NA
"11","07","2012",82,NA,NA
"11","08","2012",82,NA,NA
"11","09","2012",82,NA,NA
"11","10","2012",75,NA,NA
"11","11","2012",91,NA,NA
"11","12","2012",90,NA,NA
"11","13","2012",87,NA,NA
"11","14","2012",78,NA,NA
"11","15","2012",92,NA,NA
"11","16","2012",89,NA,NA
"11","17","2012",88,NA,NA
"11","18","2012",94,NA,NA
"11","19","2012",91,NA,NA
"11","20","2012",83,NA,NA
"11","21","2012",87,NA,NA
"11","22","2012",88,NA,NA
"11","23","2012",88,NA,NA
"11","24","2012",86,NA,NA
"11","25","2012",87,NA,NA
"11","26","2012",83,NA,NA
"11","27","2012",84,NA,NA
"11","28","2012",92,NA,NA
"11","29","2012",83,NA,NA
"11","30","2012",85,NA,NA
"12","01","2012",87,NA,NA
"12","02","2012",88,NA,NA
"12","03","2012",87,NA,NA
"12","04","2012",89,NA,NA
"12","05","2012",81,NA,NA
"12","06","2012",84,NA,NA
"12","07","2012",88,NA,NA
"12","08","2012",87,NA,NA
"12","09","2012",85,NA,NA
"12","10","2012",75,NA,NA
"12","11","2012",81,NA,NA
"12","12","2012",85,NA,NA
"12","13","2012",85,NA,NA
"12","14","2012",87,NA,NA
"12","15","2012",91,NA,NA
"12","16","2012",87,NA,NA
"12","17","2012",89,NA,NA
"12","18","2012",84,NA,NA
"12","19","2012",83,NA,NA
"12","20","2012",81,NA,NA
"12","21","2012",85,NA,NA
"12","22","2012",82,NA,NA
"12","23","2012",86,NA,NA
"12","24","2012",83,NA,NA
"12","25","2012",NA,NA,NA
"12","26","2012",86,NA,NA
"12","27","2012",79,NA,NA
"12","28","2012",69,NA,NA
"12","29","2012",69,NA,NA
"12","30","2012",87,NA,NA
"12","31","2012",78,NA,NA
"01","01","2013",79,NA,NA
"01","02","2013",81,NA,NA
"01","03","2013",84,NA,NA
"01","04","2013",74,NA,NA
"01","05","2013",75,NA,NA
"01","06","2013",71,NA,NA
"01","07","2013",72,NA,NA
"01","08","2013",66,NA,NA
"01","09","2013",66,NA,NA
"01","10","2013",63,NA,NA
"01","11","2013",67,NA,NA
"01","12","2013",63,NA,NA
"01","13","2013",72,NA,NA
"01","14","2013",77,NA,NA
"01","15","2013",79,NA,NA
"01","16","2013",76,NA,NA
"01","17","2013",72,NA,NA
"01","18","2013",77,NA,NA
"01","19","2013",85,NA,NA
"01","20","2013",78,NA,NA
"01","21","2013",76,NA,NA
"01","22","2013",82,NA,NA
"01","23","2013",76,NA,NA
"01","24","2013",85,NA,NA
"01","25","2013",89,NA,NA
"01","26","2013",89,NA,NA
"01","27","2013",82,NA,NA
"01","28","2013",77,NA,NA
"01","29","2013",74,NA,NA
"01","30","2013",74,NA,NA
"01","31","2013",80,NA,NA
"02","01","2013",89,NA,NA
"02","02","2013",87,NA,91.5416666666667
"02","03","2013",86,NA,NA
"02","04","2013",85,NA,NA
"02","05","2013",87,NA,NA
"02","06","2013",86,NA,NA
"02","07","2013",87,NA,NA
"02","08","2013",91,NA,NA
"02","09","2013",80,NA,90.4583333333333
"02","10","2013",81,NA,NA
"02","11","2013",80,NA,NA
"02","12","2013",68,NA,78
"02","13","2013",79,NA,NA
"02","14","2013",75,NA,NA
"02","15","2013",80,NA,84.0833333333333
"02","16","2013",72,NA,78.7916666666667
"02","17","2013",91,NA,94.4583333333333
"02","18","2013",83,NA,NA
"02","19","2013",78,NA,NA
"02","20","2013",86,NA,89.5
"02","21","2013",81,NA,80.7083333333333
"02","22","2013",82,NA,87.625
"02","23","2013",78,NA,82.0833333333333
"02","24","2013",82,NA,85.5
"02","25","2013",81,NA,88.25
"02","26","2013",86,NA,84.6666666666667
"02","27","2013",80,NA,88.9166666666667
"02","28","2013",89,NA,92.8333333333333
"03","01","2013",89,NA,90.1666666666667
"03","02","2013",77,NA,83.4583333333333
"03","03","2013",86,NA,91.125
"03","04","2013",86,NA,94.2083333333333
"03","05","2013",79,NA,87.75
"03","06","2013",82,NA,86.5833333333333
"03","07","2013",86,NA,NA
"03","08","2013",90,NA,90.5
"03","09","2013",78,NA,NA
"03","10","2013",83,NA,83.25
"03","11","2013",80,NA,NA
"03","12","2013",89,NA,NA
"03","13","2013",87,NA,NA
"03","14","2013",89,NA,NA
"03","15","2013",94,NA,NA
"03","16","2013",81,NA,NA
"03","17","2013",84,NA,89.0833333333333
"03","18","2013",90,NA,NA
"03","19","2013",89,NA,89.9583333333333
"03","20","2013",92,NA,92.75
"03","21","2013",92,NA,91.8333333333333
"03","22","2013",91,NA,95.0416666666667
"03","23","2013",85,NA,93.7916666666667
"03","24","2013",78,NA,87.75
"03","25","2013",77,NA,NA
"03","26","2013",79,NA,85
"03","27","2013",83,NA,90.9166666666667
"03","28","2013",79,NA,NA
"03","29","2013",86,NA,87.6666666666667
"03","30","2013",79,NA,88.2083333333333
"03","31","2013",81,NA,84.5833333333333
"04","01","2013",70,NA,NA
"04","02","2013",90,NA,88.0833333333333
"04","03","2013",87,NA,91
"04","04","2013",79,NA,83
"04","05","2013",88,NA,89.25
"04","06","2013",91,NA,NA
"04","07","2013",85,NA,92.0833333333333
"04","08","2013",86,NA,NA
"04","09","2013",81,NA,84.9166666666667
"04","10","2013",84,NA,89.5416666666667
"04","11","2013",82,NA,81.5
"04","12","2013",75,NA,82.0416666666667
"04","13","2013",82,NA,NA
"04","14","2013",85,NA,89.375
"04","15","2013",86,NA,89.25
"04","16","2013",83,NA,84.75
"04","17","2013",92,NA,92.625
"04","18","2013",88,NA,91.5
"04","19","2013",91,NA,91
"04","20","2013",84,NA,84.375
"04","21","2013",92,NA,92.3333333333333
"04","22","2013",81,NA,85.25
"04","23","2013",79,NA,87
"04","24","2013",83,NA,86.9583333333333
"04","25","2013",80,NA,84.9583333333333
"04","26","2013",79,NA,88.1666666666667
"04","27","2013",86,NA,91.9166666666667
"04","28","2013",88,NA,96.6666666666667
"04","29","2013",83,NA,93.2083333333333
"04","30","2013",79,NA,NA
"05","01","2013",86,NA,89.5
"05","02","2013",79,NA,84.5416666666667
"05","03","2013",88,NA,92.3333333333333
"05","04","2013",82,NA,NA
"05","05","2013",92,NA,95.3333333333333
"05","06","2013",84,NA,92.25
"05","07","2013",89,NA,90.5416666666667
"05","08","2013",82,NA,NA
"05","09","2013",70,NA,NA
"05","10","2013",88,NA,92.7083333333333
"05","11","2013",82,NA,88.4166666666667
"05","12","2013",76,NA,88.375
"05","13","2013",80,NA,85.4166666666667
"05","14","2013",NA,NA,84.7916666666667
"05","15","2013",NA,NA,90.7083333333333
"05","16","2013",87,NA,91.2083333333333
"05","17","2013",85,NA,96.5
"05","18","2013",84,NA,85.0416666666667
"05","19","2013",84,NA,88.9583333333333
"05","20","2013",81,NA,87.4583333333333
"05","21","2013",84,NA,93.5
"05","22","2013",80,NA,NA
"05","23","2013",77,NA,91.7916666666667
"05","24","2013",79,NA,89.9583333333333
"05","25","2013",81,NA,89.4166666666667
"05","26","2013",81,NA,94.2083333333333
"05","27","2013",79,NA,88.0416666666667
"05","28","2013",80,NA,88.5
"05","29","2013",83,NA,92.9166666666667
"05","30","2013",83,NA,94.8333333333333
"05","31","2013",88,NA,95.5416666666667
"06","01","2013",87,NA,NA
"06","02","2013",76,NA,84.4166666666667
"06","03","2013",72,NA,84.625
"06","04","2013",71,NA,NA
"06","05","2013",86,NA,88.0416666666667
"06","06","2013",82,NA,86.0416666666667
"06","07","2013",76,NA,83.2083333333333
"06","08","2013",74,NA,NA
"06","09","2013",74,NA,80.2916666666667
"06","10","2013",71,NA,NA
"06","11","2013",78,NA,NA
"06","12","2013",77,NA,NA
"06","13","2013",86,NA,88.8333333333333
"06","14","2013",82,NA,86.3333333333333
"06","15","2013",84,NA,88.5833333333333
"06","16","2013",81,NA,79.375
"06","17","2013",82,NA,87.5833333333333
"06","18","2013",84,NA,84.2083333333333
"06","19","2013",91,NA,92.7083333333333
"06","20","2013",78,NA,84
"06","21","2013",78,NA,84.8333333333333
"06","22","2013",79,NA,84.5833333333333
"06","23","2013",76,NA,83.4166666666667
"06","24","2013",73,NA,84.8333333333333
"06","25","2013",91,NA,94.3333333333333
"06","26","2013",80,NA,87.0833333333333
"06","27","2013",80,NA,87.5833333333333
"06","28","2013",88,NA,93.0833333333333
"06","29","2013",82,NA,90.6666666666667
"06","30","2013",84,NA,95.0833333333333
"07","01","2013",81,NA,92.625
"07","02","2013",79,NA,81.25
"07","03","2013",71,NA,84.1666666666667
"07","04","2013",84,NA,88.75
"07","05","2013",87,NA,88.125
"07","06","2013",NA,NA,77.1666666666667
"07","07","2013",78,NA,80
"07","08","2013",74,NA,81.8333333333333
"07","09","2013",80,NA,85.9166666666667
"07","10","2013",79,NA,84.1666666666667
"07","11","2013",84,NA,87
"07","12","2013",75,NA,83.875
"07","13","2013",73,NA,82.5416666666667
"07","14","2013",75,NA,81.125
"07","15","2013",84,NA,NA
"07","16","2013",78,70,85.5
"07","17","2013",73,81,70.125
"07","18","2013",80,86,82.8333333333333
"07","19","2013",86,79,86.25
"07","20","2013",78,76,81.5416666666667
"07","21","2013",72,64,78
"07","22","2013",81,79,87.875
"07","23","2013",70,66,84.375
"07","24","2013",67,63,NA
"07","25","2013",75,74,75.2916666666667
"07","26","2013",NA,78,72.75
"07","27","2013",79,71,80.5416666666667
"07","28","2013",79,74,71.5
"07","29","2013",70,76,74.0833333333333
"07","30","2013",75,78,76.875
"07","31","2013",72,76,79.9166666666667
"08","01","2013",79,76,NA
"08","02","2013",78,77,NA
"08","03","2013",78,76,86.6666666666667
"08","04","2013",72,71,NA
"08","05","2013",73,66,76.125
"08","06","2013",71,68,79.1666666666667
"08","07","2013",76,80,90.7916666666667
"08","08","2013",83,81,84.7083333333333
"08","09","2013",83,84,88.875
"08","10","2013",87,77,89.3333333333333
"08","11","2013",79,73,90.625
"08","12","2013",80,79,89.25
"08","13","2013",75,80,92.3333333333333
"08","14","2013",78,79,85.75
"08","15","2013",73,77,NA
"08","16","2013",75,77,88.75
"08","17","2013",77,81,88.25
"08","18","2013",84,86,NA
"08","19","2013",82,79,88.5416666666667
"08","20","2013",83,76,92.7083333333333
"08","21","2013",88,79,87.2083333333333
"08","22","2013",81,76,89.1666666666667
"08","23","2013",82,84,85.4583333333333
"08","24","2013",84,88,86.7916666666667
"08","25","2013",NA,78,90.8333333333333
"08","26","2013",77,76,84.3333333333333
"08","27","2013",89,76,87.125
"08","28","2013",77,66,76.1666666666667
"08","29","2013",73,83,80.625
"08","30","2013",81,77,85.3333333333333
"08","31","2013",78,77,80.0416666666667
"09","01","2013",85,78,88.625
"09","02","2013",81,78,NA
"09","03","2013",86,77,91.9166666666667
"09","04","2013",88,77,NA
"09","05","2013",75,77,NA
"09","06","2013",90,83,87.625
"09","07","2013",83,80,87.5
"09","08","2013",81,80,88.8333333333333
"09","09","2013",86,74,86.125
"09","10","2013",86,77,87.375
"09","11","2013",85,79,85.9583333333333
"09","12","2013",80,78,88.9166666666667
"09","13","2013",82,74,93.4583333333333
"09","14","2013",78,74,84.3333333333333
"09","15","2013",80,73,NA
"09","16","2013",74,71,NA
"09","17","2013",85,74,90.5
"09","18","2013",86,72,NA
"09","19","2013",89,85,NA
"09","20","2013",79,71,NA
"09","21","2013",71,69,81.375
"09","22","2013",82,70,NA
"09","23","2013",76,64,NA
"09","24","2013",69,60,76.125
"09","25","2013",71,67,NA
"09","26","2013",87,61,NA
"09","27","2013",84,75,NA
"09","28","2013",81,68,NA
"09","29","2013",86,74,NA
"09","30","2013",84,66,NA
"10","01","2013",90,82,94.2083333333333
"10","02","2013",78,75,87.25
"10","03","2013",78,73,83.375
"10","04","2013",87,76,NA
"10","05","2013",79,78,NA
"10","06","2013",78,68,87.2916666666667
"10","07","2013",75,68,83.3333333333333
"10","08","2013",79,75,NA
"10","09","2013",73,67,82.625
"10","10","2013",85,NA,89.2916666666667
"10","11","2013",85,73,NA
"10","12","2013",81,69,93.3333333333333
"10","13","2013",85,71,NA
"10","14","2013",86,76,NA
"10","15","2013",85,71,NA
"10","16","2013",87,68,NA
"10","17","2013",90,78,94.1666666666667
"10","18","2013",82,79,NA
"10","19","2013",76,65,NA
"10","20","2013",82,72,89.2916666666667
"10","21","2013",88,74,NA
"10","22","2013",84,82,93.2083333333333
"10","23","2013",82,75,NA
"10","24","2013",85,69,NA
"10","25","2013",77,NA,86.5
"10","26","2013",87,72,NA
"10","27","2013",81,79,NA
"10","28","2013",81,75,91.5
"10","29","2013",83,74,92.7083333333333
"10","30","2013",92,73,96.25
"10","31","2013",87,76,97
"11","01","2013",83,NA,85.625
"11","02","2013",81,70,NA
"11","03","2013",84,77,85.7916666666667
"11","04","2013",86,74,87.875
"11","05","2013",91,81,95.9583333333333
"11","06","2013",87,74,90.9583333333333
"11","07","2013",92,80,92.5416666666667
"11","08","2013",88,77,91.4166666666667
"11","09","2013",88,74,NA
"11","10","2013",NA,80,92.3333333333333
"11","11","2013",84,75,NA
"11","12","2013",79,77,NA
"11","13","2013",79,76,NA
"11","14","2013",87,77,NA
"11","15","2013",82,74,87
"11","16","2013",83,72,NA
"11","17","2013",79,75,89.5833333333333
"11","18","2013",81,79,91.6666666666667
"11","19","2013",89,75,NA
"11","20","2013",88,73,NA
"11","21","2013",84,73,NA
"11","22","2013",82,74,NA
"11","23","2013",82,68,NA
"11","24","2013",92,76,NA
"11","25","2013",92,77,94
"11","26","2013",88,74,90.6666666666667
"11","27","2013",84,71,95.75
"11","28","2013",87,76,97.1666666666667
"11","29","2013",83,73,92.9166666666667
"11","30","2013",85,82,94.3333333333333
"12","01","2013",NA,79,92.7083333333333
"12","02","2013",NA,81,96.9583333333333
"12","03","2013",NA,80,92.375
"12","04","2013",NA,76,91.5833333333333
"12","05","2013",NA,75,90.5833333333333
"12","06","2013",NA,73,87.3333333333333
"12","07","2013",NA,72,NA
"12","08","2013",NA,75,96.2916666666667
"12","09","2013",NA,74,NA
"12","10","2013",NA,73,NA
"12","11","2013",NA,72,86.4583333333333
"12","12","2013",NA,70,87.375
"12","13","2013",NA,74,93.9166666666667
"12","14","2013",NA,72,84.5
"12","15","2013",NA,71,90.4583333333333
"12","16","2013",NA,72,90.7083333333333
"12","17","2013",NA,72,95.9166666666667
"12","18","2013",NA,72,NA
"12","19","2013",NA,72,94.1666666666667
"12","20","2013",NA,NA,91.6666666666667
"12","21","2013",NA,71,86.375
"12","22","2013",NA,70,86.75
"12","23","2013",NA,68,89.5416666666667
"12","24","2013",NA,73,88.1666666666667
"12","25","2013",NA,82,91.4166666666667
"12","26","2013",NA,72,NA
"12","27","2013",NA,72,88.0833333333333
"12","28","2013",NA,72,NA
"12","29","2013",NA,67,77.875
"12","30","2013",NA,70,80.2916666666667
"12","31","2013",NA,70,82.7083333333333
