"month","day","year","21045010","21060070","21105040"
"01","01","2005",0,0,0
"01","02","2005",0,0,0
"01","03","2005",23.8,0,0
"01","04","2005",5.9,0,0
"01","05","2005",0,0,0
"01","06","2005",2.6,0,0
"01","07","2005",0,0,14.7
"01","08","2005",2.8,0,0
"01","09","2005",0,0,0
"01","10","2005",0,0,0.7
"01","11","2005",0,0,0
"01","12","2005",0,0,0.2
"01","13","2005",0,0,0.4
"01","14","2005",7.4,42,0
"01","15","2005",0.1,0,16.3
"01","16","2005",0.1,0,2.6
"01","17","2005",2.4,0,0
"01","18","2005",0,0,0.2
"01","19","2005",0,0,0
"01","20","2005",0,0,0
"01","21","2005",0,0,0
"01","22","2005",1.3,0,0
"01","23","2005",0.9,0,0.6
"01","24","2005",0,0,1.7
"01","25","2005",0,0,0
"01","26","2005",0,0,0
"01","27","2005",0,0,0
"01","28","2005",0,0,0.4
"01","29","2005",0,0,28.6
"01","30","2005",0,0,0
"01","31","2005",0,0,0
"02","01","2005",0,0,0
"02","02","2005",0.2,0,23
"02","03","2005",0,0,0.1
"02","04","2005",6.7,0,0.1
"02","05","2005",0,0,1.3
"02","06","2005",0,0,0.1
"02","07","2005",0,0,0.2
"02","08","2005",0,0,40.8
"02","09","2005",1.1,0,3
"02","10","2005",26.5,5,4.1
"02","11","2005",52.5,90,0.3
"02","12","2005",7.7,10,58.7
"02","13","2005",0.8,0,0
"02","14","2005",0.1,0,0
"02","15","2005",1.8,5,0
"02","16","2005",0,0,0.2
"02","17","2005",0,0,0
"02","18","2005",0,0,0
"02","19","2005",0,0,0
"02","20","2005",0,3,0
"02","21","2005",0,0,1
"02","22","2005",0.1,0,0
"02","23","2005",0.1,0,0
"02","24","2005",0,0,0
"02","25","2005",0,0,0
"02","26","2005",0,0,0
"02","27","2005",1,0,0.4
"02","28","2005",1.6,2,4.1
"03","01","2005",0,0,0
"03","02","2005",1.8,4,0.7
"03","03","2005",13.2,6,3.8
"03","04","2005",3.1,14,4.2
"03","05","2005",0,0,0.1
"03","06","2005",1.1,1,47
"03","07","2005",0,0,0
"03","08","2005",0,0,25.4
"03","09","2005",12.1,134,8.9
"03","10","2005",7.5,3,16.3
"03","11","2005",0,0,0
"03","12","2005",0,1,0
"03","13","2005",0,0,0
"03","14","2005",0,0,0
"03","15","2005",0,0,0
"03","16","2005",0.1,0,0
"03","17","2005",0,0,0.5
"03","18","2005",1.4,0,0.2
"03","19","2005",10.1,5,0.2
"03","20","2005",0.1,0,0
"03","21","2005",0,0,0
"03","22","2005",0.8,0,1
"03","23","2005",9.5,4,1.4
"03","24","2005",1.4,0,4
"03","25","2005",0,3,0
"03","26","2005",0,0,0.2
"03","27","2005",0.1,1,0
"03","28","2005",5.1,0,5.2
"03","29","2005",4.4,0,0.1
"03","30","2005",10.9,70,0
"03","31","2005",0,0,75
"04","01","2005",0.1,0,0
"04","02","2005",1,5,0
"04","03","2005",6.1,8,5.1
"04","04","2005",3.3,0,2
"04","05","2005",0,0,10
"04","06","2005",9.4,6,0.8
"04","07","2005",0.5,3,0.1
"04","08","2005",19.5,25,14
"04","09","2005",1.4,0,0.3
"04","10","2005",0.7,2,0
"04","11","2005",0,0,0
"04","12","2005",2.2,2,2.5
"04","13","2005",0,0,0
"04","14","2005",0,0,0
"04","15","2005",0,0,0
"04","16","2005",0,0,0.6
"04","17","2005",4.6,1,1.6
"04","18","2005",0,0,0
"04","19","2005",0,0,0
"04","20","2005",7.1,3,0
"04","21","2005",0,0,0
"04","22","2005",39.5,5,0
"04","23","2005",16.2,0,9.1
"04","24","2005",1.2,3,20.6
"04","25","2005",1.6,9,42
"04","26","2005",20.9,24,25
"04","27","2005",0.5,0,0.1
"04","28","2005",11.4,32,14.2
"04","29","2005",6.4,9,0.1
"04","30","2005",1,9,0
"05","01","2005",0,0,0
"05","02","2005",0,1,0
"05","03","2005",57.7,40,1.2
"05","04","2005",0.3,0,0.1
"05","05","2005",3.5,0,0.5
"05","06","2005",0,0,0
"05","07","2005",0,3,1.1
"05","08","2005",0,0,0
"05","09","2005",0.2,0,0
"05","10","2005",1.3,0,8.6
"05","11","2005",1.4,0,0.2
"05","12","2005",0.7,0,0.6
"05","13","2005",0,0,3.6
"05","14","2005",0.7,2,0.7
"05","15","2005",0,3,11.2
"05","16","2005",0.2,0,0.2
"05","17","2005",0,0,0.6
"05","18","2005",0.7,8,0.4
"05","19","2005",0,0,0
"05","20","2005",0.1,0,0.3
"05","21","2005",2.9,0,0
"05","22","2005",2.2,5,1.6
"05","23","2005",0.4,0,8
"05","24","2005",0,0,0
"05","25","2005",0,0,1.4
"05","26","2005",1.3,2,0.4
"05","27","2005",16.5,14,11
"05","28","2005",0.6,0,0.2
"05","29","2005",0,2,0
"05","30","2005",2.2,1,0
"05","31","2005",7,5,3.9
"06","01","2005",0,0,0
"06","02","2005",0.1,0,0
"06","03","2005",0,0,0
"06","04","2005",7.3,11,2
"06","05","2005",4,0,3
"06","06","2005",1.2,0,0
"06","07","2005",0,0,0
"06","08","2005",0,0,0.1
"06","09","2005",0,0,0.3
"06","10","2005",0.7,0,0
"06","11","2005",0.1,0,5.2
"06","12","2005",0,0,0
"06","13","2005",0,3,0
"06","14","2005",0.3,0,5.1
"06","15","2005",0,8,0.4
"06","16","2005",0,0,0
"06","17","2005",0,0,0
"06","18","2005",0.9,1,0.3
"06","19","2005",0.1,0,0
"06","20","2005",0.3,0,0.7
"06","21","2005",0.7,0,0
"06","22","2005",0.3,0,0
"06","23","2005",0,0,0
"06","24","2005",0,0,0
"06","25","2005",0,0,0
"06","26","2005",1.8,0,0
"06","27","2005",3.4,3,0
"06","28","2005",0,0,0
"06","29","2005",8.8,7,13
"06","30","2005",1,0,0.4
"07","01","2005",4.8,0,1.8
"07","02","2005",0.1,0,2.9
"07","03","2005",0,3,0.7
"07","04","2005",2.1,0,0.3
"07","05","2005",4.4,0,0.9
"07","06","2005",0.4,19,2.6
"07","07","2005",0.2,0,0
"07","08","2005",0,0,0.5
"07","09","2005",0,0,0
"07","10","2005",0,0,0
"07","11","2005",0,0,0
"07","12","2005",0,0,0
"07","13","2005",0,0,0
"07","14","2005",3.6,0,0
"07","15","2005",0,0,0.3
"07","16","2005",0.9,0,0.8
"07","17","2005",0,1,1.8
"07","18","2005",0.6,0,1.6
"07","19","2005",0,0,0.2
"07","20","2005",1,0,0
"07","21","2005",0.5,0,0
"07","22","2005",0,0,0.1
"07","23","2005",0,0,0
"07","24","2005",0,0,0
"07","25","2005",0,0,0
"07","26","2005",0,0,0
"07","27","2005",0.7,0,0
"07","28","2005",0,0,0
"07","29","2005",0.4,0,0.9
"07","30","2005",1.3,0,0
"07","31","2005",0,0,0
"08","01","2005",3,3,0.1
"08","02","2005",1.3,0,0.5
"08","03","2005",0,0,0
"08","04","2005",0.1,0,0
"08","05","2005",0,0,0
"08","06","2005",0,0,0
"08","07","2005",0.4,0,3.3
"08","08","2005",4.8,9,3.3
"08","09","2005",0,0,0
"08","10","2005",0.5,0,0
"08","11","2005",0,0,0
"08","12","2005",0.2,0,0
"08","13","2005",0,0,0
"08","14","2005",0,0,1.2
"08","15","2005",2.9,0,3
"08","16","2005",1.3,0,0.1
"08","17","2005",0,0,0.1
"08","18","2005",2,0,3
"08","19","2005",0,0,0
"08","20","2005",0.1,0,0
"08","21","2005",0,0,0
"08","22","2005",8.7,8,23
"08","23","2005",0.1,0,0
"08","24","2005",3.7,5,3
"08","25","2005",0,0,0
"08","26","2005",0,0,0
"08","27","2005",0,0,0
"08","28","2005",13.5,0,7.6
"08","29","2005",0,0,0.1
"08","30","2005",0.1,0,0
"08","31","2005",0.1,0,1.5
"09","01","2005",0,0,4
"09","02","2005",5,0,0.2
"09","03","2005",0,0,0.5
"09","04","2005",0,0,0
"09","05","2005",0.7,0,1
"09","06","2005",2.2,0,0
"09","07","2005",0,3,0
"09","08","2005",7.3,0,0.8
"09","09","2005",0,0,0
"09","10","2005",0,0,0
"09","11","2005",0.1,0,0.2
"09","12","2005",0,0,0
"09","13","2005",0,0,0.7
"09","14","2005",0,0,0
"09","15","2005",0,0,4.3
"09","16","2005",0,0,2.2
"09","17","2005",0,0,13.1
"09","18","2005",0,0,1.4
"09","19","2005",0.3,0,0
"09","20","2005",0,0,0
"09","21","2005",3.5,0,0
"09","22","2005",0.1,0,4
"09","23","2005",0.9,0,14
"09","24","2005",3.4,8,2
"09","25","2005",0,14,12
"09","26","2005",25.5,2,15
"09","27","2005",14.5,15,0
"09","28","2005",0,0,0
"09","29","2005",0,0,0
"09","30","2005",0,0,0
"10","01","2005",0,0,0.3
"10","02","2005",0,0,1.7
"10","03","2005",0,0,4.3
"10","04","2005",0,0,16.1
"10","05","2005",0,0,0.2
"10","06","2005",0,0,0.8
"10","07","2005",0.3,0,0.2
"10","08","2005",0.3,0,0
"10","09","2005",7.4,0,0
"10","10","2005",0,0,0.3
"10","11","2005",0,0,0.6
"10","12","2005",0,7,44
"10","13","2005",0,0,17
"10","14","2005",7.3,25,5
"10","15","2005",0.4,0,0.5
"10","16","2005",7.5,18,31
"10","17","2005",8.7,22,0
"10","18","2005",0,0,0.1
"10","19","2005",0,0,0
"10","20","2005",0.7,0,0
"10","21","2005",26.5,0,0
"10","22","2005",18,5,71
"10","23","2005",47.3,25,35
"10","24","2005",36.1,15,15
"10","25","2005",3.6,16,7.2
"10","26","2005",80,0,20
"10","27","2005",0.9,18,0
"10","28","2005",1,20,45
"10","29","2005",60.2,0,0
"10","30","2005",2.1,18,5.6
"10","31","2005",0,0,0.2
"11","01","2005",0.6,1,0
"11","02","2005",2.5,0,0.4
"11","03","2005",0,0,0.2
"11","04","2005",0,0,6.4
"11","05","2005",0,0,0.7
"11","06","2005",5.7,0,0.1
"11","07","2005",0,0,0.2
"11","08","2005",4.2,0,0.2
"11","09","2005",0,10,1.7
"11","10","2005",0,0,0.1
"11","11","2005",22.5,0,11.7
"11","12","2005",0.5,8,79.7
"11","13","2005",1.8,32,5.2
"11","14","2005",26,0,10
"11","15","2005",0,61,0
"11","16","2005",0,0,0
"11","17","2005",0.5,0,0.4
"11","18","2005",1.5,0,1
"11","19","2005",1.1,0,0
"11","20","2005",0.2,0,0
"11","21","2005",15.8,48,22.8
"11","22","2005",6.5,0,2.1
"11","23","2005",0.3,3,0.1
"11","24","2005",0,0,0
"11","25","2005",0,0,0
"11","26","2005",11.2,0,31
"11","27","2005",0,0,0
"11","28","2005",0,0,0
"11","29","2005",0.2,0,0
"11","30","2005",0.7,0,3.2
"12","01","2005",0.9,3,5
"12","02","2005",1.7,5,3.6
"12","03","2005",20.5,0,9.2
"12","04","2005",10.5,17,1.4
"12","05","2005",30.1,19,37
"12","06","2005",4.4,0,0.3
"12","07","2005",9.2,10,32.1
"12","08","2005",19.9,2,2.5
"12","09","2005",0,0,0.1
"12","10","2005",0,0,0
"12","11","2005",0.1,0,0
"12","12","2005",0,0,1
"12","13","2005",12,67,34
"12","14","2005",0,0,0
"12","15","2005",8,0,54
"12","16","2005",2.6,0,12
"12","17","2005",15.9,22,21
"12","18","2005",11.4,0,1.4
"12","19","2005",11.5,0,20.4
"12","20","2005",0,0,0
"12","21","2005",0,0,15
"12","22","2005",7.5,0,0.1
"12","23","2005",4.5,0,2.4
"12","24","2005",1.1,0,2.8
"12","25","2005",0.5,10,6
"12","26","2005",3.3,0,32
"12","27","2005",0.2,0,3.2
"12","28","2005",0.5,0,1.1
"12","29","2005",0,0,0
"12","30","2005",6.7,0,0.5
"12","31","2005",0,0,0
"01","01","2006",0.7,12,2
"01","02","2006",0.6,0,8.7
"01","03","2006",6.5,27,24.7
"01","04","2006",8.1,0,4.6
"01","05","2006",2.9,5,3
"01","06","2006",34.6,0,29
"01","07","2006",35.5,12,11
"01","08","2006",1,15,0.1
"01","09","2006",0.5,0,2
"01","10","2006",0,2,2
"01","11","2006",11.9,19,40.9
"01","12","2006",19.1,0,2
"01","13","2006",0,0,0
"01","14","2006",0.7,0,0
"01","15","2006",17.2,34,15
"01","16","2006",0,0,0.3
"01","17","2006",0,0,0.2
"01","18","2006",3,0,15.3
"01","19","2006",9.8,0,0.8
"01","20","2006",0,0,6
"01","21","2006",0,0,0
"01","22","2006",0,0,0.3
"01","23","2006",0,0,0
"01","24","2006",0,0,0
"01","25","2006",0,4,0
"01","26","2006",2.2,0,1.4
"01","27","2006",2.8,2,0.1
"01","28","2006",2.6,0,3
"01","29","2006",0.5,0,0
"01","30","2006",0,5,0
"01","31","2006",1.1,0,0
"02","01","2006",2.5,2,2
"02","02","2006",0,0,0
"02","03","2006",0.2,0,0
"02","04","2006",14.1,24,10.4
"02","05","2006",0.8,31,9
"02","06","2006",0,0,4
"02","07","2006",1,0,0
"02","08","2006",0,0,0
"02","09","2006",0,0,0
"02","10","2006",0,0,0
"02","11","2006",0,0,0
"02","12","2006",4.6,35,0
"02","13","2006",3.2,0,0
"02","14","2006",0,6,0.8
"02","15","2006",0,0,0
"02","16","2006",0,0,0
"02","17","2006",0,0,14
"02","18","2006",NA,0,0
"02","19","2006",0,48,43.7
"02","20","2006",8,6,0
"02","21","2006",0,0,0
"02","22","2006",0,0,0
"02","23","2006",0,0,0
"02","24","2006",0,0,0
"02","25","2006",0,0,0
"02","26","2006",0,0,0
"02","27","2006",17.2,52,20
"02","28","2006",16.9,0,0
"03","01","2006",0,0,0
"03","02","2006",0,0,0
"03","03","2006",0.3,0,8
"03","04","2006",0,0,0
"03","05","2006",0,0,0
"03","06","2006",0,5,0
"03","07","2006",2.4,6,3
"03","08","2006",30.1,24,12
"03","09","2006",9.4,27,24
"03","10","2006",0.8,40,3
"03","11","2006",0,0,0
"03","12","2006",28.8,30,2
"03","13","2006",40.9,70,36
"03","14","2006",31.2,20,34
"03","15","2006",6.2,0,15
"03","16","2006",0.3,20,4
"03","17","2006",45.1,6,19
"03","18","2006",21,45,16
"03","19","2006",1.1,0,0
"03","20","2006",26.6,0,0
"03","21","2006",0,1,0
"03","22","2006",0,0,0
"03","23","2006",1,0,51
"03","24","2006",0.8,8,4
"03","25","2006",7.6,20,14
"03","26","2006",0.2,2,0
"03","27","2006",2.2,1,0.8
"03","28","2006",0,0,0
"03","29","2006",0,0,0
"03","30","2006",0,0,0
"03","31","2006",0,0,5
"04","01","2006",1.7,0,16
"04","02","2006",0,13,2
"04","03","2006",0,1,0
"04","04","2006",17.6,2,41
"04","05","2006",6.5,6,7
"04","06","2006",4.3,2,0
"04","07","2006",0,0,1
"04","08","2006",0,0,0
"04","09","2006",2,10,1
"04","10","2006",2.5,9,1.6
"04","11","2006",0,12,15
"04","12","2006",8.9,90,74
"04","13","2006",1.4,0,9.6
"04","14","2006",2,0,0
"04","15","2006",9.4,4,9
"04","16","2006",0,5,0
"04","17","2006",1.1,0,5
"04","18","2006",0,0,0
"04","19","2006",0,2,5
"04","20","2006",11.3,22,0
"04","21","2006",0,0,0
"04","22","2006",0,0,0
"04","23","2006",4.6,0,5
"04","24","2006",0.9,0,0
"04","25","2006",0,0,0
"04","26","2006",3.9,5,5
"04","27","2006",24.5,7,11
"04","28","2006",0,0,8
"04","29","2006",0,0,0
"04","30","2006",0,0,0
"05","01","2006",0.9,0,11.9
"05","02","2006",5.2,7,0.8
"05","03","2006",0,0,1.1
"05","04","2006",0,0,0
"05","05","2006",0,0,0
"05","06","2006",0,0,0
"05","07","2006",16.4,14,32
"05","08","2006",4.9,3,0
"05","09","2006",0,0,0.3
"05","10","2006",0,0,0.1
"05","11","2006",0,0,0
"05","12","2006",0,0,0
"05","13","2006",0,0,0
"05","14","2006",0,0,0
"05","15","2006",0,0,0
"05","16","2006",0,0,0
"05","17","2006",0,0,0
"05","18","2006",0,0,0
"05","19","2006",0,0,0
"05","20","2006",0,0,0
"05","21","2006",0,0,0.6
"05","22","2006",0,0,0
"05","23","2006",4.7,5,3
"05","24","2006",8.6,0,0
"05","25","2006",0,0,0
"05","26","2006",0,0,2.3
"05","27","2006",0,0,0
"05","28","2006",1.7,0,2
"05","29","2006",0,10,0
"05","30","2006",0,0,0
"05","31","2006",0.5,0,0
"06","01","2006",0.5,0,0
"06","02","2006",0,0,0
"06","03","2006",6.1,0,0.3
"06","04","2006",0,10,2
"06","05","2006",11.1,11,12.4
"06","06","2006",6.7,0,0
"06","07","2006",0,0,20.5
"06","08","2006",0,0,0
"06","09","2006",0,0,0
"06","10","2006",0,0,17
"06","11","2006",2,8,1
"06","12","2006",0,0,0
"06","13","2006",4.1,6,2
"06","14","2006",1.5,0,0
"06","15","2006",0,0,1
"06","16","2006",1.6,0,0.5
"06","17","2006",3.1,0,0
"06","18","2006",0,0,0
"06","19","2006",0,0,0.2
"06","20","2006",0,0,0.4
"06","21","2006",24.4,10,2.5
"06","22","2006",0.7,0,3.7
"06","23","2006",0,0,0
"06","24","2006",0,0,0
"06","25","2006",0,0,0
"06","26","2006",0,0,0
"06","27","2006",2,0,0.6
"06","28","2006",0,0,0
"06","29","2006",0,0,0
"06","30","2006",0,0,0
"07","01","2006",1.2,0,1.4
"07","02","2006",1.1,2,0
"07","03","2006",3.5,0,0.7
"07","04","2006",0,3,0
"07","05","2006",0,0,0
"07","06","2006",0,0,0
"07","07","2006",0,0,0
"07","08","2006",0,0,0
"07","09","2006",0,6,0
"07","10","2006",0,0,0.2
"07","11","2006",0,0,0.3
"07","12","2006",0,0,0
"07","13","2006",5.4,2,1.4
"07","14","2006",23.5,20,11
"07","15","2006",0,0,0
"07","16","2006",0,0,0
"07","17","2006",0,0,0
"07","18","2006",0,0,0
"07","19","2006",0,0,0
"07","20","2006",0,0,0.5
"07","21","2006",0.4,0,1.1
"07","22","2006",4.7,0,7
"07","23","2006",0,0,0.5
"07","24","2006",4.7,20,0.3
"07","25","2006",0,0,0
"07","26","2006",0,10,0.4
"07","27","2006",12.7,0,21
"07","28","2006",0.7,0,0.9
"07","29","2006",0,0,0
"07","30","2006",0,8,0
"07","31","2006",1.8,12,0
"08","01","2006",5.8,11,3.4
"08","02","2006",0,0,0
"08","03","2006",0,0,0
"08","04","2006",0,0,0.2
"08","05","2006",0,0,0
"08","06","2006",0,0,0
"08","07","2006",0,0,0
"08","08","2006",0,0,0
"08","09","2006",0,0,0
"08","10","2006",0,9,0.3
"08","11","2006",0,0,0
"08","12","2006",0,0,1
"08","13","2006",0,0,0
"08","14","2006",1.2,0,0
"08","15","2006",0.9,0,0
"08","16","2006",1.7,6,2.5
"08","17","2006",0,0,0
"08","18","2006",0,0,0
"08","19","2006",NA,0,0
"08","20","2006",7.4,8,3
"08","21","2006",0,0,0
"08","22","2006",0,0,0
"08","23","2006",0,0,0
"08","24","2006",0,0,0
"08","25","2006",0,0,0
"08","26","2006",0,0,0
"08","27","2006",1,6,0
"08","28","2006",1.9,0,0.5
"08","29","2006",1.3,2,1.1
"08","30","2006",0,0,1.1
"08","31","2006",2,0,0
"09","01","2006",2,0,0
"09","02","2006",0,0,0
"09","03","2006",0,0,0
"09","04","2006",9.8,0,0
"09","05","2006",6.4,2,3
"09","06","2006",0,0,0
"09","07","2006",0,0,0
"09","08","2006",0,0,0
"09","09","2006",0,0,0
"09","10","2006",0,0,0
"09","11","2006",0,0,0
"09","12","2006",0,0,0
"09","13","2006",0,0,0
"09","14","2006",0,0,0
"09","15","2006",0,0,0
"09","16","2006",2.1,0,1
"09","17","2006",13.2,20,4
"09","18","2006",6.6,3,8
"09","19","2006",0,0,0
"09","20","2006",0,0,0
"09","21","2006",6.8,0,1
"09","22","2006",0,0,1
"09","23","2006",0,0,0
"09","24","2006",0.4,18,0.5
"09","25","2006",7.8,12,6
"09","26","2006",1.2,0,4
"09","27","2006",0,0,0
"09","28","2006",0,0,0
"09","29","2006",0.6,0,0
"09","30","2006",1.5,0,0
"10","01","2006",0,0,0
"10","02","2006",0,0,0
"10","03","2006",0.8,0,0
"10","04","2006",5.8,0,0
"10","05","2006",0,0,0
"10","06","2006",0,0,0
"10","07","2006",0.5,0,0
"10","08","2006",0.2,0,0
"10","09","2006",0,0,0
"10","10","2006",0,0,0
"10","11","2006",1.3,0,0
"10","12","2006",103,30,31
"10","13","2006",17.4,6,0
"10","14","2006",5.9,0,37
"10","15","2006",0.1,2,1
"10","16","2006",0,0,0
"10","17","2006",0,0,10
"10","18","2006",0,0,9
"10","19","2006",9.4,10,13.8
"10","20","2006",47.8,9,0.9
"10","21","2006",0.2,0,0
"10","22","2006",0.9,12,19
"10","23","2006",0.7,8,3.2
"10","24","2006",0,0,0
"10","25","2006",0,2,0
"10","26","2006",0,0,6
"10","27","2006",0,0,0
"10","28","2006",0,0,0
"10","29","2006",4,3,14
"10","30","2006",3.2,0,1
"10","31","2006",7.5,20,39
"11","01","2006",8.1,2,0
"11","02","2006",13.8,19,3.5
"11","03","2006",0.6,0,0
"11","04","2006",0,0,0
"11","05","2006",0,0,0
"11","06","2006",13.9,0,3.3
"11","07","2006",8.9,5,38
"11","08","2006",3.8,0,3.5
"11","09","2006",0.5,4,19
"11","10","2006",0.1,0,1
"11","11","2006",0,0,1
"11","12","2006",11.8,10,5
"11","13","2006",53,0,5
"11","14","2006",0.7,0,7
"11","15","2006",2.7,20,45
"11","16","2006",1.4,0,0.2
"11","17","2006",0,0,0.3
"11","18","2006",0,0,0
"11","19","2006",4,0,0
"11","20","2006",3.3,0,4
"11","21","2006",0,0,7
"11","22","2006",0,0,0
"11","23","2006",0,0,55
"11","24","2006",33,18,6
"11","25","2006",0,0,0.1
"11","26","2006",0.5,0,0
"11","27","2006",2.3,0,0
"11","28","2006",0,0,5
"11","29","2006",0,0,0
"11","30","2006",0,0,0
"12","01","2006",0,0,1.6
"12","02","2006",0,0,1.7
"12","03","2006",3.5,0,1
"12","04","2006",46.9,56,29
"12","05","2006",11.1,8,17
"12","06","2006",0.7,5,14
"12","07","2006",2.6,2,4
"12","08","2006",28.4,18,12
"12","09","2006",0.1,0,0
"12","10","2006",1.4,31,6
"12","11","2006",8.5,10,5
"12","12","2006",8.1,0,1
"12","13","2006",3.7,0,0
"12","14","2006",7.6,0,14
"12","15","2006",12.7,0,17.5
"12","16","2006",5.1,4,7
"12","17","2006",0,0,0
"12","18","2006",0,0,20
"12","19","2006",0,0,0
"12","20","2006",10.1,0,1
"12","21","2006",0,0,0
"12","22","2006",2.2,0,3
"12","23","2006",0,0,0
"12","24","2006",0,0,0
"12","25","2006",0,0,12
"12","26","2006",0,0,2
"12","27","2006",3.8,0,0
"12","28","2006",0.6,0,0
"12","29","2006",0,0,0
"12","30","2006",0,0,0
"12","31","2006",0,0,0
"01","01","2007",0,0,0
"01","02","2007",0,0,0
"01","03","2007",0,0,0
"01","04","2007",0,0,0
"01","05","2007",0,0,0
"01","06","2007",0,0,0
"01","07","2007",0,0,0
"01","08","2007",0,0,0
"01","09","2007",0,1,23
"01","10","2007",0,0,0
"01","11","2007",0,0,0
"01","12","2007",0,0,0
"01","13","2007",0,0,0
"01","14","2007",0,0,0
"01","15","2007",0,2,0
"01","16","2007",0,0,0
"01","17","2007",0,0,13
"01","18","2007",0,0,0
"01","19","2007",0,35,0
"01","20","2007",0,0,0
"01","21","2007",0,0,0
"01","22","2007",0,0,0
"01","23","2007",0,0,0
"01","24","2007",0,0,0
"01","25","2007",53.7,0,4
"01","26","2007",3.3,7,8
"01","27","2007",0,0,0
"01","28","2007",0,0,0
"01","29","2007",0,0,0
"01","30","2007",0,0,0
"01","31","2007",0,0,0
"02","01","2007",0,0,0
"02","02","2007",0,0,0
"02","03","2007",0,0,0
"02","04","2007",0,0,0
"02","05","2007",0,0,0
"02","06","2007",0,0,0
"02","07","2007",0,0,0
"02","08","2007",0,0,0
"02","09","2007",0,0,13
"02","10","2007",0,0,0
"02","11","2007",0,0,0
"02","12","2007",0,0,0
"02","13","2007",0.9,39,12
"02","14","2007",0,7,17
"02","15","2007",0,0,0
"02","16","2007",0,0,1
"02","17","2007",1.7,0,0
"02","18","2007",5.7,0,0
"02","19","2007",0,0,0
"02","20","2007",0,0,0
"02","21","2007",0,0,0
"02","22","2007",0,0,0
"02","23","2007",0,0,0
"02","24","2007",0,0,0
"02","25","2007",3.9,2,4
"02","26","2007",0,0,0
"02","27","2007",0,0,0
"02","28","2007",0,0,0
"03","01","2007",0,0,0
"03","02","2007",0,0,0
"03","03","2007",2.2,5,2
"03","04","2007",0.9,0,0
"03","05","2007",0.7,0,0
"03","06","2007",6.2,0,0
"03","07","2007",2.8,4,0
"03","08","2007",0,0,0
"03","09","2007",1.2,0,8
"03","10","2007",0,0,0
"03","11","2007",0,0,0
"03","12","2007",0,0,0
"03","13","2007",3.8,0,3
"03","14","2007",0,0,0
"03","15","2007",0,0,0
"03","16","2007",3.9,0,1
"03","17","2007",4.5,5,2
"03","18","2007",1.1,2,6
"03","19","2007",1.8,0,0
"03","20","2007",0,0,0
"03","21","2007",0,0,0
"03","22","2007",5,29,0
"03","23","2007",12.8,0,0
"03","24","2007",0,0,11
"03","25","2007",3.9,5,0
"03","26","2007",0,0,0
"03","27","2007",0.2,0,5
"03","28","2007",0.3,0,4
"03","29","2007",0,0,0
"03","30","2007",4.7,0,9
"03","31","2007",1.5,0,0
"04","01","2007",0,0,0
"04","02","2007",0,0,0
"04","03","2007",2.3,2,0
"04","04","2007",0,0,0
"04","05","2007",8,40,61
"04","06","2007",6.6,5,6
"04","07","2007",0.3,0,0
"04","08","2007",0.7,6,5
"04","09","2007",0.1,0,0
"04","10","2007",2.7,0,0
"04","11","2007",0,0,0
"04","12","2007",0,0,0
"04","13","2007",0.8,8,5.2
"04","14","2007",0.9,2,0
"04","15","2007",0,0,7
"04","16","2007",2.5,0,5
"04","17","2007",0,0,0
"04","18","2007",0.5,0,2
"04","19","2007",0,5,4
"04","20","2007",11.7,12,25
"04","21","2007",0,0,0
"04","22","2007",11,20,43
"04","23","2007",8.9,0,0
"04","24","2007",1.1,0,0
"04","25","2007",2.4,4,14
"04","26","2007",2.6,1,21
"04","27","2007",0.4,0,0
"04","28","2007",3.5,0,3
"04","29","2007",0,0,0
"04","30","2007",0,0,0
"05","01","2007",0,0,4
"05","02","2007",0,0,0
"05","03","2007",0.1,0,3
"05","04","2007",0,0,0
"05","05","2007",0,0,0
"05","06","2007",0.2,0,0
"05","07","2007",5.6,12,7
"05","08","2007",1.3,2,3
"05","09","2007",5.1,0,0
"05","10","2007",21.3,21,4
"05","11","2007",0,0,0
"05","12","2007",0,0,0
"05","13","2007",0,2,0
"05","14","2007",0,0,4
"05","15","2007",0.3,0,0
"05","16","2007",0.2,0,0
"05","17","2007",7.8,10,0
"05","18","2007",3.8,0,5
"05","19","2007",4.9,0,0
"05","20","2007",1.3,0,4
"05","21","2007",2.4,11,44
"05","22","2007",0.4,0,0
"05","23","2007",2.3,2,0
"05","24","2007",20.5,0,0
"05","25","2007",3.8,0,1
"05","26","2007",0,0,0
"05","27","2007",0,0,5
"05","28","2007",3.2,0,0
"05","29","2007",5.1,10,9
"05","30","2007",3.8,19,0
"05","31","2007",5.9,0,0
"06","01","2007",2.8,12,3
"06","02","2007",4.1,8,7
"06","03","2007",2.3,3,6
"06","04","2007",3,6,8
"06","05","2007",2.3,0,0
"06","06","2007",1.4,0,0
"06","07","2007",0.3,0,0
"06","08","2007",6.8,0,2
"06","09","2007",1.2,0,7
"06","10","2007",0.1,3,0
"06","11","2007",0.1,0,1
"06","12","2007",2.4,0,3
"06","13","2007",6.7,30,2
"06","14","2007",3.7,5,2
"06","15","2007",3,0,0
"06","16","2007",0,0,0
"06","17","2007",0,0,0
"06","18","2007",0,0,0
"06","19","2007",0,0,0
"06","20","2007",0,0,0
"06","21","2007",1.8,51,1
"06","22","2007",3.6,0,4
"06","23","2007",1.6,2,5
"06","24","2007",1.5,4,2
"06","25","2007",1.3,0,1
"06","26","2007",0,1,0
"06","27","2007",0,0,0
"06","28","2007",0,0,0
"06","29","2007",0,0,0
"06","30","2007",0,0,0
"07","01","2007",0,0,0
"07","02","2007",0,0,0
"07","03","2007",0,0,0
"07","04","2007",0,0,0
"07","05","2007",1.7,0,0
"07","06","2007",0,4,3
"07","07","2007",0,0,0
"07","08","2007",0,0,4
"07","09","2007",0,0,0
"07","10","2007",0,0,0
"07","11","2007",0,0,0
"07","12","2007",0,0,0
"07","13","2007",0,0,0
"07","14","2007",0,5,0
"07","15","2007",6.7,4,0
"07","16","2007",1.3,0,4
"07","17","2007",0,2,0
"07","18","2007",0,0,0
"07","19","2007",0,0,2
"07","20","2007",0,0,0
"07","21","2007",0,0,0
"07","22","2007",0,0,43
"07","23","2007",0,0,0
"07","24","2007",8.1,0,0
"07","25","2007",1,20,6
"07","26","2007",0.3,0,0
"07","27","2007",3.8,0,4
"07","28","2007",0,0,0
"07","29","2007",0,0,0
"07","30","2007",0,0,0
"07","31","2007",0,0,0
"08","01","2007",0,0,0
"08","02","2007",0,0,0
"08","03","2007",1.2,0,0
"08","04","2007",0,4,0
"08","05","2007",3.5,0,0.1
"08","06","2007",0,0,0
"08","07","2007",0,0,0
"08","08","2007",0.7,0,0
"08","09","2007",0,0,0
"08","10","2007",0.5,0,0
"08","11","2007",0,0,0
"08","12","2007",0,1,0
"08","13","2007",0,0,0
"08","14","2007",0,3,3
"08","15","2007",0,0,0
"08","16","2007",0,0,0
"08","17","2007",0,0,0
"08","18","2007",0,5,0
"08","19","2007",0.8,0,0
"08","20","2007",5.1,4,5
"08","21","2007",0,0,0
"08","22","2007",0,0,2
"08","23","2007",0,0,0
"08","24","2007",0,0,0
"08","25","2007",0,0,20
"08","26","2007",4.6,10,0
"08","27","2007",0,0,0
"08","28","2007",0.3,0,0
"08","29","2007",1,1,9
"08","30","2007",0.1,0,0
"08","31","2007",0,0,0
"09","01","2007",0,0,0
"09","02","2007",0,0,0
"09","03","2007",0,0,0
"09","04","2007",7.1,0,0
"09","05","2007",0,0,0
"09","06","2007",1,0,0
"09","07","2007",0,0,0
"09","08","2007",0,0,0
"09","09","2007",0,0,0
"09","10","2007",0,0,0
"09","11","2007",0,0,0
"09","12","2007",4.4,5,7
"09","13","2007",2,0,0
"09","14","2007",2.7,2,2
"09","15","2007",0.7,0,0
"09","16","2007",0,0,0
"09","17","2007",0,0,0
"09","18","2007",0,0,0
"09","19","2007",0,0,0
"09","20","2007",0,0,0
"09","21","2007",0,0,0
"09","22","2007",0,0,0
"09","23","2007",0,0,0
"09","24","2007",1.1,0,0
"09","25","2007",0,7,0
"09","26","2007",0,0,0
"09","27","2007",0,0,0
"09","28","2007",0.5,0,0
"09","29","2007",0,0,0
"09","30","2007",0,0,0
"10","01","2007",0,0,0
"10","02","2007",0,0,0
"10","03","2007",0,0,0
"10","04","2007",0,0,0
"10","05","2007",0,0,0
"10","06","2007",0,0,0
"10","07","2007",45.3,0,0
"10","08","2007",13.1,10,24
"10","09","2007",2.1,3,10
"10","10","2007",0,0,10
"10","11","2007",0,1,20
"10","12","2007",0,0,0
"10","13","2007",13.2,60,48
"10","14","2007",2.4,0,0
"10","15","2007",16.6,5,12
"10","16","2007",37.2,7,6.4
"10","17","2007",0,0,0
"10","18","2007",11.1,2,0
"10","19","2007",32.2,65,6
"10","20","2007",1.1,2,0
"10","21","2007",13.9,12,10
"10","22","2007",0,0,0
"10","23","2007",0,0,0
"10","24","2007",3.2,10,6
"10","25","2007",2.9,13,28
"10","26","2007",8.1,2,0
"10","27","2007",1,7,11
"10","28","2007",2.8,40,10
"10","29","2007",0,0,0
"10","30","2007",0,27,7
"10","31","2007",20.7,5,8
"11","01","2007",2.4,1,5
"11","02","2007",3,0,0
"11","03","2007",67.1,9,11
"11","04","2007",14.7,4,0
"11","05","2007",23.4,1,0
"11","06","2007",0,0,0
"11","07","2007",1.3,1,0
"11","08","2007",0,0,14
"11","09","2007",4.3,0,0
"11","10","2007",14.1,15,24
"11","11","2007",0,5,15
"11","12","2007",7.7,10,7
"11","13","2007",0,0,0
"11","14","2007",4.3,1,5
"11","15","2007",0,0,0
"11","16","2007",1.3,1,0
"11","17","2007",0,0,0
"11","18","2007",0,10,0
"11","19","2007",0,0,0
"11","20","2007",0,0,0
"11","21","2007",0.3,0,0
"11","22","2007",0,0,0
"11","23","2007",3.7,0,5
"11","24","2007",19.4,5,0
"11","25","2007",1,7,0
"11","26","2007",0,0,0
"11","27","2007",0,0,3
"11","28","2007",6.7,3,29
"11","29","2007",32.9,15,19
"11","30","2007",3.2,0,0
"12","01","2007",0,0,0
"12","02","2007",0,0,0
"12","03","2007",0.2,0,0
"12","04","2007",0,0,0
"12","05","2007",0.8,0,0
"12","06","2007",0,0,0
"12","07","2007",3.4,0,0
"12","08","2007",0,3,0
"12","09","2007",0,14,0
"12","10","2007",0,0,0
"12","11","2007",0,2,10
"12","12","2007",9.7,4,11
"12","13","2007",1.6,1,5
"12","14","2007",5.2,2,6
"12","15","2007",4.6,7,12
"12","16","2007",9.1,10,61
"12","17","2007",4.4,21,21.6
"12","18","2007",7.3,6,4
"12","19","2007",7.5,2,47
"12","20","2007",0.9,15,29
"12","21","2007",7.1,8,31
"12","22","2007",0.4,0,0.1
"12","23","2007",0,0,0
"12","24","2007",0,0,0
"12","25","2007",0.3,0,0
"12","26","2007",0,14,0
"12","27","2007",70.4,2,0
"12","28","2007",0,0,2
"12","29","2007",0,0,0
"12","30","2007",0,0,2
"12","31","2007",0,0,0
"01","01","2008",0,0,0
"01","02","2008",0,0,0
"01","03","2008",0,0,0
"01","04","2008",0.7,1,0
"01","05","2008",0,0,0
"01","06","2008",0,0,0
"01","07","2008",0,0,0
"01","08","2008",12.2,2,18
"01","09","2008",0,0,2
"01","10","2008",3.3,0,0
"01","11","2008",0,0,0
"01","12","2008",0,0,0
"01","13","2008",13.8,0,0
"01","14","2008",7.8,1,0
"01","15","2008",2.3,1,25
"01","16","2008",1.6,2,2
"01","17","2008",3.8,0,0
"01","18","2008",0,0,0
"01","19","2008",0,0,0
"01","20","2008",0,0,0
"01","21","2008",0,0,0
"01","22","2008",0,0,0
"01","23","2008",0,0,0
"01","24","2008",0,0,NA
"01","25","2008",10.7,0,NA
"01","26","2008",77.3,10,NA
"01","27","2008",0.2,30,NA
"01","28","2008",0,0,NA
"01","29","2008",0,0,NA
"01","30","2008",0,0,NA
"01","31","2008",0,0,NA
"02","01","2008",0,0,0
"02","02","2008",0,0,0
"02","03","2008",0,0,0
"02","04","2008",0,0,0
"02","05","2008",0,0,0
"02","06","2008",0,0,0
"02","07","2008",0.5,1,0
"02","08","2008",0,0,0
"02","09","2008",0,5,0
"02","10","2008",2.2,15,0
"02","11","2008",0.9,2,0
"02","12","2008",0.9,1,0
"02","13","2008",2,2,0
"02","14","2008",0,3,0
"02","15","2008",6.9,0,0
"02","16","2008",0.5,0,24
"02","17","2008",6.9,30,0.2
"02","18","2008",10.7,0,0
"02","19","2008",4.4,40,58
"02","20","2008",33,38,26
"02","21","2008",14.8,0,3
"02","22","2008",8.6,0,23
"02","23","2008",0,0,0
"02","24","2008",0,0,0
"02","25","2008",3.7,9,33
"02","26","2008",2,16,2
"02","27","2008",8.6,0,50
"02","28","2008",0.5,2,0
"02","29","2008",0,0,0
"03","01","2008",0.5,0,0
"03","02","2008",0,0,0
"03","03","2008",0,2,0
"03","04","2008",14.7,5,0
"03","05","2008",47.7,4,13
"03","06","2008",4.5,4,63
"03","07","2008",0.6,0,26
"03","08","2008",10.3,23,19
"03","09","2008",0.3,8,0
"03","10","2008",33.1,30,61
"03","11","2008",1.5,0,3
"03","12","2008",47.3,27,7
"03","13","2008",8.1,10,5
"03","14","2008",2.1,5,0
"03","15","2008",1.4,0,0
"03","16","2008",5.9,11,9
"03","17","2008",1.2,1,0
"03","18","2008",0,0,0
"03","19","2008",0,0,0
"03","20","2008",0,0,3
"03","21","2008",0,0,0
"03","22","2008",0,0,0
"03","23","2008",1.5,1,0
"03","24","2008",0,2,0
"03","25","2008",0,0,0
"03","26","2008",0,0,0
"03","27","2008",0.9,0,24
"03","28","2008",8.4,0,12.7
"03","29","2008",0,1,13
"03","30","2008",2.9,2,6
"03","31","2008",13.7,10,23
"04","01","2008",0.5,0,0
"04","02","2008",0,0,0
"04","03","2008",1.4,0,3
"04","04","2008",0,0,10
"04","05","2008",0,0,0
"04","06","2008",0.2,2,3
"04","07","2008",0.4,20,4
"04","08","2008",0,0,0.1
"04","09","2008",37.6,8,6
"04","10","2008",0,1,4
"04","11","2008",0,0,3
"04","12","2008",8.4,9,36
"04","13","2008",2.3,10,4
"04","14","2008",2.5,2,0
"04","15","2008",0.8,1,4
"04","16","2008",0,0,0
"04","17","2008",2.3,1,0.1
"04","18","2008",0.7,0,0.2
"04","19","2008",0.4,2,0
"04","20","2008",0,0,0
"04","21","2008",0,5,0
"04","22","2008",0,0,0
"04","23","2008",0,0,0
"04","24","2008",0.8,2,0
"04","25","2008",19.9,5,51
"04","26","2008",3.2,8,26
"04","27","2008",6.3,35,10
"04","28","2008",0,0,0
"04","29","2008",0,0,0
"04","30","2008",8.3,25,4
"05","01","2008",13,3,26
"05","02","2008",7.3,15,0
"05","03","2008",0,0,7
"05","04","2008",2.8,0,0
"05","05","2008",0,0,0
"05","06","2008",0,0,0
"05","07","2008",0,0,0
"05","08","2008",0.3,1,3
"05","09","2008",0.9,2,0
"05","10","2008",0,0,0
"05","11","2008",0,0,0
"05","12","2008",0,0,0
"05","13","2008",3.8,0,0
"05","14","2008",0,1,0
"05","15","2008",0,1,0
"05","16","2008",0.2,5,3
"05","17","2008",4.3,12,26
"05","18","2008",0,2,0
"05","19","2008",6.1,6,6
"05","20","2008",7.7,14,8
"05","21","2008",0.2,4,2
"05","22","2008",36.1,6,12
"05","23","2008",11.6,7,1
"05","24","2008",0.3,0,8
"05","25","2008",0,5,3
"05","26","2008",12.2,0,0
"05","27","2008",0,8,0
"05","28","2008",12.2,0,13
"05","29","2008",0.5,1,1
"05","30","2008",7.5,8,3
"05","31","2008",0.9,2,0
"06","01","2008",0.6,2,0
"06","02","2008",1.2,3,0
"06","03","2008",0,0,0
"06","04","2008",0,0,0
"06","05","2008",0,0,0
"06","06","2008",5.3,6,0
"06","07","2008",0.2,2,2.4
"06","08","2008",0.4,0,0
"06","09","2008",0,0,0.6
"06","10","2008",0.2,0,0.8
"06","11","2008",0,0,0
"06","12","2008",0,0,0
"06","13","2008",0.9,1,0
"06","14","2008",0,0,0
"06","15","2008",3.2,4,2.4
"06","16","2008",13.5,9,5.2
"06","17","2008",0.6,2,0
"06","18","2008",0,0,0
"06","19","2008",0,4,1.1
"06","20","2008",0,0,0
"06","21","2008",0,2,0
"06","22","2008",2,0,0
"06","23","2008",1.7,2,0.4
"06","24","2008",0,7,2.4
"06","25","2008",0,0,0
"06","26","2008",0.2,0,0
"06","27","2008",0,0,0
"06","28","2008",0,0,0
"06","29","2008",0,2,0.2
"06","30","2008",0.6,0,1.2
"07","01","2008",0.6,0,1.2
"07","02","2008",5.4,2,2
"07","03","2008",2.5,0,3.2
"07","04","2008",0.7,0,0
"07","05","2008",0,0,0
"07","06","2008",0,0,0
"07","07","2008",0.5,2,4.4
"07","08","2008",1.8,3,0.5
"07","09","2008",2,8,2.4
"07","10","2008",0.4,2,1.7
"07","11","2008",1.5,2,0
"07","12","2008",0,0,0
"07","13","2008",3.4,10,1.1
"07","14","2008",5.7,4,4.5
"07","15","2008",1.6,0,0
"07","16","2008",0,0,0
"07","17","2008",0,0,12
"07","18","2008",0.7,2,10
"07","19","2008",1.1,0,0
"07","20","2008",1,2,1.2
"07","21","2008",0,3,0
"07","22","2008",0,0,0
"07","23","2008",6.2,6,1.7
"07","24","2008",0,0,0
"07","25","2008",1.1,5,2.3
"07","26","2008",1.6,0,0.7
"07","27","2008",0,0,0
"07","28","2008",2.4,6,1.2
"07","29","2008",0,0,0
"07","30","2008",0,0,0
"07","31","2008",6.7,0,0
"08","01","2008",0.2,2,2
"08","02","2008",0,0,0
"08","03","2008",0,7,0
"08","04","2008",0.1,2,0
"08","05","2008",0.9,0,0
"08","06","2008",2.3,6,4.2
"08","07","2008",0,3,0
"08","08","2008",0.5,0,0
"08","09","2008",0.9,2,1.5
"08","10","2008",0.7,0,0
"08","11","2008",0,0,0
"08","12","2008",0.2,4,0
"08","13","2008",0.9,10,5.7
"08","14","2008",0,0,0.1
"08","15","2008",0,0,0
"08","16","2008",0,3,4.2
"08","17","2008",7.9,2,0
"08","18","2008",5.4,10,6.3
"08","19","2008",0.5,0,0
"08","20","2008",4.3,8,0
"08","21","2008",0,2,2.2
"08","22","2008",0,0,2.7
"08","23","2008",0,0,0
"08","24","2008",0,0,0
"08","25","2008",0,0,0
"08","26","2008",0,0,0
"08","27","2008",0,0,0.5
"08","28","2008",0,2,1.7
"08","29","2008",0,0,19
"08","30","2008",1.4,5,2.9
"08","31","2008",0,0,0
"09","01","2008",0,0,0
"09","02","2008",0,0,0
"09","03","2008",0,0,40
"09","04","2008",7.3,9,5
"09","05","2008",0,2,0.5
"09","06","2008",0,0,0
"09","07","2008",0,0,0
"09","08","2008",1.5,2,0
"09","09","2008",0,0,1.3
"09","10","2008",7.3,0,0
"09","11","2008",0,0,0
"09","12","2008",0,0,0
"09","13","2008",0,0,0.5
"09","14","2008",0,0,0.4
"09","15","2008",0.2,0,1.4
"09","16","2008",7.7,2,4.4
"09","17","2008",0,0,0
"09","18","2008",0,0,0
"09","19","2008",0,0,0
"09","20","2008",0.8,0,1.9
"09","21","2008",2.2,4,3
"09","22","2008",2.8,0,1.4
"09","23","2008",0,0,0
"09","24","2008",0,0,0
"09","25","2008",0,0,0
"09","26","2008",0.9,0,0
"09","27","2008",0,0,0
"09","28","2008",10.5,0,0
"09","29","2008",1.5,2,2.4
"09","30","2008",0,0,5
"10","01","2008",0,0,0
"10","02","2008",0,0,7
"10","03","2008",0,0,4
"10","04","2008",9.3,3,1
"10","05","2008",1.4,5,3.2
"10","06","2008",23.3,2,5
"10","07","2008",1,2,4.2
"10","08","2008",0,3,0
"10","09","2008",1.5,0,1.2
"10","10","2008",0,2,35
"10","11","2008",1.5,3,54
"10","12","2008",0,0,0
"10","13","2008",46.2,4,37
"10","14","2008",15,0,0.4
"10","15","2008",0,0,0
"10","16","2008",9.4,2,9.6
"10","17","2008",0,0,0
"10","18","2008",1.2,0,0
"10","19","2008",0.4,0,0
"10","20","2008",4.2,15,0.2
"10","21","2008",0,1,0
"10","22","2008",0,0,0
"10","23","2008",0,0,0
"10","24","2008",9.8,0,1
"10","25","2008",0,0,1
"10","26","2008",3.2,0,0
"10","27","2008",3.3,1,76
"10","28","2008",4.4,0,1
"10","29","2008",0.1,0,0.1
"10","30","2008",4.7,7,2.7
"10","31","2008",0,0,0.4
"11","01","2008",19.7,0,8.2
"11","02","2008",29.9,12,20
"11","03","2008",3.6,6,6.8
"11","04","2008",2.7,3,1.2
"11","05","2008",0,0,1.2
"11","06","2008",0,0,0
"11","07","2008",0,0,0
"11","08","2008",1.2,4,5.6
"11","09","2008",0,0,0
"11","10","2008",0,0,0
"11","11","2008",0,0,0.5
"11","12","2008",2.3,8,9
"11","13","2008",15.4,25,34
"11","14","2008",41.1,15,18
"11","15","2008",0,0,11
"11","16","2008",0.4,0,2
"11","17","2008",1.4,3,1.8
"11","18","2008",1.3,0,0
"11","19","2008",0.7,8,22
"11","20","2008",1,0,22
"11","21","2008",0,15,51
"11","22","2008",0,0,7
"11","23","2008",0.7,0,3.2
"11","24","2008",0.4,12,16
"11","25","2008",32.6,10,3.3
"11","26","2008",0.9,2,5
"11","27","2008",2.3,0,1.5
"11","28","2008",12.1,10,79
"11","29","2008",0,2,6.2
"11","30","2008",5.3,0,12
"12","01","2008",10,38,0
"12","02","2008",0.8,2,11
"12","03","2008",6.2,3,0.3
"12","04","2008",0,0,0
"12","05","2008",0.5,0,18
"12","06","2008",0.3,0,0
"12","07","2008",1.2,2,5.7
"12","08","2008",0,0,0
"12","09","2008",0,0,0
"12","10","2008",0,0,0
"12","11","2008",1.6,4,0
"12","12","2008",5.1,2,1.2
"12","13","2008",0,0,2.6
"12","14","2008",12.1,0,6.5
"12","15","2008",25.9,54,6.6
"12","16","2008",0,0,2.5
"12","17","2008",0,0,0
"12","18","2008",45.8,8,3.2
"12","19","2008",7.7,3,1.8
"12","20","2008",12.6,7,2.5
"12","21","2008",2.6,5,0.2
"12","22","2008",8.4,0,3.7
"12","23","2008",3.9,0,1.7
"12","24","2008",0,0,6.2
"12","25","2008",43.8,3,5.9
"12","26","2008",0,0,0
"12","27","2008",0.1,0,0.3
"12","28","2008",10.1,7,0
"12","29","2008",0,5,1.5
"12","30","2008",12.4,40,4.8
"12","31","2008",2.8,0,0
"01","01","2009",0,0,0
"01","02","2009",0,0,2.4
"01","03","2009",0,0,0
"01","04","2009",0,0,0
"01","05","2009",0.2,2,6.7
"01","06","2009",0,4,2.5
"01","07","2009",8.4,0,1.4
"01","08","2009",1.5,3,20.4
"01","09","2009",0.7,22,0
"01","10","2009",0,0,0
"01","11","2009",0,0,0
"01","12","2009",0,0,0
"01","13","2009",0,0,0
"01","14","2009",1.8,0,0
"01","15","2009",0.1,0,1.3
"01","16","2009",9.7,2,20
"01","17","2009",4.1,4,9.2
"01","18","2009",0.9,30,9.9
"01","19","2009",4.9,9,27
"01","20","2009",2.7,2,0.4
"01","21","2009",3.6,2,0
"01","22","2009",3.9,8,1.5
"01","23","2009",10.5,0,0
"01","24","2009",4.6,5,12
"01","25","2009",1.3,3,0
"01","26","2009",2.5,0,0
"01","27","2009",0,0,0
"01","28","2009",0,0,9.8
"01","29","2009",0,0,0
"01","30","2009",0.9,0,0
"01","31","2009",0.2,0,7.4
"02","01","2009",0,0,0
"02","02","2009",0,0,0
"02","03","2009",0,0,0
"02","04","2009",0,0,0
"02","05","2009",0,0,0
"02","06","2009",0,2,9.6
"02","07","2009",2.2,0,1.1
"02","08","2009",0,0,0
"02","09","2009",0,0,0
"02","10","2009",0,0,0
"02","11","2009",2.4,3,5.9
"02","12","2009",0,0,0
"02","13","2009",3.9,4,37
"02","14","2009",4.5,15,15
"02","15","2009",60.2,42,33
"02","16","2009",0.9,0,0.4
"02","17","2009",0.5,6,34
"02","18","2009",1,5,12
"02","19","2009",0.4,0,0.4
"02","20","2009",0,0,0
"02","21","2009",0,0,0
"02","22","2009",0,0,0
"02","23","2009",0,0,5
"02","24","2009",0,6,4
"02","25","2009",0.1,2,39
"02","26","2009",78.4,7,9.4
"02","27","2009",3.6,0,0.4
"02","28","2009",2.8,2,3
"03","01","2009",1.4,0,0
"03","02","2009",0.5,0,0
"03","03","2009",8,5,3.2
"03","04","2009",3.4,3,0.9
"03","05","2009",0,0,0
"03","06","2009",0,0,0
"03","07","2009",0,0,0
"03","08","2009",0,0,0
"03","09","2009",0,0,3
"03","10","2009",0,0,12
"03","11","2009",1.3,29,34
"03","12","2009",4.2,62,53
"03","13","2009",14.7,14,25
"03","14","2009",15.4,19,12
"03","15","2009",0,0,0
"03","16","2009",0.8,0,0
"03","17","2009",0,2,1.4
"03","18","2009",6.7,0,0.5
"03","19","2009",3.4,9,19
"03","20","2009",0,0,15
"03","21","2009",1.3,0,5.4
"03","22","2009",1,3,1.5
"03","23","2009",12.8,2,26
"03","24","2009",0,0,0.1
"03","25","2009",0,10,10
"03","26","2009",106.5,33,36
"03","27","2009",0,0,3
"03","28","2009",16.4,18,4.1
"03","29","2009",0,0,0
"03","30","2009",0,0,16
"03","31","2009",0.6,3,49
"04","01","2009",4.2,3,11
"04","02","2009",0.2,0,0
"04","03","2009",3.8,4,14
"04","04","2009",0.5,0,0
"04","05","2009",0,0,0
"04","06","2009",0.1,0,0
"04","07","2009",28.7,25,48
"04","08","2009",4.5,4,1.6
"04","09","2009",0,0,0
"04","10","2009",0,0,0
"04","11","2009",28.9,2,3.6
"04","12","2009",13.5,5,0.5
"04","13","2009",0,0,0
"04","14","2009",0,0,0
"04","15","2009",0.7,0,0
"04","16","2009",0,0,0
"04","17","2009",0,0,0
"04","18","2009",1.2,0,0
"04","19","2009",0,0,0
"04","20","2009",0.3,0,3
"04","21","2009",0,0,0
"04","22","2009",0,0,0
"04","23","2009",0,0,0.3
"04","24","2009",0,0,0
"04","25","2009",1,0,0
"04","26","2009",0.7,0,0
"04","27","2009",0,0,0
"04","28","2009",0,0,0
"04","29","2009",4,3,5
"04","30","2009",0.9,0,1.5
"05","01","2009",0.3,0,1.3
"05","02","2009",0,0,1.5
"05","03","2009",22.3,2,83
"05","04","2009",0.5,43,2.2
"05","05","2009",4.6,3,20
"05","06","2009",6.1,80,9.6
"05","07","2009",0.3,23,0
"05","08","2009",0,2,0
"05","09","2009",0,0,0
"05","10","2009",1.3,0,0
"05","11","2009",0,0,6
"05","12","2009",1.3,0,0
"05","13","2009",0,0,0
"05","14","2009",0,0,0
"05","15","2009",4.4,0,0.4
"05","16","2009",0,0,0
"05","17","2009",0,0,0.7
"05","18","2009",0.5,0,0
"05","19","2009",0.1,0,2.4
"05","20","2009",0,0,0
"05","21","2009",0,0,0
"05","22","2009",0,0,0
"05","23","2009",3.7,0,0
"05","24","2009",0,0,0
"05","25","2009",0,0,0
"05","26","2009",2.2,0,0
"05","27","2009",0,0,0
"05","28","2009",0.8,0,0
"05","29","2009",0.1,0,0
"05","30","2009",0,0,0
"05","31","2009",0,0,0
"06","01","2009",0,0,0
"06","02","2009",0.5,0,1.8
"06","03","2009",9.5,2,5.2
"06","04","2009",0,0,0
"06","05","2009",1.6,3,1.5
"06","06","2009",0.4,0,0.4
"06","07","2009",1.4,0,0
"06","08","2009",0,0,0
"06","09","2009",0.7,2,3.6
"06","10","2009",0,0,2.4
"06","11","2009",0.8,0,1.6
"06","12","2009",0.3,0,5.7
"06","13","2009",6.9,12,5.7
"06","14","2009",8.7,10,34
"06","15","2009",0,0,0.2
"06","16","2009",1.2,0,0
"06","17","2009",0.3,2,0
"06","18","2009",0,0,0
"06","19","2009",1.2,3,6.4
"06","20","2009",0.1,0,0
"06","21","2009",4.1,2,0
"06","22","2009",2.8,0,7.4
"06","23","2009",3.8,0,0
"06","24","2009",0,0,0
"06","25","2009",0,0,0
"06","26","2009",0,0,0.7
"06","27","2009",0.4,0,1.2
"06","28","2009",0.9,0,0
"06","29","2009",0,0,0.6
"06","30","2009",0,0,0
"07","01","2009",2.2,0,0.4
"07","02","2009",1.4,0,0.2
"07","03","2009",1,0,0
"07","04","2009",0,0,0
"07","05","2009",0,0,0.5
"07","06","2009",2.1,0,0.6
"07","07","2009",12.9,15,10
"07","08","2009",2.3,7,0
"07","09","2009",0,0,1.6
"07","10","2009",0.1,0,0
"07","11","2009",0,0,0
"07","12","2009",0,0,0
"07","13","2009",1.4,0,0
"07","14","2009",7.6,13,1.8
"07","15","2009",0.4,2,2.8
"07","16","2009",0,0,0
"07","17","2009",3.6,0,0
"07","18","2009",1.8,0,0.6
"07","19","2009",0.3,0,0
"07","20","2009",0.5,0,2.5
"07","21","2009",0,0,0.4
"07","22","2009",0.5,0,0
"07","23","2009",0.5,6,0.5
"07","24","2009",0,0,0
"07","25","2009",0.3,0,0
"07","26","2009",0,0,0
"07","27","2009",0.5,0,0
"07","28","2009",0,0,0
"07","29","2009",0,0,0
"07","30","2009",0.8,0,0
"07","31","2009",0,0,0
"08","01","2009",0,0,NA
"08","02","2009",0,0,NA
"08","03","2009",0,0,NA
"08","04","2009",5.6,2,NA
"08","05","2009",7,9,NA
"08","06","2009",1.4,0,NA
"08","07","2009",0,0,NA
"08","08","2009",0,0,NA
"08","09","2009",0,0,NA
"08","10","2009",1.4,2,NA
"08","11","2009",0.5,0,NA
"08","12","2009",0.5,0,NA
"08","13","2009",1.2,2,NA
"08","14","2009",0,0,NA
"08","15","2009",0,0,NA
"08","16","2009",0,6,NA
"08","17","2009",7.5,0,NA
"08","18","2009",0.6,0,NA
"08","19","2009",0,0,NA
"08","20","2009",0,0,NA
"08","21","2009",0,0,NA
"08","22","2009",0,0,NA
"08","23","2009",0.2,0,NA
"08","24","2009",0.3,0,NA
"08","25","2009",1.7,2,NA
"08","26","2009",1.8,0,NA
"08","27","2009",0,0,NA
"08","28","2009",0.6,2,NA
"08","29","2009",0,0,NA
"08","30","2009",0,0,NA
"08","31","2009",0,0,NA
"09","01","2009",0,0,0
"09","02","2009",0.3,0,0
"09","03","2009",4.5,5,0.4
"09","04","2009",1.1,3,3.2
"09","05","2009",0,0,1
"09","06","2009",0.4,0,0.7
"09","07","2009",0,0,0.9
"09","08","2009",0,0,0
"09","09","2009",11.2,3,4.3
"09","10","2009",0,0,0
"09","11","2009",0,0,0
"09","12","2009",0,0,0
"09","13","2009",0,0,0
"09","14","2009",0,0,0
"09","15","2009",0,0,6.2
"09","16","2009",1.3,0,1.1
"09","17","2009",0,2,0.3
"09","18","2009",0,0,0
"09","19","2009",0.1,0,0
"09","20","2009",0,0,0
"09","21","2009",0,0,0
"09","22","2009",0,0,0
"09","23","2009",0.1,0,1.2
"09","24","2009",0,0,0
"09","25","2009",0,0,0
"09","26","2009",0,0,0
"09","27","2009",0,0,0
"09","28","2009",2.4,0,0.2
"09","29","2009",0,0,0
"09","30","2009",0,0,0
"10","01","2009",0,0,0
"10","02","2009",0,0,0
"10","03","2009",0,0,0
"10","04","2009",0,0,0
"10","05","2009",0,0,0
"10","06","2009",0,0,0
"10","07","2009",4.7,0,1.6
"10","08","2009",0,0,0
"10","09","2009",0,0,0
"10","10","2009",0,0,0.5
"10","11","2009",13.3,28,8
"10","12","2009",0,7,1.6
"10","13","2009",3.1,12,39
"10","14","2009",4.5,20,25
"10","15","2009",1.4,2,1
"10","16","2009",0,0,0
"10","17","2009",0,0,0
"10","18","2009",5.7,3,1.2
"10","19","2009",18.8,70,23
"10","20","2009",0,0,10.4
"10","21","2009",32.7,43,20.3
"10","22","2009",0,0,0
"10","23","2009",0.3,4,50
"10","24","2009",2.2,4,5.4
"10","25","2009",0.6,0,0
"10","26","2009",0,0,0
"10","27","2009",0,0,0
"10","28","2009",0,0,0
"10","29","2009",0,0,0
"10","30","2009",0,0,NA
"10","31","2009",65.8,3,29
"11","01","2009",9.5,0,1.2
"11","02","2009",15.1,22,1.2
"11","03","2009",0,0,0
"11","04","2009",5.7,0,0
"11","05","2009",3.1,0,0
"11","06","2009",0.1,0,0
"11","07","2009",0,3,1
"11","08","2009",0.5,7,0
"11","09","2009",0,0,0
"11","10","2009",0.5,0,0
"11","11","2009",0,0,0
"11","12","2009",0,0,0
"11","13","2009",0,0,0
"11","14","2009",0,0,0
"11","15","2009",0,0,0
"11","16","2009",3,0,40.4
"11","17","2009",44,3,30
"11","18","2009",3.5,0,0
"11","19","2009",0,0,0
"11","20","2009",0,0,0
"11","21","2009",0.6,0,0
"11","22","2009",0,0,0.4
"11","23","2009",0,0,0
"11","24","2009",0,0,0
"11","25","2009",0,0,83
"11","26","2009",0,0,3.7
"11","27","2009",9.1,0,1.7
"11","28","2009",6.4,0,58
"11","29","2009",13.2,0,0
"11","30","2009",0,0,0
"12","01","2009",0,0,0.7
"12","02","2009",0,0,0
"12","03","2009",0,0,3.4
"12","04","2009",0,0,0
"12","05","2009",10,5,30
"12","06","2009",3.2,0,0.5
"12","07","2009",0,0,0
"12","08","2009",0,0,0
"12","09","2009",10.8,0,0
"12","10","2009",0,0,0
"12","11","2009",0,2,0
"12","12","2009",0,0,0
"12","13","2009",0,0,0
"12","14","2009",0,0,0
"12","15","2009",0,0,0
"12","16","2009",0.2,0,0
"12","17","2009",0,0,0
"12","18","2009",5.9,0,0
"12","19","2009",0.2,0,4
"12","20","2009",3.2,0,0.6
"12","21","2009",0,7,0
"12","22","2009",15.6,0,0
"12","23","2009",0,0,1.6
"12","24","2009",0,0,0
"12","25","2009",28.1,10,4.6
"12","26","2009",53.6,3,8.3
"12","27","2009",1.2,12,8.6
"12","28","2009",0,0,13
"12","29","2009",0,0,0.7
"12","30","2009",0,0,0
"12","31","2009",0,0,0
"01","01","2010",0,0,0
"01","02","2010",0,0,0
"01","03","2010",0,0,0
"01","04","2010",0,0,0
"01","05","2010",0,0,0
"01","06","2010",0,0,0
"01","07","2010",0,0,0
"01","08","2010",0,0,0
"01","09","2010",0,0,0
"01","10","2010",28.9,0,0
"01","11","2010",0,0,0
"01","12","2010",0,0,0
"01","13","2010",6.9,0,0
"01","14","2010",0,0,0
"01","15","2010",0,0,0
"01","16","2010",0,0,0
"01","17","2010",0,0,0
"01","18","2010",0,0,0
"01","19","2010",0,0,0
"01","20","2010",0,0,0
"01","21","2010",0,0,0
"01","22","2010",0,0,0
"01","23","2010",0,0,0
"01","24","2010",16.2,0,3.2
"01","25","2010",0,0,0
"01","26","2010",0,15,0.6
"01","27","2010",0,0,2.8
"01","28","2010",0,0,NA
"01","29","2010",0,0,0
"01","30","2010",0,0,0
"01","31","2010",0,0,0
"02","01","2010",0,0,0
"02","02","2010",2.3,0,0
"02","03","2010",0,0,0
"02","04","2010",0,0,0
"02","05","2010",6.3,45,48
"02","06","2010",2.1,5,5.4
"02","07","2010",1.7,0,8.2
"02","08","2010",0.6,0,0.2
"02","09","2010",0,0,2.4
"02","10","2010",0,0,0
"02","11","2010",0,0,0
"02","12","2010",0,0,0
"02","13","2010",0,0,0
"02","14","2010",0,0,0
"02","15","2010",0,0,0
"02","16","2010",4,0,0
"02","17","2010",0,0,0
"02","18","2010",0.3,0,0
"02","19","2010",0.5,0,0.4
"02","20","2010",0,0,1.5
"02","21","2010",0,0,0
"02","22","2010",0,0,0
"02","23","2010",0,0,0
"02","24","2010",7.1,6,16
"02","25","2010",22.8,55,46
"02","26","2010",5.4,4,5.2
"02","27","2010",0,0,0
"02","28","2010",0,0,0
"03","01","2010",0,0,0
"03","02","2010",5.2,3,1.6
"03","03","2010",1.8,0,0
"03","04","2010",0,0,0
"03","05","2010",0,0,0
"03","06","2010",0,0,2.6
"03","07","2010",0,0,0
"03","08","2010",0,0,0.8
"03","09","2010",0.2,0,0
"03","10","2010",0,0,2
"03","11","2010",1,2,0
"03","12","2010",0,0,0
"03","13","2010",0,0,0
"03","14","2010",0,0,0
"03","15","2010",2.4,0,0
"03","16","2010",3.2,4,4
"03","17","2010",1.2,0,0.7
"03","18","2010",0,0,0.7
"03","19","2010",2.4,2,1.2
"03","20","2010",4.2,3,2.4
"03","21","2010",0,0,0
"03","22","2010",5,0,0.5
"03","23","2010",0,0,0
"03","24","2010",0,0,0
"03","25","2010",2.8,3,0
"03","26","2010",7.6,5,9.8
"03","27","2010",0,0,0
"03","28","2010",0,0,0
"03","29","2010",0,0,0
"03","30","2010",3.7,0,2.6
"03","31","2010",0.4,0,0
"04","01","2010",0,2,0
"04","02","2010",0,0,0
"04","03","2010",5.2,0,0
"04","04","2010",0,0,0
"04","05","2010",2.1,15,1.4
"04","06","2010",0,0,14
"04","07","2010",0.6,7,12
"04","08","2010",0,0,0.3
"04","09","2010",11.9,4,1.5
"04","10","2010",0,0,0
"04","11","2010",0.6,5,3.7
"04","12","2010",4.2,15,41
"04","13","2010",37,60,37
"04","14","2010",8.4,3,6.5
"04","15","2010",0.4,0,0
"04","16","2010",2,0,0
"04","17","2010",0,2,0.5
"04","18","2010",0,0,2.2
"04","19","2010",13.1,15,76
"04","20","2010",0,0,0
"04","21","2010",0,0,1.4
"04","22","2010",0,0,0
"04","23","2010",0.7,2,1.3
"04","24","2010",0.8,3,0
"04","25","2010",0,0,0
"04","26","2010",5.6,3,6
"04","27","2010",2.6,9,1.8
"04","28","2010",5.4,6,1.5
"04","29","2010",12.9,8,0
"04","30","2010",0.2,0,0
"05","01","2010",5.5,2,0
"05","02","2010",6.3,35,25
"05","03","2010",0.5,4,0
"05","04","2010",2.9,10,15
"05","05","2010",0,0,0
"05","06","2010",0.4,0,5.3
"05","07","2010",0.4,0,2.2
"05","08","2010",0,0,0
"05","09","2010",1.1,0,0
"05","10","2010",7.7,0,1.5
"05","11","2010",3.1,7,2.3
"05","12","2010",0,0,0.1
"05","13","2010",0,0,0
"05","14","2010",0,0,0
"05","15","2010",0,0,0
"05","16","2010",0,0,0
"05","17","2010",0,0,0
"05","18","2010",0,0,0
"05","19","2010",0,0,0
"05","20","2010",5.9,3,1
"05","21","2010",15.1,4,12
"05","22","2010",7,6,2.8
"05","23","2010",6.1,9,5.2
"05","24","2010",1.5,5,25
"05","25","2010",11.7,0,0
"05","26","2010",15.6,35,89
"05","27","2010",0,2,0
"05","28","2010",0,0,0
"05","29","2010",0.6,0,0
"05","30","2010",4,3,9.5
"05","31","2010",5,0,39
"06","01","2010",0.8,0,0.4
"06","02","2010",4.1,5,8.2
"06","03","2010",3.3,7,5.6
"06","04","2010",0,2,3.5
"06","05","2010",6,10,2.2
"06","06","2010",0.4,0,0.4
"06","07","2010",0,0,0
"06","08","2010",0,0,0
"06","09","2010",8.2,6,1.6
"06","10","2010",0,0,0
"06","11","2010",2.3,2,1.7
"06","12","2010",0,0,0
"06","13","2010",0,0,0
"06","14","2010",0,0,0
"06","15","2010",0,0,1.5
"06","16","2010",4.9,8,2.2
"06","17","2010",0,0,0
"06","18","2010",3.4,10,0
"06","19","2010",13.6,32,8.8
"06","20","2010",11.9,20,1.8
"06","21","2010",0,0,0
"06","22","2010",0,0,0.4
"06","23","2010",0,0,0
"06","24","2010",0,0,0
"06","25","2010",0.4,0,6.5
"06","26","2010",2.9,2,0.5
"06","27","2010",0,0,3.5
"06","28","2010",0,0,0
"06","29","2010",0.5,5,1.3
"06","30","2010",0,0,0
"07","01","2010",0.9,2,0.3
"07","02","2010",0,0,0
"07","03","2010",13.1,7,1.8
"07","04","2010",0.7,2,5.6
"07","05","2010",0,0,0
"07","06","2010",22,32,12
"07","07","2010",9,3,1.3
"07","08","2010",53,55,85
"07","09","2010",0,0,0
"07","10","2010",2.7,4,0.4
"07","11","2010",26.1,0,0
"07","12","2010",0,10,1
"07","13","2010",0.7,0,19
"07","14","2010",0,0,0
"07","15","2010",25.8,6,12
"07","16","2010",7.1,7,2.4
"07","17","2010",3,4,5
"07","18","2010",0,0,1.3
"07","19","2010",0,0,0
"07","20","2010",0,0,0.1
"07","21","2010",0,0,0
"07","22","2010",0,0,0
"07","23","2010",0.7,2,0.4
"07","24","2010",0,0,0
"07","25","2010",0.2,0,0.6
"07","26","2010",0.6,5,3.5
"07","27","2010",0.5,0,0
"07","28","2010",0,0,0
"07","29","2010",0,0,2.8
"07","30","2010",0,0,0
"07","31","2010",0,0,0
"08","01","2010",14.5,7,0
"08","02","2010",2.3,3,0
"08","03","2010",1,2,0.1
"08","04","2010",0,0,1
"08","05","2010",0,0,0
"08","06","2010",0,0,0
"08","07","2010",0,0,0
"08","08","2010",0,0,0
"08","09","2010",0,0,0
"08","10","2010",0,0,0
"08","11","2010",0,0,0
"08","12","2010",0.2,0,0
"08","13","2010",2.4,0,1.4
"08","14","2010",1.7,0,5
"08","15","2010",0,0,0
"08","16","2010",0,0,0
"08","17","2010",0,0,0
"08","18","2010",0,0,0
"08","19","2010",0,0,0
"08","20","2010",0,0,0
"08","21","2010",0,0,0.4
"08","22","2010",0,0,0
"08","23","2010",0,0,0
"08","24","2010",0,0,0
"08","25","2010",0,0,0.7
"08","26","2010",0,0,0
"08","27","2010",0,0,1.2
"08","28","2010",0.6,2,0
"08","29","2010",0,0,0
"08","30","2010",0,0,0.4
"08","31","2010",0,0,0
"09","01","2010",7.3,5,7.4
"09","02","2010",4.7,6,0.5
"09","03","2010",0.7,0,0
"09","04","2010",0,0,5.6
"09","05","2010",3.8,4,0
"09","06","2010",2.2,0,3.2
"09","07","2010",2.9,10,6.6
"09","08","2010",1.4,0,0.2
"09","09","2010",0,0,0
"09","10","2010",0,0,0
"09","11","2010",0,0,0
"09","12","2010",0,0,0
"09","13","2010",0.7,0,0.4
"09","14","2010",0,0,1.7
"09","15","2010",0,0,0
"09","16","2010",0,0,0
"09","17","2010",0,0,0
"09","18","2010",0,0,0
"09","19","2010",0,0,0
"09","20","2010",0,0,0
"09","21","2010",0,0,0
"09","22","2010",9.3,0,0
"09","23","2010",2.2,0,4.3
"09","24","2010",0,0,0.4
"09","25","2010",0,0,0.5
"09","26","2010",0,4,0
"09","27","2010",0.5,2,0
"09","28","2010",0.5,0,0
"09","29","2010",0.3,2,0
"09","30","2010",0,0,0
"10","01","2010",0,0,3.9
"10","02","2010",1.1,0,0
"10","03","2010",0.3,2,0.1
"10","04","2010",72,30,1.8
"10","05","2010",0,25,0
"10","06","2010",0,0,0
"10","07","2010",0,0,0
"10","08","2010",0.4,0,1.5
"10","09","2010",1.4,7,0
"10","10","2010",0,0,2.5
"10","11","2010",0,0,0.1
"10","12","2010",0,0,0
"10","13","2010",0,0,0
"10","14","2010",0,0,0
"10","15","2010",0.1,0,0
"10","16","2010",0,0,0.2
"10","17","2010",0,3,5.9
"10","18","2010",16.5,12,23.2
"10","19","2010",3.8,2,7.5
"10","20","2010",0,0,0.1
"10","21","2010",0,2,2.5
"10","22","2010",0,0,5.2
"10","23","2010",0.5,0,3.8
"10","24","2010",2.7,0,4.3
"10","25","2010",11.3,8,14
"10","26","2010",1,0,1.4
"10","27","2010",44.7,15,53
"10","28","2010",1.7,3,21
"10","29","2010",4.3,0,3.2
"10","30","2010",4.1,2,4.2
"10","31","2010",0.8,0,3.7
"11","01","2010",0,0,NA
"11","02","2010",0,0,NA
"11","03","2010",3.4,0,NA
"11","04","2010",0,12,NA
"11","05","2010",20.9,38,NA
"11","06","2010",0,0,NA
"11","07","2010",0,56,NA
"11","08","2010",0.8,0,NA
"11","09","2010",37.8,30,NA
"11","10","2010",15.3,61,NA
"11","11","2010",0.4,2,NA
"11","12","2010",0.7,0,NA
"11","13","2010",2.8,9,NA
"11","14","2010",2.7,0,NA
"11","15","2010",18.8,19,NA
"11","16","2010",14.1,18,NA
"11","17","2010",0.6,0,NA
"11","18","2010",29.4,2,NA
"11","19","2010",1.5,2,NA
"11","20","2010",9.9,3,NA
"11","21","2010",5.9,28,NA
"11","22","2010",10,14,NA
"11","23","2010",11.1,8,NA
"11","24","2010",1.5,0,NA
"11","25","2010",7.5,2,NA
"11","26","2010",0,0,NA
"11","27","2010",10.9,2,NA
"11","28","2010",1.5,0,NA
"11","29","2010",3.8,4,NA
"11","30","2010",1.4,0,NA
"12","01","2010",9.6,10,NA
"12","02","2010",9.3,33,NA
"12","03","2010",20.6,14,NA
"12","04","2010",3.6,8,NA
"12","05","2010",0,0,NA
"12","06","2010",0.4,0,NA
"12","07","2010",0,0,NA
"12","08","2010",2.9,2,NA
"12","09","2010",1.7,0,7.4
"12","10","2010",0.5,6,3.5
"12","11","2010",0.2,3,1.5
"12","12","2010",0,2,0
"12","13","2010",0.7,0,1.2
"12","14","2010",8.7,0,NA
"12","15","2010",0.6,2,8.5
"12","16","2010",0.4,0,0.9
"12","17","2010",8.9,2,2
"12","18","2010",12.4,5,14.6
"12","19","2010",0,2,15.9
"12","20","2010",0.2,0,0
"12","21","2010",0.5,0,0
"12","22","2010",0.6,2,3.3
"12","23","2010",6.5,6,0.9
"12","24","2010",0.5,0,2.1
"12","25","2010",0.8,0,0
"12","26","2010",1.6,2,0
"12","27","2010",4.6,0,NA
"12","28","2010",3.8,20,NA
"12","29","2010",0,0,NA
"12","30","2010",0,0,NA
"12","31","2010",4.4,0,NA
"01","01","2011",0,0,NA
"01","02","2011",2.6,0,NA
"01","03","2011",1.4,2,NA
"01","04","2011",0,7,NA
"01","05","2011",0.5,0,NA
"01","06","2011",0,0,NA
"01","07","2011",0.3,0,NA
"01","08","2011",2.2,0,NA
"01","09","2011",1.3,0,NA
"01","10","2011",3.7,2,NA
"01","11","2011",0,0,NA
"01","12","2011",0,0,NA
"01","13","2011",0,0,NA
"01","14","2011",0,0,NA
"01","15","2011",0,0,NA
"01","16","2011",0,11,NA
"01","17","2011",0,0,NA
"01","18","2011",0.4,3,NA
"01","19","2011",3.6,0,NA
"01","20","2011",0,0,NA
"01","21","2011",0,0,NA
"01","22","2011",0,0,NA
"01","23","2011",0,0,NA
"01","24","2011",0,0,NA
"01","25","2011",0,0,NA
"01","26","2011",0,0,NA
"01","27","2011",2.1,2,NA
"01","28","2011",2.6,1,NA
"01","29","2011",0,0,NA
"01","30","2011",0,0,NA
"01","31","2011",0,0,NA
"02","01","2011",0,0,NA
"02","02","2011",0,0,NA
"02","03","2011",0,0,NA
"02","04","2011",0,0,NA
"02","05","2011",0,0,NA
"02","06","2011",1.7,0,NA
"02","07","2011",8.8,25,NA
"02","08","2011",6.2,0,NA
"02","09","2011",12.4,2,NA
"02","10","2011",6.6,54,NA
"02","11","2011",6,7,NA
"02","12","2011",4.4,0,NA
"02","13","2011",4.9,3,NA
"02","14","2011",0.9,0,NA
"02","15","2011",0,0,NA
"02","16","2011",3.5,2,NA
"02","17","2011",0,0,NA
"02","18","2011",9.1,2,NA
"02","19","2011",4.8,7,NA
"02","20","2011",12.7,2,NA
"02","21","2011",7.9,5,NA
"02","22","2011",23.6,0,NA
"02","23","2011",0,0,NA
"02","24","2011",26.3,9,NA
"02","25","2011",2.1,10,NA
"02","26","2011",4,4,NA
"02","27","2011",0,0,NA
"02","28","2011",4.8,2,NA
"03","01","2011",0.4,0,NA
"03","02","2011",0.8,0,NA
"03","03","2011",64.5,0,NA
"03","04","2011",18,63,NA
"03","05","2011",2.8,2,NA
"03","06","2011",19.1,33,NA
"03","07","2011",1.4,0,NA
"03","08","2011",5.5,20,NA
"03","09","2011",20.2,30,NA
"03","10","2011",0.5,0,NA
"03","11","2011",0,0,NA
"03","12","2011",0,0,NA
"03","13","2011",1.3,0,NA
"03","14","2011",0.9,0,NA
"03","15","2011",0,0,NA
"03","16","2011",0,0,NA
"03","17","2011",1.2,0,NA
"03","18","2011",0,0,NA
"03","19","2011",0.9,3,NA
"03","20","2011",53.4,2,NA
"03","21","2011",0,0,NA
"03","22","2011",20.4,29,NA
"03","23","2011",0.5,2,NA
"03","24","2011",0.4,0,NA
"03","25","2011",2.2,4,NA
"03","26","2011",1,0,NA
"03","27","2011",0,0,NA
"03","28","2011",0,0,NA
"03","29","2011",0,0,NA
"03","30","2011",0,0,NA
"03","31","2011",0.5,0,NA
"04","01","2011",0,0,1
"04","02","2011",0,2,7.3
"04","03","2011",3.2,3,30.4
"04","04","2011",2.4,2,1.8
"04","05","2011",41.9,4,1.9
"04","06","2011",5.3,13,4.9
"04","07","2011",3.7,0,5.4
"04","08","2011",0.1,10,16
"04","09","2011",10.6,6,5.1
"04","10","2011",13.7,15,2.3
"04","11","2011",15,41,80.9
"04","12","2011",3.4,9,4.2
"04","13","2011",11.1,0,1.6
"04","14","2011",37.5,11,18.6
"04","15","2011",10.4,33,20.3
"04","16","2011",0,2,11.9
"04","17","2011",0,0,0.5
"04","18","2011",0,0,46.2
"04","19","2011",0.5,2,11.6
"04","20","2011",11.9,35,46.3
"04","21","2011",58.2,4,15
"04","22","2011",22.6,19,8.4
"04","23","2011",18.4,2,1.6
"04","24","2011",0,0,0
"04","25","2011",0,0,0.3
"04","26","2011",0,0,0
"04","27","2011",0,0,0
"04","28","2011",0,44,0
"04","29","2011",9.1,0,11.2
"04","30","2011",1.6,4,12.4
"05","01","2011",2.9,5,0
"05","02","2011",19,12,6
"05","03","2011",4.4,14,5.4
"05","04","2011",0,0,0
"05","05","2011",0,0,0
"05","06","2011",0,0,0
"05","07","2011",3.8,2,20.1
"05","08","2011",0,0,0
"05","09","2011",0,0,0.9
"05","10","2011",0,0,1.7
"05","11","2011",0,2,0.2
"05","12","2011",128.8,66,80
"05","13","2011",23.4,19,40.1
"05","14","2011",7.8,5,NA
"05","15","2011",0,2,39
"05","16","2011",13,22,11.5
"05","17","2011",0,0,10.1
"05","18","2011",11.9,3,7.2
"05","19","2011",3.9,4,0
"05","20","2011",NA,3,3.4
"05","21","2011",NA,0,0
"05","22","2011",NA,0,0
"05","23","2011",NA,2,0
"05","24","2011",NA,3,0.3
"05","25","2011",NA,3,3.4
"05","26","2011",NA,7,1.7
"05","27","2011",NA,2,0.5
"05","28","2011",NA,3,0.7
"05","29","2011",NA,9,1
"05","30","2011",NA,3,3.3
"05","31","2011",NA,0,0
"06","01","2011",NA,0,0
"06","02","2011",NA,6,32.6
"06","03","2011",NA,40,4
"06","04","2011",NA,25,15.2
"06","05","2011",NA,0,0
"06","06","2011",NA,0,0
"06","07","2011",NA,0,0
"06","08","2011",NA,0,0
"06","09","2011",NA,0,0
"06","10","2011",NA,3,5.7
"06","11","2011",NA,0,0.3
"06","12","2011",NA,6,1.8
"06","13","2011",NA,0,0
"06","14","2011",NA,0,0.4
"06","15","2011",NA,2,1.1
"06","16","2011",NA,0,0
"06","17","2011",NA,0,0
"06","18","2011",NA,6,1.2
"06","19","2011",NA,0,0
"06","20","2011",NA,2,1.2
"06","21","2011",NA,1,1.3
"06","22","2011",NA,0,0
"06","23","2011",NA,6,0.6
"06","24","2011",NA,10,0
"06","25","2011",NA,0,11
"06","26","2011",NA,19,3
"06","27","2011",NA,2,0
"06","28","2011",NA,0,0
"06","29","2011",NA,0,0
"06","30","2011",NA,9,2
"07","01","2011",NA,0,0
"07","02","2011",NA,0,0
"07","03","2011",NA,2,0
"07","04","2011",NA,0,0
"07","05","2011",NA,1,0
"07","06","2011",NA,6,1
"07","07","2011",NA,0,0
"07","08","2011",NA,0,0
"07","09","2011",NA,0,0
"07","10","2011",NA,0,17.3
"07","11","2011",NA,2,1.1
"07","12","2011",NA,3,2.4
"07","13","2011",NA,2,0
"07","14","2011",NA,2,0
"07","15","2011",NA,7,21.9
"07","16","2011",NA,2,7.5
"07","17","2011",NA,3,2.7
"07","18","2011",NA,0,0.3
"07","19","2011",NA,0,0
"07","20","2011",NA,2,0
"07","21","2011",NA,0,0
"07","22","2011",NA,3,1.1
"07","23","2011",NA,2,0
"07","24","2011",NA,2,0
"07","25","2011",NA,0,0
"07","26","2011",NA,0,0
"07","27","2011",NA,0,0.6
"07","28","2011",NA,0,0
"07","29","2011",NA,2,10
"07","30","2011",NA,19,0
"07","31","2011",NA,2,1.9
"08","01","2011",NA,0,0
"08","02","2011",NA,0,0
"08","03","2011",NA,0,0
"08","04","2011",NA,2,0
"08","05","2011",NA,0,0
"08","06","2011",NA,0,0
"08","07","2011",NA,0,0
"08","08","2011",NA,2,0.7
"08","09","2011",NA,3,1.2
"08","10","2011",NA,0,0
"08","11","2011",NA,0,0
"08","12","2011",NA,0,0
"08","13","2011",NA,0,0
"08","14","2011",NA,0,0
"08","15","2011",NA,2,0
"08","16","2011",NA,0,0
"08","17","2011",NA,0,1.6
"08","18","2011",NA,2,0
"08","19","2011",NA,0,5
"08","20","2011",NA,2,1.8
"08","21","2011",NA,2,7.5
"08","22","2011",NA,0,0
"08","23","2011",NA,0,0
"08","24","2011",NA,0,0
"08","25","2011",NA,0,0
"08","26","2011",NA,3,1.6
"08","27","2011",NA,0,0
"08","28","2011",NA,2,1.5
"08","29","2011",NA,0,0
"08","30","2011",NA,2,0
"08","31","2011",NA,0,1.4
"09","01","2011",NA,0,0.5
"09","02","2011",NA,2,0
"09","03","2011",NA,0,0
"09","04","2011",NA,0,0
"09","05","2011",NA,0,0
"09","06","2011",NA,2,0
"09","07","2011",NA,0,0.9
"09","08","2011",NA,2,12.1
"09","09","2011",NA,0,0
"09","10","2011",NA,0,0
"09","11","2011",NA,3,3
"09","12","2011",NA,0,0
"09","13","2011",NA,0,0
"09","14","2011",NA,2,0
"09","15","2011",NA,0,0
"09","16","2011",NA,3,1.6
"09","17","2011",NA,0,0
"09","18","2011",NA,2,0.5
"09","19","2011",NA,0,0
"09","20","2011",NA,0,0
"09","21","2011",NA,5,0
"09","22","2011",NA,0,0
"09","23","2011",NA,0,1.6
"09","24","2011",NA,2,0.4
"09","25","2011",NA,6,3.6
"09","26","2011",NA,0,0.3
"09","27","2011",NA,0,0
"09","28","2011",NA,0,1.5
"09","29","2011",NA,0,0
"09","30","2011",NA,0,0
"10","01","2011",3,23,80.6
"10","02","2011",0,4,2.2
"10","03","2011",1.1,2,1.4
"10","04","2011",0.3,0,3.3
"10","05","2011",8.6,10,4.6
"10","06","2011",32.1,7,17.7
"10","07","2011",0,0,3.4
"10","08","2011",0,0,1
"10","09","2011",0,2,0
"10","10","2011",12,0,16
"10","11","2011",9,10,10.6
"10","12","2011",6,3,9.3
"10","13","2011",0,0,0
"10","14","2011",7.8,4,10.5
"10","15","2011",1.4,0,6.9
"10","16","2011",2.7,3,6.7
"10","17","2011",3.8,6,14.2
"10","18","2011",0,2,1
"10","19","2011",1.2,4,0
"10","20","2011",0,2,0.2
"10","21","2011",0,0,0.1
"10","22","2011",0,0,1
"10","23","2011",4.2,2,21.1
"10","24","2011",2.1,38,3.5
"10","25","2011",3.1,0,0
"10","26","2011",0,0,0
"10","27","2011",0.9,3,0
"10","28","2011",0,0,2.1
"10","29","2011",0,2,0.2
"10","30","2011",0,0,6
"10","31","2011",0,0,0
"11","01","2011",0,0,0.2
"11","02","2011",0,0,0
"11","03","2011",0,0,0
"11","04","2011",4.1,17,30
"11","05","2011",0,2,2
"11","06","2011",1.8,3,1
"11","07","2011",17.9,26,40
"11","08","2011",6,3,6
"11","09","2011",2.3,0,0
"11","10","2011",9.8,21,20
"11","11","2011",35.6,42,45
"11","12","2011",3.1,5,5
"11","13","2011",0,0,0
"11","14","2011",19.4,0,20
"11","15","2011",78.5,34,4.8
"11","16","2011",0.6,0,20
"11","17","2011",0,11,1
"11","18","2011",7.5,0,20
"11","19","2011",0,24,2.7
"11","20","2011",4.1,2,1
"11","21","2011",0,8,35
"11","22","2011",0,2,4.5
"11","23","2011",5.9,0,1.4
"11","24","2011",0.8,2,40
"11","25","2011",3.3,1,3
"11","26","2011",0,0,1
"11","27","2011",0.6,0,40
"11","28","2011",1.2,5,27
"11","29","2011",4.8,4,9.5
"11","30","2011",3.9,3,6.5
"12","01","2011",1.4,0,0
"12","02","2011",0.4,2,10.4
"12","03","2011",14.2,7,5
"12","04","2011",1.3,20,7
"12","05","2011",13.2,25,15.4
"12","06","2011",22.4,39,2
"12","07","2011",22.4,12,25.2
"12","08","2011",2.9,8,3.5
"12","09","2011",0,0,0
"12","10","2011",0,0,0
"12","11","2011",0,0,1.8
"12","12","2011",0,3,20
"12","13","2011",9.6,2,4.2
"12","14","2011",9.9,10,3
"12","15","2011",10.3,13,8
"12","16","2011",18.2,11,2
"12","17","2011",4.9,3,1.5
"12","18","2011",13.9,13,2.5
"12","19","2011",2,2,3.5
"12","20","2011",0,0,0
"12","21","2011",0,0,0
"12","22","2011",0,0,0
"12","23","2011",0,0,10.2
"12","24","2011",0,0,0
"12","25","2011",0,0,0
"12","26","2011",0,0,0
"12","27","2011",0,0,0
"12","28","2011",0,0,0
"12","29","2011",0,0,0
"12","30","2011",0,0,0
"12","31","2011",0,0,0
"01","01","2012",0,0,0
"01","02","2012",0,0,8.4
"01","03","2012",87,19,40
"01","04","2012",0,2,0
"01","05","2012",24.8,35,40
"01","06","2012",12,6,0
"01","07","2012",4.5,8,2.2
"01","08","2012",0.1,11,12.5
"01","09","2012",0,0,15
"01","10","2012",0.3,0,2.8
"01","11","2012",0,2,0
"01","12","2012",0,0,0
"01","13","2012",0,0,0
"01","14","2012",0,0,3
"01","15","2012",0.1,0,0
"01","16","2012",0,0,0
"01","17","2012",1.1,2,10.5
"01","18","2012",18.3,7,67.5
"01","19","2012",3,2,2.5
"01","20","2012",11.1,40,3
"01","21","2012",0,0,0
"01","22","2012",72.9,0,0
"01","23","2012",0.3,0,0
"01","24","2012",1.1,0,5.5
"01","25","2012",0,0,0
"01","26","2012",0.2,0,0
"01","27","2012",43.7,0,4.2
"01","28","2012",0,0,NA
"01","29","2012",0,0,0
"01","30","2012",2,0,3.1
"01","31","2012",0.5,0,0
"02","01","2012",6.6,3,1.4
"02","02","2012",0,0,0
"02","03","2012",0,0,0
"02","04","2012",0,0,0
"02","05","2012",7.7,6,5.8
"02","06","2012",2.7,2,1.6
"02","07","2012",7.9,21,7.8
"02","08","2012",2.1,2,1.8
"02","09","2012",0,0,1.8
"02","10","2012",14.6,5,3
"02","11","2012",3.8,0,1.6
"02","12","2012",0,0,0
"02","13","2012",0,0,0
"02","14","2012",3.7,0,1
"02","15","2012",0,0,0
"02","16","2012",0,0,0
"02","17","2012",8.5,3,NA
"02","18","2012",0,0,13
"02","19","2012",7.5,13,5
"02","20","2012",0,0,2
"02","21","2012",0.4,0,1
"02","22","2012",0,0,0
"02","23","2012",0,0,0
"02","24","2012",6,4,4
"02","25","2012",0,0,0
"02","26","2012",11,8,0
"02","27","2012",0,0,0
"02","28","2012",0,0,0
"02","29","2012",34.6,0,0
"03","01","2012",3.3,2,0
"03","02","2012",2,0,0
"03","03","2012",9.2,4,8.4
"03","04","2012",0.4,8,0
"03","05","2012",0,0,0
"03","06","2012",0,0,0
"03","07","2012",0,0,0
"03","08","2012",0,0,0
"03","09","2012",1.8,2,0
"03","10","2012",7.4,7,4
"03","11","2012",1.6,0,0
"03","12","2012",0.5,0,0
"03","13","2012",0,0,0
"03","14","2012",0,0,0
"03","15","2012",1,2,0
"03","16","2012",13.3,13,10.4
"03","17","2012",5.8,2,0
"03","18","2012",1.3,6,22
"03","19","2012",9.3,2,0
"03","20","2012",1.1,0,1
"03","21","2012",2.4,2,2
"03","22","2012",1.1,8,NA
"03","23","2012",25.9,21,NA
"03","24","2012",0.4,18,NA
"03","25","2012",23.8,9,NA
"03","26","2012",31.1,26,NA
"03","27","2012",0,0,NA
"03","28","2012",1.8,0,NA
"03","29","2012",0,6,NA
"03","30","2012",0.7,22,NA
"03","31","2012",0,0,NA
"04","01","2012",0,2,NA
"04","02","2012",0,0,NA
"04","03","2012",0,0,NA
"04","04","2012",1.2,2,NA
"04","05","2012",2.5,3,NA
"04","06","2012",0,0,NA
"04","07","2012",1.4,0,NA
"04","08","2012",1.5,15,NA
"04","09","2012",0.5,0,NA
"04","10","2012",24.1,3,NA
"04","11","2012",0.5,2,NA
"04","12","2012",39.9,3,NA
"04","13","2012",17.6,0,NA
"04","14","2012",1.1,0,NA
"04","15","2012",0,2,NA
"04","16","2012",4.5,0,NA
"04","17","2012",2.2,38,NA
"04","18","2012",8,53,NA
"04","19","2012",2.5,2,NA
"04","20","2012",0,0,NA
"04","21","2012",3.3,4,NA
"04","22","2012",0,0,NA
"04","23","2012",0,2,NA
"04","24","2012",0,0,NA
"04","25","2012",0,0,NA
"04","26","2012",0.7,2,NA
"04","27","2012",0,0,NA
"04","28","2012",8.1,11,NA
"04","29","2012",0,2,NA
"04","30","2012",4.6,0,NA
"05","01","2012",4.1,5,3.1
"05","02","2012",0,0,0
"05","03","2012",0,0,0.9
"05","04","2012",0,0,0
"05","05","2012",0,0,0
"05","06","2012",0,0,0.3
"05","07","2012",1.8,2,0
"05","08","2012",0,0,0
"05","09","2012",0,0,1.1
"05","10","2012",0,0,0
"05","11","2012",0,0,2.2
"05","12","2012",0.5,0,4.9
"05","13","2012",0,0,0.3
"05","14","2012",0,0,0
"05","15","2012",0,0,0.5
"05","16","2012",4.4,6,4.9
"05","17","2012",0,0,0.1
"05","18","2012",0.6,6,3.4
"05","19","2012",1.5,3,0.4
"05","20","2012",0.5,0,0
"05","21","2012",0.5,4,0
"05","22","2012",0,0,0
"05","23","2012",0,0,0
"05","24","2012",0,0,0
"05","25","2012",1.5,0,0
"05","26","2012",0,0,0
"05","27","2012",0.5,0,0
"05","28","2012",8.3,9,1
"05","29","2012",0,0,0.3
"05","30","2012",0,2,0.4
"05","31","2012",0.1,0,0
"06","01","2012",3.9,2,0.8
"06","02","2012",0.5,0,0.3
"06","03","2012",0,0,0
"06","04","2012",0,0,0
"06","05","2012",0,0,0
"06","06","2012",0.4,2,6
"06","07","2012",1.3,3,0.8
"06","08","2012",0,2,0.4
"06","09","2012",3.9,10,4.2
"06","10","2012",0.5,2,0
"06","11","2012",0.2,0,0.8
"06","12","2012",1.6,0,0.3
"06","13","2012",0.5,2,0
"06","14","2012",0,0,0.8
"06","15","2012",0,3,0.1
"06","16","2012",0,0,0
"06","17","2012",0,0,0
"06","18","2012",0.1,0,0
"06","19","2012",0,0,0
"06","20","2012",1.4,2,0
"06","21","2012",0,0,0
"06","22","2012",0,0,0.6
"06","23","2012",2.6,0,0
"06","24","2012",0,0,1.5
"06","25","2012",2.1,5,0
"06","26","2012",0,0,0.4
"06","27","2012",0.7,0,0
"06","28","2012",0,0,0.2
"06","29","2012",0,2,3.9
"06","30","2012",0.5,3,1.7
"07","01","2012",0.4,2,0
"07","02","2012",0,0,0
"07","03","2012",1.6,6,1.5
"07","04","2012",0.2,3,0.4
"07","05","2012",0,0,0
"07","06","2012",0,0,0
"07","07","2012",0.8,3,0
"07","08","2012",2.2,0,1.4
"07","09","2012",6.8,2,1.2
"07","10","2012",1.3,3,0
"07","11","2012",2.5,2,1.6
"07","12","2012",0,0,0
"07","13","2012",7.1,6,2.6
"07","14","2012",5.7,3,8.8
"07","15","2012",0,0,0.7
"07","16","2012",0,0,0
"07","17","2012",0,0,0
"07","18","2012",0.3,3,0
"07","19","2012",0,0,0
"07","20","2012",0,0,0
"07","21","2012",0,0,0
"07","22","2012",0,0,0.3
"07","23","2012",0.5,2,3.6
"07","24","2012",0,0,NA
"07","25","2012",0,0,NA
"07","26","2012",0,0,0
"07","27","2012",0.5,4,1.8
"07","28","2012",0,0,0
"07","29","2012",0,0,2.4
"07","30","2012",0.3,0,0.4
"07","31","2012",1.9,2,3.3
"08","01","2012",0,0,0
"08","02","2012",0,0,0
"08","03","2012",0,2,0.1
"08","04","2012",0,0,0
"08","05","2012",0,0,0
"08","06","2012",0,0,0
"08","07","2012",0,0,0
"08","08","2012",0,0,0
"08","09","2012",0,0,0
"08","10","2012",0,0,0
"08","11","2012",0,0,0
"08","12","2012",1.6,3,1.4
"08","13","2012",0.6,6,1.3
"08","14","2012",1,2,0
"08","15","2012",0,0,2.2
"08","16","2012",1.5,2,5.4
"08","17","2012",6.1,9,5.1
"08","18","2012",0,0,0
"08","19","2012",0,0,0
"08","20","2012",0,0,0
"08","21","2012",0,0,0
"08","22","2012",0,0,0
"08","23","2012",0,0,0
"08","24","2012",0,0,3.2
"08","25","2012",8.1,4,0.5
"08","26","2012",2.5,3,0
"08","27","2012",1.3,2,0
"08","28","2012",0,0,0.2
"08","29","2012",0,0,0.8
"08","30","2012",0.4,0,0
"08","31","2012",0,0,0
"09","01","2012",0,0,0
"09","02","2012",0.8,5,0
"09","03","2012",0,23,0
"09","04","2012",1.1,2,1.2
"09","05","2012",0,0,0
"09","06","2012",0,0,0.3
"09","07","2012",2.3,2,0.4
"09","08","2012",0.5,0,0.4
"09","09","2012",0.5,0,0.7
"09","10","2012",0.5,2,0
"09","11","2012",0,4,0
"09","12","2012",0,0,0
"09","13","2012",0,0,0
"09","14","2012",0,0,0
"09","15","2012",0,0,0
"09","16","2012",0,0,0
"09","17","2012",0,0,0
"09","18","2012",0,0,0.3
"09","19","2012",0,0,0
"09","20","2012",0,0,0
"09","21","2012",0,0,0
"09","22","2012",0.5,2,0.8
"09","23","2012",0,0,0.1
"09","24","2012",0,0,0
"09","25","2012",0,0,2.3
"09","26","2012",7.1,6,14.2
"09","27","2012",4.2,3,0.3
"09","28","2012",0,0,0
"09","29","2012",0,2,0
"09","30","2012",0.4,0,0
"10","01","2012",0,0,0
"10","02","2012",0,0,0
"10","03","2012",0,0,0.1
"10","04","2012",0,0,0
"10","05","2012",19.3,4,5.3
"10","06","2012",1.5,10,0.4
"10","07","2012",0.4,2,39.3
"10","08","2012",0,0,0
"10","09","2012",0,0,0
"10","10","2012",0.5,0,0.4
"10","11","2012",0.1,0,1.1
"10","12","2012",0.4,2,2.2
"10","13","2012",0.5,0,8.1
"10","14","2012",0,2,26.3
"10","15","2012",6.5,50,16
"10","16","2012",0,0,0.7
"10","17","2012",28,22,8.5
"10","18","2012",8.5,7,27.7
"10","19","2012",1.6,2,0.5
"10","20","2012",14,0,0
"10","21","2012",8.7,0,3.1
"10","22","2012",0,2,22.6
"10","23","2012",0,0,0
"10","24","2012",0.6,2,22.4
"10","25","2012",0,0,0
"10","26","2012",0,0,0
"10","27","2012",0,0,0
"10","28","2012",0,0,0
"10","29","2012",0,0,1
"10","30","2012",0,2,0.9
"10","31","2012",0,0,0
"11","01","2012",0,2,0.1
"11","02","2012",1.4,3,7
"11","03","2012",0.1,0,22.7
"11","04","2012",0,0,0.6
"11","05","2012",0,0,0.8
"11","06","2012",0,0,0
"11","07","2012",0,0,0
"11","08","2012",0,0,0.2
"11","09","2012",0.5,8,0.2
"11","10","2012",0,4,0
"11","11","2012",0,0,0
"11","12","2012",2.5,0,0
"11","13","2012",0.8,16,23.7
"11","14","2012",18,2,28.8
"11","15","2012",2.7,3,4.2
"11","16","2012",1,8,46.9
"11","17","2012",13.9,3,46.5
"11","18","2012",4,2,26.5
"11","19","2012",0,0,0
"11","20","2012",0,0,0
"11","21","2012",41.6,12,16
"11","22","2012",8.7,23,37.7
"11","23","2012",2.2,0,21.2
"11","24","2012",1.4,0,8.7
"11","25","2012",0,0,0.6
"11","26","2012",0,0,0.7
"11","27","2012",1.7,0,0.5
"11","28","2012",5.2,5,1.5
"11","29","2012",14.6,2,25.8
"11","30","2012",3.4,3,1
"12","01","2012",4.7,2,14.4
"12","02","2012",18.1,7,45.6
"12","03","2012",7.2,0,0
"12","04","2012",15,2,0
"12","05","2012",22.8,35,6.6
"12","06","2012",0,0,0.2
"12","07","2012",7.3,0,0
"12","08","2012",0,0,0
"12","09","2012",0,5,0
"12","10","2012",0,0,0
"12","11","2012",13.9,4,19.5
"12","12","2012",1.5,10,30.8
"12","13","2012",0,0,1.2
"12","14","2012",1.8,2,2.2
"12","15","2012",1,3,87
"12","16","2012",7.8,4,30.4
"12","17","2012",2.5,0,26.2
"12","18","2012",1.2,0,0.7
"12","19","2012",0,2,1.1
"12","20","2012",0,0,0.2
"12","21","2012",0,0,0.4
"12","22","2012",1,2,8.7
"12","23","2012",8.1,10,4.6
"12","24","2012",0,0,0
"12","25","2012",0,0,0
"12","26","2012",7.1,11,7.6
"12","27","2012",0,0,0
"12","28","2012",0,0,0
"12","29","2012",0,0,0
"12","30","2012",0,0,0
"12","31","2012",0,0,0
"01","01","2013",0,0,0
"01","02","2013",0,0,0
"01","03","2013",0,0,0
"01","04","2013",0,0,0
"01","05","2013",0,0,0
"01","06","2013",0,0,0
"01","07","2013",0,0,0
"01","08","2013",0,0,0
"01","09","2013",0,0,0
"01","10","2013",0,0,0
"01","11","2013",0,0,0
"01","12","2013",0,0,0
"01","13","2013",0,0,5.4
"01","14","2013",0,0,0
"01","15","2013",0,0,22.9
"01","16","2013",0,37,21.3
"01","17","2013",31.3,15,6.5
"01","18","2013",0,0,2.7
"01","19","2013",0,0,0
"01","20","2013",0,0,0
"01","21","2013",0,0,0
"01","22","2013",0,0,0
"01","23","2013",0,0,11.4
"01","24","2013",4.8,0,17.9
"01","25","2013",2.4,0,0.4
"01","26","2013",0,0,0
"01","27","2013",0,0,0
"01","28","2013",0,0,0
"01","29","2013",0,0,0
"01","30","2013",0,0,0
"01","31","2013",0,0,0
"02","01","2013",0.1,3,0.3
"02","02","2013",0,19,0
"02","03","2013",0,0,0
"02","04","2013",18.7,15,40.5
"02","05","2013",0.6,3,3.2
"02","06","2013",25.8,0,2.6
"02","07","2013",29.4,0,0
"02","08","2013",28.3,50,100.9
"02","09","2013",4.8,10,3.3
"02","10","2013",4.2,9,102.2
"02","11","2013",11.7,13,46.8
"02","12","2013",4.9,4,0.3
"02","13","2013",0,0,0
"02","14","2013",0,0,0
"02","15","2013",0,0,0
"02","16","2013",0.6,0,0
"02","17","2013",4.3,3,5.2
"02","18","2013",0,0,0
"02","19","2013",0,0,0
"02","20","2013",0,0,0.5
"02","21","2013",1.3,0,0
"02","22","2013",0,0,0
"02","23","2013",3.5,2,5.5
"02","24","2013",3.9,3,2
"02","25","2013",0,0,0
"02","26","2013",0,0,1.5
"02","27","2013",5.1,7,1.6
"02","28","2013",2.6,2,0
"03","01","2013",0.6,0,0
"03","02","2013",0,0,0
"03","03","2013",3.4,3,0.2
"03","04","2013",2.2,0,7.1
"03","05","2013",0,0,0.3
"03","06","2013",0,0,0
"03","07","2013",0,0,0
"03","08","2013",0,0,0
"03","09","2013",0.2,0,0
"03","10","2013",0,0,0
"03","11","2013",0.3,0,0.7
"03","12","2013",0,0,0
"03","13","2013",1,2,1.3
"03","14","2013",6.1,0,0
"03","15","2013",0,0,0
"03","16","2013",0.5,0,0
"03","17","2013",0,0,0
"03","18","2013",4,3,10
"03","19","2013",0,0,0
"03","20","2013",2.5,10,25.6
"03","21","2013",16.1,12,17.6
"03","22","2013",9.1,21,5.5
"03","23","2013",0.5,11,0.3
"03","24","2013",0,0,0
"03","25","2013",0.1,0,0.6
"03","26","2013",4,0,0
"03","27","2013",0,0,0
"03","28","2013",0.4,0,0
"03","29","2013",0,0,1.2
"03","30","2013",0,0,0
"03","31","2013",0,0,0
"04","01","2013",0,0,1
"04","02","2013",0,0,0
"04","03","2013",0.6,0,0
"04","04","2013",0,0,0
"04","05","2013",0,0,0
"04","06","2013",0,0,0
"04","07","2013",1.4,0,0
"04","08","2013",1.3,3,1.8
"04","09","2013",0,0,0
"04","10","2013",0.1,0,0
"04","11","2013",0,0,0
"04","12","2013",0,0,0
"04","13","2013",0,0,1.1
"04","14","2013",0.2,0,0
"04","15","2013",0.9,0,1.2
"04","16","2013",0,0,0
"04","17","2013",10.8,3,0
"04","18","2013",0.3,2,NA
"04","19","2013",7.4,50,6.8
"04","20","2013",3.5,11,0
"04","21","2013",44.3,64,50.6
"04","22","2013",2.1,34,0
"04","23","2013",0,0,0
"04","24","2013",0,0,0
"04","25","2013",0,0,0
"04","26","2013",0,0,NA
"04","27","2013",0,9,14.6
"04","28","2013",0,0,0.7
"04","29","2013",0,0,0
"04","30","2013",0.1,0,0
"05","01","2013",0,0,0
"05","02","2013",0,0,0
"05","03","2013",0,6,12.8
"05","04","2013",14.4,0,7.4
"05","05","2013",2,16,11.4
"05","06","2013",23.5,11,31.6
"05","07","2013",2.5,3,7.1
"05","08","2013",0,10,0
"05","09","2013",0,15,0
"05","10","2013",17.6,0,0.5
"05","11","2013",0,0,4
"05","12","2013",0,0,0.4
"05","13","2013",0.8,0,0.1
"05","14","2013",5.7,3,2
"05","15","2013",0.7,0,0.1
"05","16","2013",6,0,0.5
"05","17","2013",7.6,12,4.2
"05","18","2013",0.6,6,0.9
"05","19","2013",2.4,8,6.3
"05","20","2013",13.5,2,3
"05","21","2013",1.6,0,0.5
"05","22","2013",0,0,0.1
"05","23","2013",0,0,0.3
"05","24","2013",0,0,0
"05","25","2013",3.8,10,0
"05","26","2013",3.2,3,0
"05","27","2013",0,6,0
"05","28","2013",0.5,2,0
"05","29","2013",0,0,0
"05","30","2013",3.5,2,0
"05","31","2013",0,8,0
"06","01","2013",5,9,NA
"06","02","2013",2.6,2,NA
"06","03","2013",0,0,NA
"06","04","2013",1,0,NA
"06","05","2013",0,0,NA
"06","06","2013",0,0,NA
"06","07","2013",0.1,2,NA
"06","08","2013",1.8,0,NA
"06","09","2013",0,0,NA
"06","10","2013",0,0,NA
"06","11","2013",8,12,NA
"06","12","2013",0,0,NA
"06","13","2013",0,0,NA
"06","14","2013",0.6,2,NA
"06","15","2013",4.6,0,NA
"06","16","2013",0,3,NA
"06","17","2013",0,0,NA
"06","18","2013",0,0,NA
"06","19","2013",2.7,2,NA
"06","20","2013",0,0,NA
"06","21","2013",0,0,NA
"06","22","2013",0,0,NA
"06","23","2013",6.6,3,NA
"06","24","2013",0.5,0,NA
"06","25","2013",0,0,NA
"06","26","2013",0,0,NA
"06","27","2013",6.3,3,NA
"06","28","2013",0,0,NA
"06","29","2013",32.8,0,NA
"06","30","2013",4.3,4,NA
"07","01","2013",0.5,2,NA
"07","02","2013",3.4,3,NA
"07","03","2013",0,0,NA
"07","04","2013",0,0,NA
"07","05","2013",3.3,4,NA
"07","06","2013",0,0,NA
"07","07","2013",0,0,NA
"07","08","2013",1.7,2,NA
"07","09","2013",6.8,4,NA
"07","10","2013",2.5,2,NA
"07","11","2013",0,0,NA
"07","12","2013",2.1,13,NA
"07","13","2013",0,0,NA
"07","14","2013",0.2,0,NA
"07","15","2013",0.8,2,NA
"07","16","2013",1.5,2,NA
"07","17","2013",11.3,1,NA
"07","18","2013",0,0,NA
"07","19","2013",0,0,NA
"07","20","2013",1,0,NA
"07","21","2013",0,0,NA
"07","22","2013",2.6,3,NA
"07","23","2013",0,6,NA
"07","24","2013",3.9,2,NA
"07","25","2013",1.8,3,NA
"07","26","2013",0,0,NA
"07","27","2013",0,0,NA
"07","28","2013",0.4,0,NA
"07","29","2013",0.4,0,NA
"07","30","2013",0.1,0,NA
"07","31","2013",0,0,NA
"08","01","2013",0,2,NA
"08","02","2013",9.9,0,NA
"08","03","2013",0,0,NA
"08","04","2013",0,2,NA
"08","05","2013",0.5,0,NA
"08","06","2013",0,0,NA
"08","07","2013",1,2,NA
"08","08","2013",9.4,1,NA
"08","09","2013",0.5,2,NA
"08","10","2013",1.6,3,NA
"08","11","2013",0.5,0,NA
"08","12","2013",0,0,NA
"08","13","2013",0.7,2,NA
"08","14","2013",6.2,4,NA
"08","15","2013",4.1,2,NA
"08","16","2013",0,3,NA
"08","17","2013",0,0,NA
"08","18","2013",0,0,NA
"08","19","2013",0,0,NA
"08","20","2013",0,2,NA
"08","21","2013",0,0,NA
"08","22","2013",0,0,NA
"08","23","2013",0,0,NA
"08","24","2013",0,0,NA
"08","25","2013",12.4,2,NA
"08","26","2013",0.9,0,NA
"08","27","2013",0.5,0,NA
"08","28","2013",4,0,NA
"08","29","2013",0,0,NA
"08","30","2013",0,0,NA
"08","31","2013",0.5,2,NA
"09","01","2013",0,0,NA
"09","02","2013",0,6,NA
"09","03","2013",0,0,NA
"09","04","2013",0.1,2,NA
"09","05","2013",0,0,NA
"09","06","2013",0,0,NA
"09","07","2013",0.1,3,NA
"09","08","2013",0,0,NA
"09","09","2013",1.4,0,NA
"09","10","2013",0.5,0,0
"09","11","2013",0,0,0
"09","12","2013",0,0,12.4
"09","13","2013",0,0,1.7
"09","14","2013",2,3,2.5
"09","15","2013",0.7,1,0
"09","16","2013",0,0,0
"09","17","2013",4.8,11,0
"09","18","2013",4,3,21.6
"09","19","2013",1,5,1.6
"09","20","2013",0,0,0
"09","21","2013",0,0,0
"09","22","2013",0,0,0
"09","23","2013",0,2,0
"09","24","2013",0,0,0
"09","25","2013",0,0,0
"09","26","2013",0,0,0
"09","27","2013",7,2,0
"09","28","2013",0,3,3.8
"09","29","2013",5.4,22,45.5
"09","30","2013",0,0,0
"10","01","2013",0,0,1.2
"10","02","2013",0.6,5,0
"10","03","2013",2.8,2,0.2
"10","04","2013",0,0,1.5
"10","05","2013",0,0,0
"10","06","2013",0,0,0
"10","07","2013",0.2,1,0.3
"10","08","2013",0,0,0
"10","09","2013",0.4,0,0
"10","10","2013",0,0,0
"10","11","2013",0,0,2.1
"10","12","2013",25.5,2,3.7
"10","13","2013",3.9,0,3.1
"10","14","2013",0.5,1,3.5
"10","15","2013",0,0,0
"10","16","2013",6.8,7,2.2
"10","17","2013",0.1,0,0
"10","18","2013",0.1,0,0
"10","19","2013",0,0,0
"10","20","2013",1.7,0,0
"10","21","2013",1.2,2,0
"10","22","2013",4.4,0,0
"10","23","2013",0.5,0,0
"10","24","2013",1.8,0,0
"10","25","2013",0,0,0
"10","26","2013",0,0,0
"10","27","2013",0,0,2.1
"10","28","2013",0,2,0
"10","29","2013",9.3,3,1.4
"10","30","2013",15,7,56.6
"10","31","2013",0,1,NA
"11","01","2013",0,0,NA
"11","02","2013",17.6,2,NA
"11","03","2013",24.6,17,NA
"11","04","2013",13,10,NA
"11","05","2013",0,0,NA
"11","06","2013",3.6,16,NA
"11","07","2013",12,4,NA
"11","08","2013",0,14,NA
"11","09","2013",0,0,NA
"11","10","2013",0.6,0,NA
"11","11","2013",0,0,NA
"11","12","2013",0,0,NA
"11","13","2013",3.8,4,NA
"11","14","2013",0.7,5,NA
"11","15","2013",0,0,NA
"11","16","2013",0,0,NA
"11","17","2013",57.9,0,NA
"11","18","2013",38.1,41,NA
"11","19","2013",7,5,NA
"11","20","2013",5.2,4,NA
"11","21","2013",0.4,18,NA
"11","22","2013",1,2,NA
"11","23","2013",16.2,21,NA
"11","24","2013",13.8,13,NA
"11","25","2013",1.5,0,NA
"11","26","2013",4.5,16,NA
"11","27","2013",3.6,2,NA
"11","28","2013",12.5,1,NA
"11","29","2013",13.7,22,NA
"11","30","2013",5.8,26,NA
"12","01","2013",10.4,9,9
"12","02","2013",0.5,2,12.3
"12","03","2013",55.5,0,11
"12","04","2013",0,0,9.4
"12","05","2013",0,0,0
"12","06","2013",0,0,0
"12","07","2013",0,2,0.9
"12","08","2013",1.1,0,2.4
"12","09","2013",0.5,0,0
"12","10","2013",0,0,0
"12","11","2013",0,0,0.1
"12","12","2013",0,1,0.5
"12","13","2013",1.4,0,0.5
"12","14","2013",0.1,0,0
"12","15","2013",0.7,0,0
"12","16","2013",0,0,1
"12","17","2013",17.2,3,68.6
"12","18","2013",8.5,1,1
"12","19","2013",39.3,2,0.3
"12","20","2013",5.7,0,0.6
"12","21","2013",12.5,21,11.2
"12","22","2013",0,0,0
"12","23","2013",0,0,0.1
"12","24","2013",3.2,0,0
"12","25","2013",11.2,0,0
"12","26","2013",0,0,0.3
"12","27","2013",0,0,NA
"12","28","2013",0,0,NA
"12","29","2013",0,0,0
"12","30","2013",0,0,0
"12","31","2013",0,0,0
