"month","day","year","21045010","21105040"
"01","01","2005",64,71
"01","02","2005",79,58
"01","03","2005",75,73
"01","04","2005",75,74
"01","05","2005",76,75
"01","06","2005",95,90
"01","07","2005",89,66
"01","08","2005",78,68
"01","09","2005",80,78
"01","10","2005",80,73
"01","11","2005",73,75
"01","12","2005",78,73
"01","13","2005",76,69
"01","14","2005",69,71
"01","15","2005",80,73
"01","16","2005",69,77
"01","17","2005",77,77
"01","18","2005",74,75
"01","19","2005",67,71
"01","20","2005",71,73
"01","21","2005",71,71
"01","22","2005",NA,71
"01","23","2005",70,67
"01","24","2005",75,68
"01","25","2005",73,70
"01","26","2005",69,62
"01","27","2005",NA,57
"01","28","2005",67,57
"01","29","2005",77,84
"01","30","2005",NA,90
"01","31","2005",69,74
"02","01","2005",NA,70
"02","02","2005",74,77
"02","03","2005",73,73
"02","04","2005",71,79
"02","05","2005",83,79
"02","06","2005",72,68
"02","07","2005",71,69
"02","08","2005",81,88
"02","09","2005",78,86
"02","10","2005",95,90
"02","11","2005",80,81
"02","12","2005",89,88
"02","13","2005",76,78
"02","14","2005",74,75
"02","15","2005",76,72
"02","16","2005",75,71
"02","17","2005",74,69
"02","18","2005",79,73
"02","19","2005",80,68
"02","20","2005",77,80
"02","21","2005",NA,67
"02","22","2005",73,73
"02","23","2005",NA,68
"02","24","2005",63,56
"02","25","2005",73,62
"02","26","2005",70,59
"02","27","2005",73,62
"02","28","2005",86,92
"03","01","2005",75,72
"03","02","2005",82,81
"03","03","2005",88,82
"03","04","2005",96,94
"03","05","2005",81,85
"03","06","2005",81,80
"03","07","2005",80,88
"03","08","2005",79,79
"03","09","2005",87,87
"03","10","2005",76,76
"03","11","2005",77,76
"03","12","2005",81,77
"03","13","2005",75,77
"03","14","2005",74,77
"03","15","2005",75,69
"03","16","2005",72,67
"03","17","2005",80,73
"03","18","2005",81,81
"03","19","2005",96,88
"03","20","2005",82,78
"03","21","2005",80,82
"03","22","2005",65,59
"03","23","2005",90,73
"03","24","2005",84,87
"03","25","2005",67,65
"03","26","2005",84,76
"03","27","2005",76,66
"03","28","2005",73,77
"03","29","2005",75,71
"03","30","2005",74,70
"03","31","2005",88,88
"04","01","2005",79,76
"04","02","2005",NA,70
"04","03","2005",NA,77
"04","04","2005",82,75
"04","05","2005",NA,77
"04","06","2005",NA,88
"04","07","2005",92,80
"04","08","2005",81,NA
"04","09","2005",86,81
"04","10","2005",NA,86
"04","11","2005",70,67
"04","12","2005",77,78
"04","13","2005",75,72
"04","14","2005",NA,72
"04","15","2005",77,65
"04","16","2005",74,65
"04","17","2005",90,83
"04","18","2005",NA,66
"04","19","2005",67,60
"04","20","2005",71,69
"04","21","2005",90,81
"04","22","2005",NA,69
"04","23","2005",93,93
"04","24","2005",80,83
"04","25","2005",72,79
"04","26","2005",84,88
"04","27","2005",80,75
"04","28","2005",75,80
"04","29","2005",NA,83
"04","30","2005",NA,87
"05","01","2005",79,68
"05","02","2005",68,74
"05","03","2005",75,77
"05","04","2005",91,83
"05","05","2005",83,81
"05","06","2005",79,75
"05","07","2005",76,71
"05","08","2005",80,77
"05","09","2005",79,93
"05","10","2005",75,80
"05","11","2005",80,83
"05","12","2005",80,78
"05","13","2005",78,70
"05","14","2005",81,91
"05","15","2005",78,82
"05","16","2005",80,89
"05","17","2005",68,90
"05","18","2005",78,81
"05","19","2005",76,89
"05","20","2005",72,75
"05","21","2005",71,78
"05","22","2005",78,72
"05","23","2005",89,87
"05","24","2005",79,86
"05","25","2005",79,78
"05","26","2005",80,79
"05","27","2005",77,69
"05","28","2005",68,80
"05","29","2005",81,80
"05","30","2005",74,80
"05","31","2005",87,90
"06","01","2005",82,74
"06","02","2005",80,71
"06","03","2005",78,74
"06","04","2005",80,73
"06","05","2005",86,77
"06","06","2005",90,81
"06","07","2005",81,74
"06","08","2005",NA,66
"06","09","2005",78,79
"06","10","2005",66,61
"06","11","2005",81,NA
"06","12","2005",70,NA
"06","13","2005",71,59
"06","14","2005",73,64
"06","15","2005",72,70
"06","16","2005",71,66
"06","17","2005",75,71
"06","18","2005",NA,75
"06","19","2005",NA,NA
"06","20","2005",NA,83
"06","21","2005",NA,68
"06","22","2005",NA,62
"06","23","2005",NA,69
"06","24","2005",68,66
"06","25","2005",NA,58
"06","26","2005",NA,NA
"06","27","2005",61,NA
"06","28","2005",NA,NA
"06","29","2005",78,94
"06","30","2005",NA,76
"07","01","2005",82,55
"07","02","2005",NA,69
"07","03","2005",NA,61
"07","04","2005",NA,74
"07","05","2005",NA,71
"07","06","2005",NA,86
"07","07","2005",NA,66
"07","08","2005",64,63
"07","09","2005",55,49
"07","10","2005",NA,49
"07","11","2005",54,56
"07","12","2005",56,57
"07","13","2005",NA,61
"07","14","2005",NA,64
"07","15","2005",NA,81
"07","16","2005",68,72
"07","17","2005",NA,73
"07","18","2005",NA,69
"07","19","2005",NA,69
"07","20","2005",NA,74
"07","21","2005",NA,63
"07","22","2005",NA,61
"07","23","2005",NA,57
"07","24","2005",NA,58
"07","25","2005",NA,56
"07","26","2005",NA,51
"07","27","2005",NA,60
"07","28","2005",NA,65
"07","29","2005",NA,56
"07","30","2005",NA,64
"07","31","2005",NA,64
"08","01","2005",NA,55
"08","02","2005",NA,68
"08","03","2005",NA,59
"08","04","2005",NA,63
"08","05","2005",NA,58
"08","06","2005",NA,54
"08","07","2005",NA,68
"08","08","2005",NA,74
"08","09","2005",NA,67
"08","10","2005",NA,55
"08","11","2005",NA,64
"08","12","2005",NA,58
"08","13","2005",NA,59
"08","14","2005",NA,51
"08","15","2005",NA,56
"08","16","2005",NA,59
"08","17","2005",NA,55
"08","18","2005",NA,65
"08","19","2005",NA,67
"08","20","2005",NA,49
"08","21","2005",NA,50
"08","22","2005",NA,57
"08","23","2005",NA,77
"08","24","2005",NA,85
"08","25","2005",NA,66
"08","26","2005",NA,51
"08","27","2005",NA,61
"08","28","2005",NA,65
"08","29","2005",NA,60
"08","30","2005",NA,61
"08","31","2005",NA,67
"09","01","2005",NA,NA
"09","02","2005",NA,NA
"09","03","2005",NA,NA
"09","04","2005",NA,NA
"09","05","2005",NA,NA
"09","06","2005",NA,NA
"09","07","2005",NA,NA
"09","08","2005",NA,67
"09","09","2005",NA,78
"09","10","2005",NA,61
"09","11","2005",NA,67
"09","12","2005",NA,NA
"09","13","2005",NA,71
"09","14","2005",NA,68
"09","15","2005",NA,48
"09","16","2005",NA,NA
"09","17","2005",NA,65
"09","18","2005",NA,57
"09","19","2005",NA,66
"09","20","2005",NA,56
"09","21","2005",NA,64
"09","22","2005",NA,76
"09","23","2005",NA,80
"09","24","2005",NA,NA
"09","25","2005",NA,70
"09","26","2005",NA,91
"09","27","2005",NA,67
"09","28","2005",NA,64
"09","29","2005",NA,61
"09","30","2005",NA,62
"10","01","2005",NA,75
"10","02","2005",NA,65
"10","03","2005",NA,NA
"10","04","2005",NA,61
"10","05","2005",NA,70
"10","06","2005",NA,76
"10","07","2005",NA,70
"10","08","2005",NA,55
"10","09","2005",NA,65
"10","10","2005",NA,67
"10","11","2005",NA,79
"10","12","2005",NA,60
"10","13","2005",NA,83
"10","14","2005",NA,72
"10","15","2005",NA,84
"10","16","2005",NA,76
"10","17","2005",65,74
"10","18","2005",64,68
"10","19","2005",NA,80
"10","20","2005",84,NA
"10","21","2005",NA,59
"10","22","2005",81,83
"10","23","2005",76,83
"10","24","2005",93,95
"10","25","2005",89,97
"10","26","2005",NA,77
"10","27","2005",84,82
"10","28","2005",91,92
"10","29","2005",73,81
"10","30","2005",81,82
"10","31","2005",84,89
"11","01","2005",76,75
"11","02","2005",75,68
"11","03","2005",73,68
"11","04","2005",82,89
"11","05","2005",68,68
"11","06","2005",NA,68
"11","07","2005",74,76
"11","08","2005",72,75
"11","09","2005",76,74
"11","10","2005",65,78
"11","11","2005",81,88
"11","12","2005",91,82
"11","13","2005",86,95
"11","14","2005",77,81
"11","15","2005",92,94
"11","16","2005",81,84
"11","17","2005",75,78
"11","18","2005",79,77
"11","19","2005",71,75
"11","20","2005",NA,78
"11","21","2005",84,83
"11","22","2005",92,88
"11","23","2005",82,87
"11","24","2005",78,78
"11","25","2005",79,78
"11","26","2005",81,75
"11","27","2005",NA,79
"11","28","2005",72,75
"11","29","2005",66,72
"11","30","2005",74,74
"12","01","2005",82,75
"12","02","2005",NA,77
"12","03","2005",NA,84
"12","04","2005",NA,86
"12","05","2005",87,88
"12","06","2005",87,86
"12","07","2005",NA,76
"12","08","2005",91,93
"12","09","2005",84,85
"12","10","2005",71,72
"12","11","2005",NA,73
"12","12","2005",82,82
"12","13","2005",82,78
"12","14","2005",83,88
"12","15","2005",78,82
"12","16","2005",86,76
"12","17","2005",88,89
"12","18","2005",NA,90
"12","19","2005",83,83
"12","20","2005",82,82
"12","21","2005",NA,81
"12","22","2005",NA,81
"12","23","2005",92,89
"12","24","2005",NA,92
"12","25","2005",81,88
"12","26","2005",78,82
"12","27","2005",78,81
"12","28","2005",76,81
"12","29","2005",73,73
"12","30","2005",70,75
"12","31","2005",NA,68
"01","01","2006",75,NA
"01","02","2006",85,76
"01","03","2006",78,84
"01","04","2006",74,79
"01","05","2006",84,80
"01","06","2006",86,85
"01","07","2006",92,86
"01","08","2006",NA,80
"01","09","2006",82,83
"01","10","2006",75,78
"01","11","2006",82,82
"01","12","2006",88,92
"01","13","2006",71,75
"01","14","2006",NA,68
"01","15","2006",NA,87
"01","16","2006",77,84
"01","17","2006",80,84
"01","18","2006",82,88
"01","19","2006",82,90
"01","20","2006",NA,76
"01","21","2006",75,71
"01","22","2006",NA,69
"01","23","2006",NA,72
"01","24","2006",NA,76
"01","25","2006",69,NA
"01","26","2006",70,NA
"01","27","2006",77,79
"01","28","2006",69,69
"01","29","2006",85,78
"01","30","2006",79,63
"01","31","2006",76,78
"02","01","2006",78,88
"02","02","2006",69,77
"02","03","2006",NA,73
"02","04","2006",87,94
"02","05","2006",81,88
"02","06","2006",70,82
"02","07","2006",80,77
"02","08","2006",75,75
"02","09","2006",77,72
"02","10","2006",81,73
"02","11","2006",NA,67
"02","12","2006",76,70
"02","13","2006",77,77
"02","14","2006",78,68
"02","15","2006",NA,NA
"02","16","2006",NA,NA
"02","17","2006",NA,61
"02","18","2006",NA,83
"02","19","2006",NA,83
"02","20","2006",85,83
"02","21","2006",77,84
"02","22","2006",74,65
"02","23","2006",NA,62
"02","24","2006",NA,65
"02","25","2006",82,69
"02","26","2006",NA,NA
"02","27","2006",79,79
"02","28","2006",78,88
"03","01","2006",70,NA
"03","02","2006",64,NA
"03","03","2006",NA,NA
"03","04","2006",85,77
"03","05","2006",NA,NA
"03","06","2006",78,80
"03","07","2006",81,96
"03","08","2006",83,82
"03","09","2006",87,NA
"03","10","2006",89,93
"03","11","2006",NA,73
"03","12","2006",NA,73
"03","13","2006",NA,80
"03","14","2006",89,89
"03","15","2006",NA,98
"03","16","2006",90,89
"03","17","2006",76,89
"03","18","2006",87,82
"03","19","2006",NA,80
"03","20","2006",71,77
"03","21","2006",80,77
"03","22","2006",81,80
"03","23","2006",76,75
"03","24","2006",NA,92
"03","25","2006",94,96
"03","26","2006",NA,84
"03","27","2006",NA,82
"03","28","2006",83,77
"03","29","2006",NA,81
"03","30","2006",75,NA
"03","31","2006",70,NA
"04","01","2006",76,79
"04","02","2006",95,91
"04","03","2006",82,72
"04","04","2006",75,83
"04","05","2006",91,83
"04","06","2006",88,84
"04","07","2006",80,82
"04","08","2006",83,79
"04","09","2006",NA,72
"04","10","2006",69,74
"04","11","2006",82,80
"04","12","2006",NA,88
"04","13","2006",86,85
"04","14","2006",81,83
"04","15","2006",72,77
"04","16","2006",80,82
"04","17","2006",82,79
"04","18","2006",68,73
"04","19","2006",72,74
"04","20","2006",85,81
"04","21","2006",NA,76
"04","22","2006",76,66
"04","23","2006",86,85
"04","24","2006",86,75
"04","25","2006",73,67
"04","26","2006",77,82
"04","27","2006",96,95
"04","28","2006",NA,69
"04","29","2006",71,86
"04","30","2006",79,74
"05","01","2006",71,86
"05","02","2006",86,85
"05","03","2006",75,NA
"05","04","2006",68,70
"05","05","2006",NA,76
"05","06","2006",71,72
"05","07","2006",84,74
"05","08","2006",89,81
"05","09","2006",70,75
"05","10","2006",69,77
"05","11","2006",NA,70
"05","12","2006",NA,NA
"05","13","2006",NA,55
"05","14","2006",63,62
"05","15","2006",NA,71
"05","16","2006",63,62
"05","17","2006",72,73
"05","18","2006",74,78
"05","19","2006",NA,70
"05","20","2006",NA,69
"05","21","2006",69,66
"05","22","2006",64,NA
"05","23","2006",NA,NA
"05","24","2006",70,72
"05","25","2006",79,73
"05","26","2006",90,71
"05","27","2006",65,64
"05","28","2006",64,64
"05","29","2006",82,77
"05","30","2006",67,65
"05","31","2006",74,62
"06","01","2006",82,75
"06","02","2006",NA,70
"06","03","2006",57,74
"06","04","2006",92,87
"06","05","2006",72,70
"06","06","2006",80,83
"06","07","2006",90,88
"06","08","2006",87,90
"06","09","2006",77,81
"06","10","2006",73,73
"06","11","2006",NA,86
"06","12","2006",78,78
"06","13","2006",NA,66
"06","14","2006",NA,65
"06","15","2006",72,68
"06","16","2006",77,67
"06","17","2006",76,76
"06","18","2006",86,72
"06","19","2006",67,68
"06","20","2006",65,66
"06","21","2006",73,60
"06","22","2006",79,87
"06","23","2006",NA,68
"06","24","2006",NA,NA
"06","25","2006",64,56
"06","26","2006",71,65
"06","27","2006",85,62
"06","28","2006",71,67
"06","29","2006",74,63
"06","30","2006",81,65
"07","01","2006",61,60
"07","02","2006",80,64
"07","03","2006",84,68
"07","04","2006",83,64
"07","05","2006",66,61
"07","06","2006",62,57
"07","07","2006",NA,54
"07","08","2006",64,60
"07","09","2006",NA,NA
"07","10","2006",NA,NA
"07","11","2006",62,61
"07","12","2006",62,53
"07","13","2006",NA,67
"07","14","2006",72,67
"07","15","2006",72,75
"07","16","2006",71,NA
"07","17","2006",NA,57
"07","18","2006",NA,54
"07","19","2006",NA,NA
"07","20","2006",NA,53
"07","21","2006",67,58
"07","22","2006",82,73
"07","23","2006",73,65
"07","24","2006",77,76
"07","25","2006",75,60
"07","26","2006",NA,55
"07","27","2006",NA,63
"07","28","2006",84,91
"07","29","2006",NA,77
"07","30","2006",70,67
"07","31","2006",72,57
"08","01","2006",73,64
"08","02","2006",78,NA
"08","03","2006",NA,NA
"08","04","2006",67,57
"08","05","2006",62,61
"08","06","2006",NA,55
"08","07","2006",58,58
"08","08","2006",63,59
"08","09","2006",57,52
"08","10","2006",NA,NA
"08","11","2006",67,52
"08","12","2006",NA,NA
"08","13","2006",NA,NA
"08","14","2006",56,46
"08","15","2006",67,61
"08","16","2006",67,NA
"08","17","2006",77,57
"08","18","2006",66,55
"08","19","2006",NA,60
"08","20","2006",NA,54
"08","21","2006",NA,71
"08","22","2006",69,56
"08","23","2006",61,NA
"08","24","2006",NA,54
"08","25","2006",65,54
"08","26","2006",NA,NA
"08","27","2006",73,NA
"08","28","2006",75,NA
"08","29","2006",71,NA
"08","30","2006",58,51
"08","31","2006",NA,NA
"09","01","2006",70,51
"09","02","2006",71,51
"09","03","2006",NA,65
"09","04","2006",66,50
"09","05","2006",70,62
"09","06","2006",64,60
"09","07","2006",63,62
"09","08","2006",58,54
"09","09","2006",NA,53
"09","10","2006",NA,NA
"09","11","2006",70,59
"09","12","2006",NA,52
"09","13","2006",66,60
"09","14","2006",58,51
"09","15","2006",65,57
"09","16","2006",62,NA
"09","17","2006",71,65
"09","18","2006",NA,NA
"09","19","2006",NA,64
"09","20","2006",59,52
"09","21","2006",NA,51
"09","22","2006",59,57
"09","23","2006",66,65
"09","24","2006",80,64
"09","25","2006",72,NA
"09","26","2006",NA,80
"09","27","2006",63,47
"09","28","2006",59,55
"09","29","2006",NA,NA
"09","30","2006",77,NA
"10","01","2006",66,56
"10","02","2006",65,75
"10","03","2006",59,NA
"10","04","2006",75,63
"10","05","2006",68,54
"10","06","2006",NA,52
"10","07","2006",64,52
"10","08","2006",NA,NA
"10","09","2006",67,52
"10","10","2006",58,51
"10","11","2006",NA,66
"10","12","2006",70,67
"10","13","2006",77,82
"10","14","2006",82,75
"10","15","2006",79,89
"10","16","2006",68,75
"10","17","2006",78,87
"10","18","2006",69,65
"10","19","2006",71,78
"10","20","2006",79,83
"10","21","2006",85,77
"10","22","2006",89,86
"10","23","2006",85,85
"10","24","2006",70,62
"10","25","2006",68,58
"10","26","2006",81,77
"10","27","2006",74,67
"10","28","2006",71,63
"10","29","2006",70,79
"10","30","2006",77,80
"10","31","2006",83,75
"11","01","2006",73,76
"11","02","2006",80,70
"11","03","2006",80,84
"11","04","2006",NA,69
"11","05","2006",71,68
"11","06","2006",81,75
"11","07","2006",79,81
"11","08","2006",95,87
"11","09","2006",75,76
"11","10","2006",76,85
"11","11","2006",74,69
"11","12","2006",87,95
"11","13","2006",78,78
"11","14","2006",85,87
"11","15","2006",95,98
"11","16","2006",83,NA
"11","17","2006",77,89
"11","18","2006",NA,78
"11","19","2006",85,83
"11","20","2006",94,86
"11","21","2006",71,65
"11","22","2006",77,78
"11","23","2006",NA,74
"11","24","2006",81,81
"11","25","2006",75,74
"11","26","2006",83,85
"11","27","2006",84,76
"11","28","2006",71,68
"11","29","2006",76,79
"11","30","2006",72,69
"12","01","2006",75,NA
"12","02","2006",76,80
"12","03","2006",75,77
"12","04","2006",75,75
"12","05","2006",87,81
"12","06","2006",87,78
"12","07","2006",92,91
"12","08","2006",82,80
"12","09","2006",87,91
"12","10","2006",84,83
"12","11","2006",80,80
"12","12","2006",88,94
"12","13","2006",79,81
"12","14","2006",78,79
"12","15","2006",76,81
"12","16","2006",NA,78
"12","17","2006",77,83
"12","18","2006",74,76
"12","19","2006",79,NA
"12","20","2006",70,82
"12","21","2006",78,84
"12","22","2006",90,82
"12","23","2006",81,77
"12","24","2006",70,66
"12","25","2006",73,68
"12","26","2006",77,75
"12","27","2006",75,82
"12","28","2006",81,78
"12","29","2006",81,70
"12","30","2006",76,62
"12","31","2006",76,NA
"01","01","2007",67,NA
"01","02","2007",68,57
"01","03","2007",NA,54
"01","04","2007",NA,62
"01","05","2007",65,62
"01","06","2007",70,54
"01","07","2007",NA,54
"01","08","2007",63,73
"01","09","2007",68,75
"01","10","2007",74,77
"01","11","2007",NA,61
"01","12","2007",NA,63
"01","13","2007",71,65
"01","14","2007",70,66
"01","15","2007",67,61
"01","16","2007",62,50
"01","17","2007",NA,61
"01","18","2007",80,77
"01","19","2007",77,NA
"01","20","2007",78,73
"01","21","2007",71,68
"01","22","2007",68,66
"01","23","2007",65,60
"01","24","2007",68,59
"01","25","2007",71,70
"01","26","2007",86,89
"01","27","2007",81,75
"01","28","2007",NA,61
"01","29","2007",NA,62
"01","30","2007",NA,52
"01","31","2007",NA,67
"02","01","2007",60,58
"02","02","2007",NA,58
"02","03","2007",62,47
"02","04","2007",NA,51
"02","05","2007",NA,55
"02","06","2007",NA,58
"02","07","2007",NA,59
"02","08","2007",62,58
"02","09","2007",64,NA
"02","10","2007",67,72
"02","11","2007",NA,NA
"02","12","2007",61,NA
"02","13","2007",61,NA
"02","14","2007",75,84
"02","15","2007",70,77
"02","16","2007",NA,67
"02","17","2007",68,68
"02","18","2007",69,68
"02","19","2007",73,66
"02","20","2007",66,63
"02","21","2007",60,61
"02","22","2007",62,NA
"02","23","2007",NA,46
"02","24","2007",66,56
"02","25","2007",72,66
"02","26","2007",79,73
"02","27","2007",NA,NA
"02","28","2007",NA,NA
"03","01","2007",NA,60
"03","02","2007",NA,53
"03","03","2007",NA,53
"03","04","2007",88,80
"03","05","2007",73,62
"03","06","2007",NA,62
"03","07","2007",95,76
"03","08","2007",71,65
"03","09","2007",70,72
"03","10","2007",72,75
"03","11","2007",NA,53
"03","12","2007",60,NA
"03","13","2007",70,62
"03","14","2007",80,76
"03","15","2007",70,68
"03","16","2007",76,75
"03","17","2007",60,63
"03","18","2007",81,93
"03","19","2007",79,NA
"03","20","2007",69,77
"03","21","2007",67,61
"03","22","2007",NA,69
"03","23","2007",74,77
"03","24","2007",84,86
"03","25","2007",96,90
"03","26","2007",72,70
"03","27","2007",NA,77
"03","28","2007",79,95
"03","29","2007",82,94
"03","30","2007",86,87
"03","31","2007",65,74
"04","01","2007",66,74
"04","02","2007",78,NA
"04","03","2007",NA,66
"04","04","2007",76,87
"04","05","2007",85,82
"04","06","2007",89,92
"04","07","2007",73,74
"04","08","2007",89,78
"04","09","2007",90,77
"04","10","2007",71,63
"04","11","2007",72,74
"04","12","2007",NA,67
"04","13","2007",92,79
"04","14","2007",84,88
"04","15","2007",73,67
"04","16","2007",85,87
"04","17","2007",71,75
"04","18","2007",66,71
"04","19","2007",73,78
"04","20","2007",78,80
"04","21","2007",81,84
"04","22","2007",70,80
"04","23","2007",78,89
"04","24","2007",78,87
"04","25","2007",83,86
"04","26","2007",86,NA
"04","27","2007",78,NA
"04","28","2007",90,92
"04","29","2007",79,82
"04","30","2007",71,74
"05","01","2007",81,78
"05","02","2007",75,72
"05","03","2007",73,77
"05","04","2007",69,80
"05","05","2007",65,68
"05","06","2007",71,73
"05","07","2007",64,82
"05","08","2007",77,79
"05","09","2007",82,78
"05","10","2007",98,86
"05","11","2007",NA,72
"05","12","2007",NA,81
"05","13","2007",NA,NA
"05","14","2007",67,61
"05","15","2007",79,82
"05","16","2007",75,NA
"05","17","2007",71,66
"05","18","2007",86,90
"05","19","2007",69,82
"05","20","2007",73,75
"05","21","2007",NA,82
"05","22","2007",87,90
"05","23","2007",72,71
"05","24","2007",76,73
"05","25","2007",95,92
"05","26","2007",87,84
"05","27","2007",80,75
"05","28","2007",NA,83
"05","29","2007",79,82
"05","30","2007",80,81
"05","31","2007",87,90
"06","01","2007",NA,83
"06","02","2007",96,91
"06","03","2007",67,89
"06","04","2007",67,75
"06","05","2007",NA,71
"06","06","2007",NA,68
"06","07","2007",75,68
"06","08","2007",74,74
"06","09","2007",69,71
"06","10","2007",77,76
"06","11","2007",82,82
"06","12","2007",75,72
"06","13","2007",85,NA
"06","14","2007",75,79
"06","15","2007",85,76
"06","16","2007",75,77
"06","17","2007",69,64
"06","18","2007",73,62
"06","19","2007",68,71
"06","20","2007",79,66
"06","21","2007",80,73
"06","22","2007",93,91
"06","23","2007",87,93
"06","24","2007",NA,88
"06","25","2007",NA,77
"06","26","2007",75,74
"06","27","2007",71,74
"06","28","2007",63,NA
"06","29","2007",NA,61
"06","30","2007",NA,54
"07","01","2007",59,57
"07","02","2007",68,66
"07","03","2007",59,60
"07","04","2007",63,61
"07","05","2007",67,57
"07","06","2007",67,62
"07","07","2007",70,66
"07","08","2007",68,63
"07","09","2007",59,76
"07","10","2007",58,67
"07","11","2007",73,NA
"07","12","2007",51,66
"07","13","2007",NA,58
"07","14","2007",72,65
"07","15","2007",NA,57
"07","16","2007",71,62
"07","17","2007",58,63
"07","18","2007",NA,62
"07","19","2007",57,72
"07","20","2007",78,73
"07","21","2007",NA,66
"07","22","2007",NA,68
"07","23","2007",66,80
"07","24","2007",68,80
"07","25","2007",82,81
"07","26","2007",59,62
"07","27","2007",78,78
"07","28","2007",NA,51
"07","29","2007",59,53
"07","30","2007",NA,50
"07","31","2007",51,51
"08","01","2007",55,56
"08","02","2007",59,56
"08","03","2007",79,NA
"08","04","2007",69,58
"08","05","2007",81,76
"08","06","2007",59,72
"08","07","2007",70,62
"08","08","2007",65,59
"08","09","2007",59,59
"08","10","2007",58,56
"08","11","2007",66,57
"08","12","2007",65,63
"08","13","2007",61,66
"08","14","2007",65,66
"08","15","2007",72,77
"08","16","2007",60,60
"08","17","2007",66,52
"08","18","2007",68,53
"08","19","2007",NA,47
"08","20","2007",78,65
"08","21","2007",NA,64
"08","22","2007",64,61
"08","23","2007",56,57
"08","24","2007",48,53
"08","25","2007",NA,77
"08","26","2007",73,80
"08","27","2007",67,69
"08","28","2007",62,52
"08","29","2007",76,68
"08","30","2007",59,62
"08","31","2007",53,59
"09","01","2007",58,59
"09","02","2007",63,55
"09","03","2007",63,53
"09","04","2007",64,59
"09","05","2007",NA,56
"09","06","2007",60,61
"09","07","2007",68,56
"09","08","2007",59,50
"09","09","2007",NA,58
"09","10","2007",53,43
"09","11","2007",63,51
"09","12","2007",58,49
"09","13","2007",70,76
"09","14","2007",61,48
"09","15","2007",86,63
"09","16","2007",78,62
"09","17","2007",68,NA
"09","18","2007",61,NA
"09","19","2007",64,55
"09","20","2007",60,48
"09","21","2007",62,61
"09","22","2007",63,43
"09","23","2007",61,66
"09","24","2007",68,67
"09","25","2007",58,68
"09","26","2007",61,54
"09","27","2007",53,43
"09","28","2007",57,NA
"09","29","2007",67,60
"09","30","2007",NA,NA
"10","01","2007",NA,NA
"10","02","2007",50,43
"10","03","2007",62,54
"10","04","2007",56,50
"10","05","2007",65,69
"10","06","2007",55,65
"10","07","2007",NA,NA
"10","08","2007",59,69
"10","09","2007",91,96
"10","10","2007",71,68
"10","11","2007",74,78
"10","12","2007",67,81
"10","13","2007",NA,70
"10","14","2007",74,78
"10","15","2007",75,77
"10","16","2007",79,79
"10","17","2007",69,66
"10","18","2007",75,87
"10","19","2007",72,72
"10","20","2007",83,84
"10","21","2007",87,88
"10","22","2007",NA,77
"10","23","2007",68,65
"10","24","2007",62,66
"10","25","2007",67,75
"10","26","2007",70,79
"10","27","2007",72,71
"10","28","2007",87,87
"10","29","2007",69,76
"10","30","2007",84,89
"10","31","2007",74,82
"11","01","2007",81,NA
"11","02","2007",78,81
"11","03","2007",79,78
"11","04","2007",83,84
"11","05","2007",82,81
"11","06","2007",84,83
"11","07","2007",72,76
"11","08","2007",74,79
"11","09","2007",81,91
"11","10","2007",74,77
"11","11","2007",NA,79
"11","12","2007",87,85
"11","13","2007",77,82
"11","14","2007",82,79
"11","15","2007",77,NA
"11","16","2007",80,76
"11","17","2007",82,69
"11","18","2007",79,NA
"11","19","2007",75,65
"11","20","2007",86,66
"11","21","2007",NA,76
"11","22","2007",81,75
"11","23","2007",69,76
"11","24","2007",82,84
"11","25","2007",79,78
"11","26","2007",67,59
"11","27","2007",63,57
"11","28","2007",78,83
"11","29","2007",79,83
"11","30","2007",86,81
"12","01","2007",83,80
"12","02","2007",NA,76
"12","03","2007",79,79
"12","04","2007",75,77
"12","05","2007",NA,78
"12","06","2007",72,71
"12","07","2007",67,74
"12","08","2007",76,67
"12","09","2007",87,75
"12","10","2007",76,74
"12","11","2007",82,82
"12","12","2007",81,81
"12","13","2007",91,89
"12","14","2007",78,84
"12","15","2007",84,81
"12","16","2007",83,85
"12","17","2007",90,87
"12","18","2007",80,85
"12","19","2007",82,81
"12","20","2007",73,79
"12","21","2007",94,84
"12","22","2007",85,84
"12","23","2007",80,79
"12","24","2007",77,76
"12","25","2007",NA,77
"12","26","2007",84,83
"12","27","2007",75,82
"12","28","2007",81,82
"12","29","2007",75,61
"12","30","2007",85,NA
"12","31","2007",NA,78
"01","01","2008",NA,76
"01","02","2008",72,71
"01","03","2008",75,74
"01","04","2008",73,68
"01","05","2008",76,71
"01","06","2008",79,63
"01","07","2008",78,65
"01","08","2008",78,87
"01","09","2008",85,89
"01","10","2008",77,79
"01","11","2008",70,72
"01","12","2008",NA,73
"01","13","2008",NA,70
"01","14","2008",82,78
"01","15","2008",80,80
"01","16","2008",NA,87
"01","17","2008",74,80
"01","18","2008",75,NA
"01","19","2008",84,63
"01","20","2008",75,63
"01","21","2008",74,74
"01","22","2008",NA,61
"01","23","2008",64,62
"01","24","2008",NA,71
"01","25","2008",NA,NA
"01","26","2008",NA,NA
"01","27","2008",84,NA
"01","28","2008",NA,NA
"01","29","2008",78,NA
"01","30","2008",72,NA
"01","31","2008",63,NA
"02","01","2008",NA,58
"02","02","2008",NA,62
"02","03","2008",NA,64
"02","04","2008",75,67
"02","05","2008",76,64
"02","06","2008",NA,66
"02","07","2008",66,55
"02","08","2008",NA,57
"02","09","2008",66,58
"02","10","2008",86,68
"02","11","2008",77,75
"02","12","2008",NA,69
"02","13","2008",81,72
"02","14","2008",79,55
"02","15","2008",NA,61
"02","16","2008",80,68
"02","17","2008",83,72
"02","18","2008",87,85
"02","19","2008",88,88
"02","20","2008",85,85
"02","21","2008",82,84
"02","22","2008",82,76
"02","23","2008",84,89
"02","24","2008",82,77
"02","25","2008",78,79
"02","26","2008",82,84
"02","27","2008",81,74
"02","28","2008",89,87
"02","29","2008",75,72
"03","01","2008",78,67
"03","02","2008",74,67
"03","03","2008",72,70
"03","04","2008",72,70
"03","05","2008",79,80
"03","06","2008",89,78
"03","07","2008",87,77
"03","08","2008",81,86
"03","09","2008",83,87
"03","10","2008",81,75
"03","11","2008",79,87
"03","12","2008",78,80
"03","13","2008",96,89
"03","14","2008",86,91
"03","15","2008",83,82
"03","16","2008",74,68
"03","17","2008",93,82
"03","18","2008",83,78
"03","19","2008",NA,65
"03","20","2008",NA,64
"03","21","2008",83,72
"03","22","2008",82,61
"03","23","2008",84,64
"03","24","2008",NA,70
"03","25","2008",72,73
"03","26","2008",71,62
"03","27","2008",79,59
"03","28","2008",68,77
"03","29","2008",80,81
"03","30","2008",NA,87
"03","31","2008",NA,87
"04","01","2008",82,88
"04","02","2008",77,77
"04","03","2008",70,73
"04","04","2008",70,68
"04","05","2008",74,80
"04","06","2008",78,70
"04","07","2008",84,84
"04","08","2008",77,73
"04","09","2008",86,93
"04","10","2008",86,92
"04","11","2008",88,88
"04","12","2008",77,77
"04","13","2008",NA,90
"04","14","2008",84,86
"04","15","2008",88,87
"04","16","2008",78,70
"04","17","2008",72,67
"04","18","2008",82,76
"04","19","2008",80,70
"04","20","2008",74,72
"04","21","2008",85,83
"04","22","2008",76,75
"04","23","2008",73,67
"04","24","2008",87,87
"04","25","2008",74,78
"04","26","2008",NA,84
"04","27","2008",87,87
"04","28","2008",79,78
"04","29","2008",76,67
"04","30","2008",77,89
"05","01","2008",NA,87
"05","02","2008",86,84
"05","03","2008",76,83
"05","04","2008",88,81
"05","05","2008",66,67
"05","06","2008",68,65
"05","07","2008",73,61
"05","08","2008",84,74
"05","09","2008",89,82
"05","10","2008",73,66
"05","11","2008",73,69
"05","12","2008",66,61
"05","13","2008",77,67
"05","14","2008",70,61
"05","15","2008",76,66
"05","16","2008",NA,71
"05","17","2008",90,76
"05","18","2008",NA,73
"05","19","2008",74,71
"05","20","2008",78,90
"05","21","2008",86,86
"05","22","2008",82,76
"05","23","2008",85,84
"05","24","2008",75,77
"05","25","2008",84,82
"05","26","2008",NA,81
"05","27","2008",84,94
"05","28","2008",91,NA
"05","29","2008",89,86
"05","30","2008",85,91
"05","31","2008",84,85
"06","01","2008",NA,63
"06","02","2008",82,78
"06","03","2008",78,77
"06","04","2008",68,78
"06","05","2008",72,65
"06","06","2008",81,80
"06","07","2008",72,76
"06","08","2008",74,70
"06","09","2008",NA,65
"06","10","2008",82,81
"06","11","2008",79,68
"06","12","2008",76,NA
"06","13","2008",NA,59
"06","14","2008",81,68
"06","15","2008",83,77
"06","16","2008",79,76
"06","17","2008",76,85
"06","18","2008",70,66
"06","19","2008",76,69
"06","20","2008",81,68
"06","21","2008",81,74
"06","22","2008",NA,67
"06","23","2008",84,71
"06","24","2008",NA,90
"06","25","2008",NA,74
"06","26","2008",NA,70
"06","27","2008",81,71
"06","28","2008",83,61
"06","29","2008",84,62
"06","30","2008",86,NA
"07","01","2008",89,70
"07","02","2008",71,67
"07","03","2008",NA,78
"07","04","2008",79,67
"07","05","2008",61,58
"07","06","2008",NA,62
"07","07","2008",65,69
"07","08","2008",81,70
"07","09","2008",83,74
"07","10","2008",87,87
"07","11","2008",70,66
"07","12","2008",79,67
"07","13","2008",NA,55
"07","14","2008",NA,81
"07","15","2008",73,69
"07","16","2008",72,65
"07","17","2008",58,NA
"07","18","2008",65,72
"07","19","2008",80,75
"07","20","2008",NA,72
"07","21","2008",73,64
"07","22","2008",65,60
"07","23","2008",66,56
"07","24","2008",72,65
"07","25","2008",NA,66
"07","26","2008",NA,73
"07","27","2008",NA,64
"07","28","2008",NA,64
"07","29","2008",77,63
"07","30","2008",69,60
"07","31","2008",74,63
"08","01","2008",NA,67
"08","02","2008",NA,70
"08","03","2008",72,64
"08","04","2008",NA,63
"08","05","2008",NA,56
"08","06","2008",91,69
"08","07","2008",70,58
"08","08","2008",76,60
"08","09","2008",75,59
"08","10","2008",75,66
"08","11","2008",NA,NA
"08","12","2008",67,NA
"08","13","2008",90,73
"08","14","2008",NA,73
"08","15","2008",65,55
"08","16","2008",69,60
"08","17","2008",NA,80
"08","18","2008",88,92
"08","19","2008",76,73
"08","20","2008",66,66
"08","21","2008",71,73
"08","22","2008",NA,73
"08","23","2008",73,71
"08","24","2008",NA,71
"08","25","2008",74,63
"08","26","2008",77,52
"08","27","2008",NA,63
"08","28","2008",NA,65
"08","29","2008",NA,83
"08","30","2008",NA,72
"08","31","2008",NA,66
"09","01","2008",66,62
"09","02","2008",60,62
"09","03","2008",64,74
"09","04","2008",76,80
"09","05","2008",73,81
"09","06","2008",68,59
"09","07","2008",71,68
"09","08","2008",NA,69
"09","09","2008",75,74
"09","10","2008",64,62
"09","11","2008",65,59
"09","12","2008",55,47
"09","13","2008",61,57
"09","14","2008",62,NA
"09","15","2008",NA,72
"09","16","2008",NA,81
"09","17","2008",NA,68
"09","18","2008",NA,59
"09","19","2008",NA,82
"09","20","2008",NA,76
"09","21","2008",NA,60
"09","22","2008",NA,83
"09","23","2008",NA,59
"09","24","2008",NA,62
"09","25","2008",NA,78
"09","26","2008",NA,63
"09","27","2008",65,60
"09","28","2008",63,60
"09","29","2008",67,74
"09","30","2008",NA,NA
"10","01","2008",72,70
"10","02","2008",62,70
"10","03","2008",62,74
"10","04","2008",67,75
"10","05","2008",NA,78
"10","06","2008",81,85
"10","07","2008",86,81
"10","08","2008",86,68
"10","09","2008",NA,63
"10","10","2008",NA,64
"10","11","2008",NA,75
"10","12","2008",79,87
"10","13","2008",97,82
"10","14","2008",NA,91
"10","15","2008",NA,72
"10","16","2008",NA,81
"10","17","2008",78,69
"10","18","2008",NA,61
"10","19","2008",71,64
"10","20","2008",86,79
"10","21","2008",70,62
"10","22","2008",72,68
"10","23","2008",75,62
"10","24","2008",74,59
"10","25","2008",NA,NA
"10","26","2008",69,74
"10","27","2008",91,75
"10","28","2008",74,77
"10","29","2008",84,78
"10","30","2008",NA,70
"10","31","2008",70,73
"11","01","2008",88,80
"11","02","2008",76,80
"11","03","2008",83,85
"11","04","2008",83,82
"11","05","2008",75,75
"11","06","2008",NA,NA
"11","07","2008",NA,68
"11","08","2008",75,75
"11","09","2008",83,80
"11","10","2008",70,67
"11","11","2008",70,68
"11","12","2008",72,83
"11","13","2008",80,87
"11","14","2008",81,88
"11","15","2008",87,94
"11","16","2008",NA,85
"11","17","2008",83,83
"11","18","2008",83,90
"11","19","2008",85,84
"11","20","2008",87,88
"11","21","2008",93,94
"11","22","2008",82,81
"11","23","2008",84,91
"11","24","2008",76,74
"11","25","2008",77,90
"11","26","2008",94,98
"11","27","2008",80,79
"11","28","2008",82,NA
"11","29","2008",85,NA
"11","30","2008",81,81
"12","01","2008",87,NA
"12","02","2008",95,93
"12","03","2008",89,81
"12","04","2008",91,83
"12","05","2008",81,82
"12","06","2008",85,76
"12","07","2008",84,81
"12","08","2008",84,85
"12","09","2008",77,69
"12","10","2008",74,74
"12","11","2008",93,72
"12","12","2008",77,81
"12","13","2008",78,79
"12","14","2008",76,75
"12","15","2008",85,85
"12","16","2008",81,79
"12","17","2008",71,74
"12","18","2008",83,77
"12","19","2008",87,81
"12","20","2008",95,84
"12","21","2008",84,78
"12","22","2008",86,79
"12","23","2008",89,87
"12","24","2008",83,71
"12","25","2008",85,82
"12","26","2008",NA,77
"12","27","2008",80,74
"12","28","2008",75,69
"12","29","2008",82,67
"12","30","2008",78,70
"12","31","2008",91,80
"01","01","2009",82,79
"01","02","2009",79,78
"01","03","2009",85,79
"01","04","2009",NA,68
"01","05","2009",81,77
"01","06","2009",78,84
"01","07","2009",82,NA
"01","08","2009",84,81
"01","09","2009",84,88
"01","10","2009",80,NA
"01","11","2009",85,71
"01","12","2009",81,71
"01","13","2009",NA,75
"01","14","2009",68,63
"01","15","2009",76,78
"01","16","2009",84,77
"01","17","2009",81,86
"01","18","2009",81,79
"01","19","2009",89,91
"01","20","2009",89,88
"01","21","2009",85,73
"01","22","2009",79,74
"01","23","2009",80,86
"01","24","2009",NA,78
"01","25","2009",89,83
"01","26","2009",78,78
"01","27","2009",81,73
"01","28","2009",74,65
"01","29","2009",82,NA
"01","30","2009",79,77
"01","31","2009",85,87
"02","01","2009",81,72
"02","02","2009",80,NA
"02","03","2009",76,67
"02","04","2009",73,76
"02","05","2009",85,79
"02","06","2009",76,67
"02","07","2009",72,78
"02","08","2009",71,68
"02","09","2009",77,73
"02","10","2009",65,68
"02","11","2009",85,83
"02","12","2009",82,78
"02","13","2009",75,70
"02","14","2009",82,91
"02","15","2009",NA,83
"02","16","2009",88,85
"02","17","2009",77,75
"02","18","2009",76,70
"02","19","2009",85,84
"02","20","2009",76,78
"02","21","2009",75,75
"02","22","2009",67,NA
"02","23","2009",76,70
"02","24","2009",72,77
"02","25","2009",79,78
"02","26","2009",73,82
"02","27","2009",82,78
"02","28","2009",79,69
"03","01","2009",93,82
"03","02","2009",80,72
"03","03","2009",91,90
"03","04","2009",94,88
"03","05","2009",79,70
"03","06","2009",83,74
"03","07","2009",84,67
"03","08","2009",78,70
"03","09","2009",78,65
"03","10","2009",78,77
"03","11","2009",81,80
"03","12","2009",76,79
"03","13","2009",78,77
"03","14","2009",86,83
"03","15","2009",86,93
"03","16","2009",82,NA
"03","17","2009",85,NA
"03","18","2009",87,83
"03","19","2009",94,93
"03","20","2009",84,87
"03","21","2009",84,86
"03","22","2009",82,79
"03","23","2009",91,93
"03","24","2009",85,76
"03","25","2009",89,94
"03","26","2009",82,NA
"03","27","2009",87,94
"03","28","2009",82,90
"03","29","2009",77,93
"03","30","2009",78,NA
"03","31","2009",83,NA
"04","01","2009",84,NA
"04","02","2009",80,NA
"04","03","2009",76,NA
"04","04","2009",82,NA
"04","05","2009",82,NA
"04","06","2009",79,NA
"04","07","2009",84,NA
"04","08","2009",96,99
"04","09","2009",83,NA
"04","10","2009",83,NA
"04","11","2009",77,80
"04","12","2009",91,95
"04","13","2009",78,80
"04","14","2009",84,76
"04","15","2009",92,86
"04","16","2009",82,78
"04","17","2009",81,NA
"04","18","2009",83,NA
"04","19","2009",76,NA
"04","20","2009",70,NA
"04","21","2009",84,80
"04","22","2009",78,NA
"04","23","2009",74,67
"04","24","2009",75,73
"04","25","2009",81,68
"04","26","2009",84,65
"04","27","2009",83,76
"04","28","2009",73,67
"04","29","2009",75,80
"04","30","2009",92,91
"05","01","2009",79,76
"05","02","2009",74,NA
"05","03","2009",82,NA
"05","04","2009",86,87
"05","05","2009",77,76
"05","06","2009",84,84
"05","07","2009",79,NA
"05","08","2009",69,NA
"05","09","2009",84,NA
"05","10","2009",74,NA
"05","11","2009",80,NA
"05","12","2009",75,NA
"05","13","2009",84,81
"05","14","2009",86,80
"05","15","2009",73,76
"05","16","2009",84,74
"05","17","2009",78,NA
"05","18","2009",74,67
"05","19","2009",88,79
"05","20","2009",79,71
"05","21","2009",76,73
"05","22","2009",73,74
"05","23","2009",76,63
"05","24","2009",77,71
"05","25","2009",75,65
"05","26","2009",69,NA
"05","27","2009",77,65
"05","28","2009",84,72
"05","29","2009",83,69
"05","30","2009",75,61
"05","31","2009",70,59
"06","01","2009",70,65
"06","02","2009",74,54
"06","03","2009",79,76
"06","04","2009",69,73
"06","05","2009",67,74
"06","06","2009",84,63
"06","07","2009",78,71
"06","08","2009",76,70
"06","09","2009",62,57
"06","10","2009",80,83
"06","11","2009",72,69
"06","12","2009",68,66
"06","13","2009",93,86
"06","14","2009",73,84
"06","15","2009",78,76
"06","16","2009",72,75
"06","17","2009",73,71
"06","18","2009",78,67
"06","19","2009",71,64
"06","20","2009",75,71
"06","21","2009",73,66
"06","22","2009",94,87
"06","23","2009",82,76
"06","24","2009",75,72
"06","25","2009",71,63
"06","26","2009",67,60
"06","27","2009",79,NA
"06","28","2009",70,65
"06","29","2009",70,62
"06","30","2009",71,NA
"07","01","2009",85,75
"07","02","2009",84,NA
"07","03","2009",80,71
"07","04","2009",66,63
"07","05","2009",65,59
"07","06","2009",74,65
"07","07","2009",70,55
"07","08","2009",76,80
"07","09","2009",70,69
"07","10","2009",65,58
"07","11","2009",65,60
"07","12","2009",66,58
"07","13","2009",62,52
"07","14","2009",83,73
"07","15","2009",78,69
"07","16","2009",NA,60
"07","17","2009",64,57
"07","18","2009",82,61
"07","19","2009",79,73
"07","20","2009",82,68
"07","21","2009",68,59
"07","22","2009",70,70
"07","23","2009",77,78
"07","24","2009",71,65
"07","25","2009",68,61
"07","26","2009",62,53
"07","27","2009",83,66
"07","28","2009",68,53
"07","29","2009",60,NA
"07","30","2009",55,53
"07","31","2009",69,54
"08","01","2009",61,NA
"08","02","2009",63,NA
"08","03","2009",65,NA
"08","04","2009",69,NA
"08","05","2009",79,NA
"08","06","2009",84,NA
"08","07","2009",71,NA
"08","08","2009",74,NA
"08","09","2009",71,NA
"08","10","2009",68,NA
"08","11","2009",79,NA
"08","12","2009",62,NA
"08","13","2009",NA,NA
"08","14","2009",61,NA
"08","15","2009",58,NA
"08","16","2009",59,NA
"08","17","2009",78,NA
"08","18","2009",74,NA
"08","19","2009",69,NA
"08","20","2009",68,NA
"08","21","2009",77,NA
"08","22","2009",NA,NA
"08","23","2009",63,NA
"08","24","2009",65,NA
"08","25","2009",90,NA
"08","26","2009",76,NA
"08","27","2009",64,NA
"08","28","2009",81,NA
"08","29","2009",76,NA
"08","30","2009",60,NA
"08","31","2009",56,NA
"09","01","2009",60,NA
"09","02","2009",66,53
"09","03","2009",79,61
"09","04","2009",77,59
"09","05","2009",66,57
"09","06","2009",54,48
"09","07","2009",70,68
"09","08","2009",71,55
"09","09","2009",72,55
"09","10","2009",58,52
"09","11","2009",54,45
"09","12","2009",56,51
"09","13","2009",53,45
"09","14","2009",53,45
"09","15","2009",56,55
"09","16","2009",76,82
"09","17","2009",76,72
"09","18","2009",58,53
"09","19","2009",NA,50
"09","20","2009",68,58
"09","21","2009",66,50
"09","22","2009",64,51
"09","23","2009",53,44
"09","24","2009",NA,52
"09","25","2009",64,47
"09","26","2009",59,45
"09","27","2009",60,47
"09","28","2009",69,58
"09","29","2009",72,63
"09","30","2009",59,45
"10","01","2009",60,52
"10","02","2009",63,47
"10","03","2009",NA,50
"10","04","2009",63,55
"10","05","2009",66,50
"10","06","2009",57,60
"10","07","2009",73,52
"10","08","2009",74,52
"10","09","2009",59,NA
"10","10","2009",54,48
"10","11","2009",65,76
"10","12","2009",80,68
"10","13","2009",72,71
"10","14","2009",75,80
"10","15","2009",85,83
"10","16","2009",73,66
"10","17","2009",68,56
"10","18","2009",61,56
"10","19","2009",74,78
"10","20","2009",71,81
"10","21","2009",72,79
"10","22","2009",89,80
"10","23","2009",73,69
"10","24","2009",97,93
"10","25","2009",79,NA
"10","26","2009",71,59
"10","27","2009",69,61
"10","28","2009",64,58
"10","29","2009",66,60
"10","30","2009",69,68
"10","31","2009",88,73
"11","01","2009",87,82
"11","02","2009",76,78
"11","03","2009",74,78
"11","04","2009",67,76
"11","05","2009",82,78
"11","06","2009",NA,76
"11","07","2009",75,71
"11","08","2009",87,78
"11","09","2009",79,68
"11","10","2009",65,57
"11","11","2009",70,66
"11","12","2009",74,70
"11","13","2009",78,68
"11","14","2009",73,69
"11","15","2009",65,63
"11","16","2009",75,69
"11","17","2009",79,NA
"11","18","2009",83,86
"11","19","2009",71,71
"11","20","2009",79,63
"11","21","2009",82,74
"11","22","2009",78,78
"11","23","2009",76,62
"11","24","2009",77,66
"11","25","2009",75,66
"11","26","2009",NA,95
"11","27","2009",71,65
"11","28","2009",75,84
"11","29","2009",83,85
"11","30","2009",80,75
"12","01","2009",71,67
"12","02","2009",72,63
"12","03","2009",70,70
"12","04","2009",74,78
"12","05","2009",76,NA
"12","06","2009",85,83
"12","07","2009",77,75
"12","08","2009",74,65
"12","09","2009",NA,70
"12","10","2009",69,70
"12","11","2009",73,72
"12","12","2009",80,75
"12","13","2009",NA,NA
"12","14","2009",NA,NA
"12","15","2009",68,61
"12","16","2009",64,58
"12","17","2009",67,57
"12","18","2009",69,65
"12","19","2009",92,76
"12","20","2009",92,88
"12","21","2009",82,81
"12","22","2009",78,75
"12","23","2009",72,76
"12","24","2009",74,79
"12","25","2009",77,77
"12","26","2009",84,81
"12","27","2009",82,80
"12","28","2009",83,77
"12","29","2009",76,80
"12","30","2009",72,75
"12","31","2009",67,NA
"01","01","2010",66,64
"01","02","2010",71,66
"01","03","2010",73,NA
"01","04","2010",56,NA
"01","05","2010",67,66
"01","06","2010",76,61
"01","07","2010",NA,66
"01","08","2010",62,58
"01","09","2010",66,60
"01","10","2010",69,65
"01","11","2010",72,63
"01","12","2010",66,61
"01","13","2010",79,59
"01","14","2010",66,54
"01","15","2010",77,59
"01","16","2010",67,53
"01","17","2010",NA,51
"01","18","2010",64,53
"01","19","2010",64,53
"01","20","2010",60,45
"01","21","2010",62,NA
"01","22","2010",NA,46
"01","23","2010",NA,54
"01","24","2010",NA,64
"01","25","2010",70,67
"01","26","2010",74,71
"01","27","2010",72,64
"01","28","2010",63,70
"01","29","2010",62,52
"01","30","2010",NA,48
"01","31","2010",63,44
"02","01","2010",65,48
"02","02","2010",61,52
"02","03","2010",68,NA
"02","04","2010",60,48
"02","05","2010",62,48
"02","06","2010",86,94
"02","07","2010",78,81
"02","08","2010",67,62
"02","09","2010",73,84
"02","10","2010",68,64
"02","11","2010",64,76
"02","12","2010",60,NA
"02","13","2010",61,50
"02","14","2010",62,56
"02","15","2010",79,74
"02","16","2010",69,60
"02","17","2010",60,NA
"02","18","2010",56,54
"02","19","2010",81,73
"02","20","2010",71,75
"02","21","2010",62,49
"02","22","2010",58,52
"02","23","2010",66,71
"02","24","2010",68,78
"02","25","2010",64,67
"02","26","2010",88,88
"02","27","2010",65,62
"02","28","2010",74,65
"03","01","2010",65,60
"03","02","2010",90,78
"03","03","2010",88,83
"03","04","2010",71,69
"03","05","2010",75,71
"03","06","2010",82,75
"03","07","2010",72,71
"03","08","2010",66,71
"03","09","2010",65,72
"03","10","2010",69,67
"03","11","2010",NA,71
"03","12","2010",62,66
"03","13","2010",66,78
"03","14","2010",65,69
"03","15","2010",62,69
"03","16","2010",82,76
"03","17","2010",93,86
"03","18","2010",79,NA
"03","19","2010",77,72
"03","20","2010",85,86
"03","21","2010",61,52
"03","22","2010",63,NA
"03","23","2010",67,68
"03","24","2010",58,57
"03","25","2010",58,48
"03","26","2010",86,85
"03","27","2010",63,63
"03","28","2010",61,63
"03","29","2010",61,56
"03","30","2010",89,78
"03","31","2010",84,83
"04","01","2010",62,65
"04","02","2010",63,56
"04","03","2010",73,NA
"04","04","2010",NA,63
"04","05","2010",65,66
"04","06","2010",74,NA
"04","07","2010",62,70
"04","08","2010",60,NA
"04","09","2010",88,86
"04","10","2010",74,67
"04","11","2010",78,78
"04","12","2010",74,75
"04","13","2010",71,79
"04","14","2010",77,74
"04","15","2010",71,73
"04","16","2010",87,81
"04","17","2010",71,74
"04","18","2010",71,74
"04","19","2010",NA,95
"04","20","2010",70,73
"04","21","2010",75,73
"04","22","2010",65,NA
"04","23","2010",62,60
"04","24","2010",76,77
"04","25","2010",72,67
"04","26","2010",81,85
"04","27","2010",78,NA
"04","28","2010",82,80
"04","29","2010",84,84
"04","30","2010",78,81
"05","01","2010",NA,67
"05","02","2010",74,69
"05","03","2010",83,88
"05","04","2010",85,86
"05","05","2010",NA,80
"05","06","2010",82,89
"05","07","2010",71,83
"05","08","2010",77,74
"05","09","2010",73,75
"05","10","2010",74,72
"05","11","2010",84,78
"05","12","2010",NA,73
"05","13","2010",65,61
"05","14","2010",63,56
"05","15","2010",65,57
"05","16","2010",64,59
"05","17","2010",NA,62
"05","18","2010",63,NA
"05","19","2010",67,61
"05","20","2010",76,71
"05","21","2010",74,78
"05","22","2010",74,81
"05","23","2010",90,87
"05","24","2010",79,78
"05","25","2010",74,82
"05","26","2010",97,92
"05","27","2010",82,81
"05","28","2010",73,73
"05","29","2010",80,79
"05","30","2010",NA,71
"05","31","2010",85,90
"06","01","2010",NA,82
"06","02","2010",89,82
"06","03","2010",91,91
"06","04","2010",88,78
"06","05","2010",77,70
"06","06","2010",80,72
"06","07","2010",NA,72
"06","08","2010",78,75
"06","09","2010",95,86
"06","10","2010",NA,67
"06","11","2010",79,76
"06","12","2010",77,67
"06","13","2010",NA,66
"06","14","2010",70,NA
"06","15","2010",69,73
"06","16","2010",74,88
"06","17","2010",78,69
"06","18","2010",76,70
"06","19","2010",78,74
"06","20","2010",88,NA
"06","21","2010",79,NA
"06","22","2010",80,85
"06","23","2010",79,72
"06","24","2010",71,61
"06","25","2010",74,75
"06","26","2010",90,77
"06","27","2010",83,68
"06","28","2010",75,68
"06","29","2010",84,69
"06","30","2010",69,60
"07","01","2010",65,64
"07","02","2010",71,64
"07","03","2010",62,59
"07","04","2010",84,72
"07","05","2010",79,72
"07","06","2010",83,88
"07","07","2010",79,84
"07","08","2010",88,87
"07","09","2010",75,79
"07","10","2010",72,NA
"07","11","2010",NA,68
"07","12","2010",82,77
"07","13","2010",74,89
"07","14","2010",77,78
"07","15","2010",82,80
"07","16","2010",94,83
"07","17","2010",90,91
"07","18","2010",72,78
"07","19","2010",70,NA
"07","20","2010",68,67
"07","21","2010",69,62
"07","22","2010",64,NA
"07","23","2010",77,65
"07","24","2010",82,72
"07","25","2010",80,60
"07","26","2010",81,75
"07","27","2010",79,77
"07","28","2010",71,64
"07","29","2010",75,75
"07","30","2010",NA,64
"07","31","2010",71,77
"08","01","2010",66,82
"08","02","2010",84,77
"08","03","2010",78,71
"08","04","2010",76,60
"08","05","2010",70,67
"08","06","2010",66,NA
"08","07","2010",62,52
"08","08","2010",60,52
"08","09","2010",60,43
"08","10","2010",76,54
"08","11","2010",69,59
"08","12","2010",68,53
"08","13","2010",87,80
"08","14","2010",85,77
"08","15","2010",59,NA
"08","16","2010",62,NA
"08","17","2010",61,50
"08","18","2010",65,59
"08","19","2010",60,55
"08","20","2010",63,52
"08","21","2010",NA,56
"08","22","2010",60,52
"08","23","2010",58,47
"08","24","2010",61,53
"08","25","2010",62,60
"08","26","2010",61,55
"08","27","2010",65,63
"08","28","2010",67,62
"08","29","2010",82,60
"08","30","2010",64,50
"08","31","2010",67,60
"09","01","2010",68,61
"09","02","2010",79,79
"09","03","2010",78,72
"09","04","2010",71,64
"09","05","2010",70,60
"09","06","2010",96,78
"09","07","2010",85,81
"09","08","2010",89,73
"09","09","2010",64,61
"09","10","2010",55,NA
"09","11","2010",62,56
"09","12","2010",64,51
"09","13","2010",65,69
"09","14","2010",67,69
"09","15","2010",73,68
"09","16","2010",59,46
"09","17","2010",54,51
"09","18","2010",52,54
"09","19","2010",69,53
"09","20","2010",71,64
"09","21","2010",66,61
"09","22","2010",63,69
"09","23","2010",88,92
"09","24","2010",76,74
"09","25","2010",71,68
"09","26","2010",74,70
"09","27","2010",75,77
"09","28","2010",79,74
"09","29","2010",64,67
"09","30","2010",70,81
"10","01","2010",58,63
"10","02","2010",80,91
"10","03","2010",63,67
"10","04","2010",93,96
"10","05","2010",70,74
"10","06","2010",67,66
"10","07","2010",66,61
"10","08","2010",79,80
"10","09","2010",76,66
"10","10","2010",65,51
"10","11","2010",70,74
"10","12","2010",62,56
"10","13","2010",67,64
"10","14","2010",69,56
"10","15","2010",77,67
"10","16","2010",69,NA
"10","17","2010",66,66
"10","18","2010",74,79
"10","19","2010",85,80
"10","20","2010",83,91
"10","21","2010",72,78
"10","22","2010",71,93
"10","23","2010",NA,77
"10","24","2010",74,NA
"10","25","2010",86,77
"10","26","2010",76,84
"10","27","2010",79,81
"10","28","2010",81,NA
"10","29","2010",83,NA
"10","30","2010",87,85
"10","31","2010",86,78
"11","01","2010",82,NA
"11","02","2010",69,NA
"11","03","2010",78,NA
"11","04","2010",77,NA
"11","05","2010",82,NA
"11","06","2010",85,NA
"11","07","2010",NA,NA
"11","08","2010",79,NA
"11","09","2010",83,NA
"11","10","2010",82,NA
"11","11","2010",NA,NA
"11","12","2010",85,NA
"11","13","2010",79,NA
"11","14","2010",83,NA
"11","15","2010",85,NA
"11","16","2010",86,NA
"11","17","2010",NA,NA
"11","18","2010",76,NA
"11","19","2010",84,NA
"11","20","2010",91,NA
"11","21","2010",89,NA
"11","22","2010",80,NA
"11","23","2010",89,NA
"11","24","2010",83,NA
"11","25","2010",82,NA
"11","26","2010",82,NA
"11","27","2010",88,NA
"11","28","2010",86,NA
"11","29","2010",84,NA
"11","30","2010",89,NA
"12","01","2010",86,NA
"12","02","2010",93,NA
"12","03","2010",86,NA
"12","04","2010",86,NA
"12","05","2010",88,NA
"12","06","2010",78,NA
"12","07","2010",78,NA
"12","08","2010",86,NA
"12","09","2010",83,NA
"12","10","2010",87,NA
"12","11","2010",79,NA
"12","12","2010",79,NA
"12","13","2010",84,NA
"12","14","2010",78,NA
"12","15","2010",NA,NA
"12","16","2010",88,NA
"12","17","2010",85,NA
"12","18","2010",89,NA
"12","19","2010",80,NA
"12","20","2010",84,NA
"12","21","2010",82,NA
"12","22","2010",87,NA
"12","23","2010",85,NA
"12","24","2010",81,NA
"12","25","2010",81,NA
"12","26","2010",83,NA
"12","27","2010",79,NA
"12","28","2010",77,NA
"12","29","2010",78,NA
"12","30","2010",76,NA
"12","31","2010",83,NA
"01","01","2011",79,NA
"01","02","2011",79,82
"01","03","2011",78,77
"01","04","2011",73,68
"01","05","2011",81,67
"01","06","2011",75,73
"01","07","2011",84,NA
"01","08","2011",76,69
"01","09","2011",89,70
"01","10","2011",78,60
"01","11","2011",81,NA
"01","12","2011",70,70
"01","13","2011",67,NA
"01","14","2011",65,68
"01","15","2011",67,NA
"01","16","2011",73,NA
"01","17","2011",70,NA
"01","18","2011",68,NA
"01","19","2011",72,NA
"01","20","2011",69,83
"01","21","2011",70,84
"01","22","2011",71,69
"01","23","2011",73,79
"01","24","2011",64,67
"01","25","2011",66,86
"01","26","2011",62,85
"01","27","2011",66,NA
"01","28","2011",68,90
"01","29","2011",66,67
"01","30","2011",62,NA
"01","31","2011",63,NA
"02","01","2011",75,NA
"02","02","2011",68,NA
"02","03","2011",67,NA
"02","04","2011",NA,NA
"02","05","2011",68,NA
"02","06","2011",71,NA
"02","07","2011",71,NA
"02","08","2011",76,NA
"02","09","2011",82,NA
"02","10","2011",83,NA
"02","11","2011",90,NA
"02","12","2011",79,NA
"02","13","2011",82,NA
"02","14","2011",87,NA
"02","15","2011",79,NA
"02","16","2011",83,NA
"02","17","2011",86,NA
"02","18","2011",82,NA
"02","19","2011",78,NA
"02","20","2011",87,NA
"02","21","2011",NA,NA
"02","22","2011",96,NA
"02","23","2011",69,NA
"02","24","2011",77,NA
"02","25","2011",84,NA
"02","26","2011",85,NA
"02","27","2011",84,NA
"02","28","2011",80,NA
"03","01","2011",80,NA
"03","02","2011",76,NA
"03","03","2011",76,NA
"03","04","2011",75,NA
"03","05","2011",86,NA
"03","06","2011",78,NA
"03","07","2011",83,NA
"03","08","2011",89,NA
"03","09","2011",93,NA
"03","10","2011",81,NA
"03","11","2011",71,NA
"03","12","2011",73,NA
"03","13","2011",72,NA
"03","14","2011",71,NA
"03","15","2011",71,NA
"03","16","2011",76,NA
"03","17","2011",NA,NA
"03","18","2011",83,NA
"03","19","2011",83,NA
"03","20","2011",80,NA
"03","21","2011",85,NA
"03","22","2011",77,NA
"03","23","2011",85,NA
"03","24","2011",82,NA
"03","25","2011",79,NA
"03","26","2011",87,NA
"03","27","2011",74,NA
"03","28","2011",77,NA
"03","29","2011",77,NA
"03","30","2011",76,NA
"03","31","2011",79,NA
"04","01","2011",69,NA
"04","02","2011",76,83
"04","03","2011",84,76
"04","04","2011",86,NA
"04","05","2011",72,NA
"04","06","2011",88,86
"04","07","2011",89,NA
"04","08","2011",80,75
"04","09","2011",78,80
"04","10","2011",84,84
"04","11","2011",81,81
"04","12","2011",86,89
"04","13","2011",76,NA
"04","14","2011",83,80
"04","15","2011",92,NA
"04","16","2011",84,81
"04","17","2011",83,86
"04","18","2011",82,NA
"04","19","2011",83,NA
"04","20","2011",74,81
"04","21","2011",82,NA
"04","22","2011",90,90
"04","23","2011",89,89
"04","24","2011",82,83
"04","25","2011",84,75
"04","26","2011",72,NA
"04","27","2011",75,NA
"04","28","2011",71,NA
"04","29","2011",73,78
"04","30","2011",83,NA
"05","01","2011",80,86
"05","02","2011",72,NA
"05","03","2011",90,92
"05","04","2011",77,87
"05","05","2011",73,NA
"05","06","2011",73,77
"05","07","2011",73,NA
"05","08","2011",75,NA
"05","09","2011",78,77
"05","10","2011",77,NA
"05","11","2011",72,NA
"05","12","2011",NA,68
"05","13","2011",85,85
"05","14","2011",87,91
"05","15","2011",77,NA
"05","16","2011",NA,87
"05","17","2011",81,82
"05","18","2011",84,89
"05","19","2011",94,88
"05","20","2011",79,72
"05","21","2011",NA,78
"05","22","2011",NA,77
"05","23","2011",NA,76
"05","24","2011",NA,NA
"05","25","2011",NA,75
"05","26","2011",NA,NA
"05","27","2011",NA,76
"05","28","2011",NA,80
"05","29","2011",NA,84
"05","30","2011",NA,NA
"05","31","2011",NA,73
"06","01","2011",NA,66
"06","02","2011",NA,NA
"06","03","2011",NA,NA
"06","04","2011",NA,96
"06","05","2011",NA,NA
"06","06","2011",NA,71
"06","07","2011",NA,81
"06","08","2011",NA,76
"06","09","2011",NA,NA
"06","10","2011",NA,69
"06","11","2011",NA,74
"06","12","2011",NA,NA
"06","13","2011",NA,82
"06","14","2011",NA,NA
"06","15","2011",NA,NA
"06","16","2011",NA,70
"06","17","2011",NA,NA
"06","18","2011",NA,91
"06","19","2011",NA,69
"06","20","2011",NA,NA
"06","21","2011",NA,80
"06","22","2011",NA,NA
"06","23","2011",NA,NA
"06","24","2011",NA,86
"06","25","2011",NA,75
"06","26","2011",NA,NA
"06","27","2011",NA,NA
"06","28","2011",NA,NA
"06","29","2011",NA,70
"06","30","2011",NA,76
"07","01","2011",NA,71
"07","02","2011",NA,74
"07","03","2011",NA,60
"07","04","2011",NA,73
"07","05","2011",NA,71
"07","06","2011",NA,NA
"07","07","2011",NA,76
"07","08","2011",NA,NA
"07","09","2011",NA,NA
"07","10","2011",NA,78
"07","11","2011",NA,73
"07","12","2011",NA,NA
"07","13","2011",NA,81
"07","14","2011",NA,NA
"07","15","2011",NA,90
"07","16","2011",NA,NA
"07","17","2011",NA,NA
"07","18","2011",NA,NA
"07","19","2011",NA,69
"07","20","2011",NA,55
"07","21","2011",NA,64
"07","22","2011",NA,NA
"07","23","2011",NA,62
"07","24","2011",NA,65
"07","25","2011",NA,69
"07","26","2011",NA,64
"07","27","2011",NA,67
"07","28","2011",NA,NA
"07","29","2011",NA,80
"07","30","2011",NA,88
"07","31","2011",NA,78
"08","01","2011",NA,NA
"08","02","2011",NA,66
"08","03","2011",NA,69
"08","04","2011",NA,61
"08","05","2011",NA,NA
"08","06","2011",NA,NA
"08","07","2011",NA,NA
"08","08","2011",NA,NA
"08","09","2011",NA,62
"08","10","2011",NA,58
"08","11","2011",NA,54
"08","12","2011",NA,NA
"08","13","2011",NA,NA
"08","14","2011",NA,52
"08","15","2011",NA,64
"08","16","2011",NA,NA
"08","17","2011",NA,70
"08","18","2011",NA,NA
"08","19","2011",NA,72
"08","20","2011",NA,78
"08","21","2011",NA,72
"08","22","2011",NA,73
"08","23","2011",NA,NA
"08","24","2011",NA,63
"08","25","2011",NA,61
"08","26","2011",NA,73
"08","27","2011",NA,NA
"08","28","2011",NA,62
"08","29","2011",NA,64
"08","30","2011",NA,57
"08","31","2011",NA,NA
"09","01","2011",NA,NA
"09","02","2011",NA,NA
"09","03","2011",NA,NA
"09","04","2011",NA,NA
"09","05","2011",NA,NA
"09","06","2011",NA,NA
"09","07","2011",NA,NA
"09","08","2011",NA,NA
"09","09","2011",NA,NA
"09","10","2011",NA,NA
"09","11","2011",NA,NA
"09","12","2011",NA,NA
"09","13","2011",NA,NA
"09","14","2011",NA,NA
"09","15","2011",NA,NA
"09","16","2011",NA,NA
"09","17","2011",NA,NA
"09","18","2011",NA,NA
"09","19","2011",NA,NA
"09","20","2011",NA,NA
"09","21","2011",NA,NA
"09","22","2011",NA,NA
"09","23","2011",NA,NA
"09","24","2011",NA,NA
"09","25","2011",NA,NA
"09","26","2011",NA,NA
"09","27","2011",NA,NA
"09","28","2011",NA,NA
"09","29","2011",NA,NA
"09","30","2011",NA,NA
"10","01","2011",82,53
"10","02","2011",84,81
"10","03","2011",75,70
"10","04","2011",70,NA
"10","05","2011",66,71
"10","06","2011",77,89
"10","07","2011",NA,67
"10","08","2011",75,78
"10","09","2011",79,65
"10","10","2011",74,NA
"10","11","2011",80,81
"10","12","2011",77,91
"10","13","2011",83,81
"10","14","2011",77,74
"10","15","2011",80,75
"10","16","2011",NA,NA
"10","17","2011",69,88
"10","18","2011",79,NA
"10","19","2011",70,74
"10","20","2011",73,75
"10","21","2011",74,75
"10","22","2011",80,72
"10","23","2011",NA,71
"10","24","2011",76,75
"10","25","2011",NA,79
"10","26","2011",78,71
"10","27","2011",81,69
"10","28","2011",82,78
"10","29","2011",NA,68
"10","30","2011",80,NA
"10","31","2011",72,68
"11","01","2011",86,68
"11","02","2011",81,NA
"11","03","2011",86,68
"11","04","2011",NA,76
"11","05","2011",86,79
"11","06","2011",86,83
"11","07","2011",89,84
"11","08","2011",79,91
"11","09","2011",87,88
"11","10","2011",81,79
"11","11","2011",85,88
"11","12","2011",81,NA
"11","13","2011",87,NA
"11","14","2011",NA,74
"11","15","2011",82,77
"11","16","2011",NA,86
"11","17","2011",NA,78
"11","18","2011",NA,NA
"11","19","2011",64,88
"11","20","2011",77,90
"11","21","2011",77,81
"11","22","2011",NA,NA
"11","23","2011",NA,NA
"11","24","2011",88,92
"11","25","2011",93,NA
"11","26","2011",NA,NA
"11","27","2011",81,85
"11","28","2011",92,88
"11","29","2011",88,89
"11","30","2011",NA,90
"12","01","2011",85,NA
"12","02","2011",83,NA
"12","03","2011",84,76
"12","04","2011",85,82
"12","05","2011",83,86
"12","06","2011",77,84
"12","07","2011",75,85
"12","08","2011",78,95
"12","09","2011",85,NA
"12","10","2011",74,NA
"12","11","2011",72,NA
"12","12","2011",75,NA
"12","13","2011",75,NA
"12","14","2011",75,84
"12","15","2011",76,86
"12","16","2011",NA,88
"12","17","2011",NA,85
"12","18","2011",83,NA
"12","19","2011",75,94
"12","20","2011",80,85
"12","21","2011",83,72
"12","22","2011",90,64
"12","23","2011",87,70
"12","24","2011",92,70
"12","25","2011",78,NA
"12","26","2011",79,65
"12","27","2011",83,NA
"12","28","2011",90,64
"12","29","2011",87,69
"12","30","2011",89,NA
"12","31","2011",81,65
"01","01","2012",77,65
"01","02","2012",74,65
"01","03","2012",80,85
"01","04","2012",90,NA
"01","05","2012",88,77
"01","06","2012",76,85
"01","07","2012",75,NA
"01","08","2012",78,NA
"01","09","2012",74,NA
"01","10","2012",76,73
"01","11","2012",88,NA
"01","12","2012",73,77
"01","13","2012",79,NA
"01","14","2012",NA,NA
"01","15","2012",80,70
"01","16","2012",79,NA
"01","17","2012",69,NA
"01","18","2012",70,NA
"01","19","2012",80,NA
"01","20","2012",79,NA
"01","21","2012",NA,NA
"01","22","2012",89,74
"01","23","2012",78,NA
"01","24","2012",87,76
"01","25","2012",83,72
"01","26","2012",80,NA
"01","27","2012",83,73
"01","28","2012",93,NA
"01","29","2012",76,NA
"01","30","2012",NA,76
"01","31","2012",71,85
"02","01","2012",NA,NA
"02","02","2012",79,NA
"02","03","2012",75,NA
"02","04","2012",77,NA
"02","05","2012",87,NA
"02","06","2012",94,NA
"02","07","2012",80,NA
"02","08","2012",94,NA
"02","09","2012",80,NA
"02","10","2012",82,NA
"02","11","2012",78,NA
"02","12","2012",84,NA
"02","13","2012",78,NA
"02","14","2012",76,NA
"02","15","2012",73,NA
"02","16","2012",75,NA
"02","17","2012",77,NA
"02","18","2012",NA,NA
"02","19","2012",79,NA
"02","20","2012",84,NA
"02","21","2012",NA,NA
"02","22","2012",83,NA
"02","23","2012",77,NA
"02","24","2012",76,NA
"02","25","2012",81,NA
"02","26","2012",85,NA
"02","27","2012",77,NA
"02","28","2012",71,NA
"02","29","2012",81,NA
"03","01","2012",80,NA
"03","02","2012",90,NA
"03","03","2012",NA,NA
"03","04","2012",87,NA
"03","05","2012",75,NA
"03","06","2012",NA,NA
"03","07","2012",75,NA
"03","08","2012",76,NA
"03","09","2012",91,NA
"03","10","2012",NA,NA
"03","11","2012",84,NA
"03","12","2012",81,NA
"03","13","2012",77,NA
"03","14","2012",83,NA
"03","15","2012",81,NA
"03","16","2012",NA,NA
"03","17","2012",80,NA
"03","18","2012",77,NA
"03","19","2012",87,NA
"03","20","2012",89,NA
"03","21","2012",77,NA
"03","22","2012",90,NA
"03","23","2012",80,NA
"03","24","2012",81,NA
"03","25","2012",86,NA
"03","26","2012",82,NA
"03","27","2012",81,NA
"03","28","2012",82,NA
"03","29","2012",76,NA
"03","30","2012",78,NA
"03","31","2012",80,NA
"04","01","2012",70,NA
"04","02","2012",NA,NA
"04","03","2012",81,NA
"04","04","2012",82,NA
"04","05","2012",83,NA
"04","06","2012",81,NA
"04","07","2012",94,NA
"04","08","2012",82,NA
"04","09","2012",78,NA
"04","10","2012",79,NA
"04","11","2012",86,NA
"04","12","2012",94,NA
"04","13","2012",86,NA
"04","14","2012",89,NA
"04","15","2012",79,NA
"04","16","2012",89,NA
"04","17","2012",77,NA
"04","18","2012",81,NA
"04","19","2012",88,NA
"04","20","2012",78,NA
"04","21","2012",84,NA
"04","22","2012",NA,NA
"04","23","2012",79,NA
"04","24","2012",78,NA
"04","25","2012",NA,NA
"04","26","2012",88,NA
"04","27","2012",79,NA
"04","28","2012",96,NA
"04","29","2012",92,NA
"04","30","2012",97,NA
"05","01","2012",92,93
"05","02","2012",77,74
"05","03","2012",68,73
"05","04","2012",71,65
"05","05","2012",75,67
"05","06","2012",73,70
"05","07","2012",80,68
"05","08","2012",69,NA
"05","09","2012",70,72
"05","10","2012",70,NA
"05","11","2012",76,NA
"05","12","2012",78,68
"05","13","2012",78,74
"05","14","2012",76,71
"05","15","2012",75,65
"05","16","2012",80,66
"05","17","2012",84,69
"05","18","2012",79,77
"05","19","2012",90,80
"05","20","2012",80,72
"05","21","2012",87,78
"05","22","2012",80,72
"05","23","2012",68,65
"05","24","2012",69,77
"05","25","2012",83,64
"05","26","2012",69,71
"05","27","2012",76,73
"05","28","2012",80,72
"05","29","2012",79,67
"05","30","2012",80,72
"05","31","2012",79,62
"06","01","2012",73,NA
"06","02","2012",79,NA
"06","03","2012",69,NA
"06","04","2012",67,NA
"06","05","2012",74,NA
"06","06","2012",78,NA
"06","07","2012",72,NA
"06","08","2012",73,NA
"06","09","2012",NA,NA
"06","10","2012",74,NA
"06","11","2012",73,NA
"06","12","2012",69,NA
"06","13","2012",72,NA
"06","14","2012",74,NA
"06","15","2012",63,NA
"06","16","2012",75,NA
"06","17","2012",NA,NA
"06","18","2012",64,NA
"06","19","2012",NA,NA
"06","20","2012",NA,NA
"06","21","2012",72,NA
"06","22","2012",66,NA
"06","23","2012",79,NA
"06","24","2012",64,NA
"06","25","2012",91,NA
"06","26","2012",75,NA
"06","27","2012",NA,NA
"06","28","2012",NA,NA
"06","29","2012",73,NA
"06","30","2012",75,NA
"07","01","2012",74,NA
"07","02","2012",72,NA
"07","03","2012",67,NA
"07","04","2012",74,NA
"07","05","2012",70,NA
"07","06","2012",73,NA
"07","07","2012",NA,NA
"07","08","2012",79,NA
"07","09","2012",NA,NA
"07","10","2012",78,NA
"07","11","2012",NA,NA
"07","12","2012",69,NA
"07","13","2012",74,NA
"07","14","2012",94,NA
"07","15","2012",NA,NA
"07","16","2012",NA,NA
"07","17","2012",72,NA
"07","18","2012",82,NA
"07","19","2012",66,NA
"07","20","2012",61,NA
"07","21","2012",61,NA
"07","22","2012",NA,NA
"07","23","2012",72,NA
"07","24","2012",70,NA
"07","25","2012",NA,NA
"07","26","2012",63,NA
"07","27","2012",72,NA
"07","28","2012",66,NA
"07","29","2012",69,NA
"07","30","2012",78,NA
"07","31","2012",74,NA
"08","01","2012",77,69
"08","02","2012",60,NA
"08","03","2012",NA,NA
"08","04","2012",63,53
"08","05","2012",69,NA
"08","06","2012",48,47
"08","07","2012",55,NA
"08","08","2012",57,NA
"08","09","2012",68,50
"08","10","2012",70,NA
"08","11","2012",61,NA
"08","12","2012",68,58
"08","13","2012",85,NA
"08","14","2012",83,77
"08","15","2012",67,64
"08","16","2012",71,NA
"08","17","2012",94,NA
"08","18","2012",NA,74
"08","19","2012",63,NA
"08","20","2012",61,49
"08","21","2012",68,NA
"08","22","2012",65,57
"08","23","2012",55,46
"08","24","2012",62,42
"08","25","2012",81,71
"08","26","2012",83,NA
"08","27","2012",82,68
"08","28","2012",75,53
"08","29","2012",75,59
"08","30","2012",75,NA
"08","31","2012",NA,NA
"09","01","2012",NA,72
"09","02","2012",NA,65
"09","03","2012",75,76
"09","04","2012",73,64
"09","05","2012",67,NA
"09","06","2012",66,57
"09","07","2012",60,NA
"09","08","2012",61,NA
"09","09","2012",61,NA
"09","10","2012",60,NA
"09","11","2012",66,NA
"09","12","2012",65,59
"09","13","2012",75,58
"09","14","2012",70,62
"09","15","2012",65,51
"09","16","2012",61,55
"09","17","2012",62,49
"09","18","2012",64,58
"09","19","2012",59,56
"09","20","2012",60,56
"09","21","2012",60,NA
"09","22","2012",70,NA
"09","23","2012",81,63
"09","24","2012",59,52
"09","25","2012",61,58
"09","26","2012",60,54
"09","27","2012",87,84
"09","28","2012",64,72
"09","29","2012",64,84
"09","30","2012",70,70
"10","01","2012",NA,55
"10","02","2012",69,57
"10","03","2012",NA,NA
"10","04","2012",63,58
"10","05","2012",69,77
"10","06","2012",82,NA
"10","07","2012",77,77
"10","08","2012",74,NA
"10","09","2012",58,NA
"10","10","2012",60,NA
"10","11","2012",65,62
"10","12","2012",87,75
"10","13","2012",67,NA
"10","14","2012",73,NA
"10","15","2012",68,NA
"10","16","2012",85,NA
"10","17","2012",77,80
"10","18","2012",94,NA
"10","19","2012",88,91
"10","20","2012",73,75
"10","21","2012",83,72
"10","22","2012",91,89
"10","23","2012",71,67
"10","24","2012",91,88
"10","25","2012",66,68
"10","26","2012",67,NA
"10","27","2012",64,NA
"10","28","2012",64,NA
"10","29","2012",70,55
"10","30","2012",79,82
"10","31","2012",72,NA
"11","01","2012",70,NA
"11","02","2012",81,NA
"11","03","2012",76,NA
"11","04","2012",83,NA
"11","05","2012",NA,NA
"11","06","2012",73,NA
"11","07","2012",72,NA
"11","08","2012",77,NA
"11","09","2012",81,NA
"11","10","2012",73,NA
"11","11","2012",77,NA
"11","12","2012",82,NA
"11","13","2012",83,NA
"11","14","2012",84,NA
"11","15","2012",84,NA
"11","16","2012",81,NA
"11","17","2012",76,NA
"11","18","2012",93,NA
"11","19","2012",80,NA
"11","20","2012",NA,NA
"11","21","2012",NA,NA
"11","22","2012",91,NA
"11","23","2012",94,NA
"11","24","2012",74,NA
"11","25","2012",74,NA
"11","26","2012",81,NA
"11","27","2012",72,NA
"11","28","2012",83,NA
"11","29","2012",95,NA
"11","30","2012",90,NA
"12","01","2012",87,NA
"12","02","2012",NA,NA
"12","03","2012",79,NA
"12","04","2012",85,NA
"12","05","2012",87,NA
"12","06","2012",84,NA
"12","07","2012",78,NA
"12","08","2012",NA,NA
"12","09","2012",81,NA
"12","10","2012",75,NA
"12","11","2012",75,NA
"12","12","2012",87,NA
"12","13","2012",84,NA
"12","14","2012",88,NA
"12","15","2012",80,NA
"12","16","2012",84,NA
"12","17","2012",87,NA
"12","18","2012",84,NA
"12","19","2012",85,NA
"12","20","2012",NA,NA
"12","21","2012",NA,NA
"12","22","2012",85,NA
"12","23","2012",94,NA
"12","24","2012",86,NA
"12","25","2012",NA,NA
"12","26","2012",NA,NA
"12","27","2012",NA,NA
"12","28","2012",NA,NA
"12","29","2012",74,NA
"12","30","2012",75,NA
"12","31","2012",NA,NA
"01","01","2013",74,NA
"01","02","2013",72,NA
"01","03","2013",75,NA
"01","04","2013",73,NA
"01","05","2013",70,NA
"01","06","2013",66,NA
"01","07","2013",66,NA
"01","08","2013",NA,NA
"01","09","2013",76,NA
"01","10","2013",65,NA
"01","11","2013",67,NA
"01","12","2013",72,NA
"01","13","2013",65,NA
"01","14","2013",80,NA
"01","15","2013",67,NA
"01","16","2013",73,NA
"01","17","2013",91,NA
"01","18","2013",84,NA
"01","19","2013",81,NA
"01","20","2013",80,NA
"01","21","2013",68,NA
"01","22","2013",67,NA
"01","23","2013",66,NA
"01","24","2013",78,NA
"01","25","2013",74,NA
"01","26","2013",75,NA
"01","27","2013",72,NA
"01","28","2013",68,NA
"01","29","2013",NA,NA
"01","30","2013",64,NA
"01","31","2013",NA,NA
"02","01","2013",76,NA
"02","02","2013",80,83
"02","03","2013",74,NA
"02","04","2013",77,84
"02","05","2013",85,86
"02","06","2013",81,87
"02","07","2013",77,75
"02","08","2013",79,84
"02","09","2013",95,93
"02","10","2013",89,85
"02","11","2013",88,86
"02","12","2013",87,93
"02","13","2013",83,86
"02","14","2013",NA,NA
"02","15","2013",70,NA
"02","16","2013",83,NA
"02","17","2013",87,NA
"02","18","2013",88,NA
"02","19","2013",81,NA
"02","20","2013",77,74
"02","21","2013",NA,79
"02","22","2013",75,69
"02","23","2013",75,NA
"02","24","2013",88,84
"02","25","2013",79,NA
"02","26","2013",NA,71
"02","27","2013",95,NA
"02","28","2013",85,74
"03","01","2013",80,NA
"03","02","2013",84,NA
"03","03","2013",94,NA
"03","04","2013",90,NA
"03","05","2013",NA,NA
"03","06","2013",76,NA
"03","07","2013",77,NA
"03","08","2013",80,NA
"03","09","2013",80,NA
"03","10","2013",83,NA
"03","11","2013",71,NA
"03","12","2013",72,NA
"03","13","2013",79,NA
"03","14","2013",82,NA
"03","15","2013",87,NA
"03","16","2013",87,NA
"03","17","2013",82,NA
"03","18","2013",69,NA
"03","19","2013",78,NA
"03","20","2013",76,NA
"03","21","2013",97,NA
"03","22","2013",92,NA
"03","23","2013",86,NA
"03","24","2013",76,NA
"03","25","2013",80,NA
"03","26","2013",93,NA
"03","27","2013",NA,NA
"03","28","2013",85,NA
"03","29","2013",86,NA
"03","30","2013",77,NA
"03","31","2013",76,NA
"04","01","2013",NA,NA
"04","02","2013",NA,NA
"04","03","2013",NA,NA
"04","04","2013",69,NA
"04","05","2013",71,NA
"04","06","2013",NA,NA
"04","07","2013",NA,NA
"04","08","2013",NA,NA
"04","09","2013",75,NA
"04","10","2013",84,NA
"04","11","2013",71,NA
"04","12","2013",70,NA
"04","13","2013",NA,NA
"04","14","2013",NA,NA
"04","15","2013",76,NA
"04","16","2013",71,NA
"04","17","2013",73,NA
"04","18","2013",70,NA
"04","19","2013",NA,NA
"04","20","2013",77,NA
"04","21","2013",78,NA
"04","22","2013",82,NA
"04","23","2013",70,NA
"04","24","2013",NA,NA
"04","25","2013",NA,NA
"04","26","2013",NA,NA
"04","27","2013",NA,NA
"04","28","2013",77,NA
"04","29","2013",83,NA
"04","30","2013",73,NA
"05","01","2013",NA,NA
"05","02","2013",67,NA
"05","03","2013",73,NA
"05","04","2013",79,NA
"05","05","2013",NA,NA
"05","06","2013",85,NA
"05","07","2013",93,NA
"05","08","2013",77,NA
"05","09","2013",81,NA
"05","10","2013",71,NA
"05","11","2013",78,NA
"05","12","2013",79,NA
"05","13","2013",84,NA
"05","14","2013",80,NA
"05","15","2013",90,NA
"05","16","2013",81,NA
"05","17","2013",85,NA
"05","18","2013",81,NA
"05","19","2013",95,NA
"05","20","2013",78,NA
"05","21","2013",93,NA
"05","22","2013",84,NA
"05","23","2013",NA,NA
"05","24","2013",86,NA
"05","25","2013",81,NA
"05","26","2013",86,NA
"05","27","2013",NA,NA
"05","28","2013",82,NA
"05","29","2013",80,NA
"05","30","2013",80,NA
"05","31","2013",83,NA
"06","01","2013",86,NA
"06","02","2013",81,NA
"06","03","2013",73,NA
"06","04","2013",85,NA
"06","05","2013",74,NA
"06","06","2013",80,NA
"06","07","2013",69,NA
"06","08","2013",81,NA
"06","09","2013",72,NA
"06","10","2013",72,NA
"06","11","2013",73,NA
"06","12","2013",83,NA
"06","13","2013",72,NA
"06","14","2013",NA,NA
"06","15","2013",71,NA
"06","16","2013",76,NA
"06","17","2013",71,NA
"06","18","2013",78,NA
"06","19","2013",70,NA
"06","20","2013",79,NA
"06","21","2013",68,NA
"06","22","2013",72,NA
"06","23","2013",71,NA
"06","24","2013",79,NA
"06","25","2013",NA,NA
"06","26","2013",67,NA
"06","27","2013",63,NA
"06","28","2013",70,NA
"06","29","2013",NA,NA
"06","30","2013",86,NA
"07","01","2013",76,NA
"07","02","2013",85,NA
"07","03","2013",76,NA
"07","04","2013",74,NA
"07","05","2013",77,NA
"07","06","2013",75,NA
"07","07","2013",72,NA
"07","08","2013",74,NA
"07","09","2013",80,NA
"07","10","2013",94,NA
"07","11","2013",77,NA
"07","12","2013",73,NA
"07","13","2013",76,NA
"07","14","2013",69,NA
"07","15","2013",76,NA
"07","16","2013",79,NA
"07","17","2013",88,NA
"07","18","2013",82,NA
"07","19","2013",75,NA
"07","20","2013",77,NA
"07","21","2013",75,NA
"07","22","2013",67,NA
"07","23","2013",73,NA
"07","24","2013",66,NA
"07","25","2013",85,NA
"07","26","2013",72,NA
"07","27","2013",60,NA
"07","28","2013",NA,NA
"07","29","2013",74,NA
"07","30","2013",81,NA
"07","31","2013",68,NA
"08","01","2013",65,NA
"08","02","2013",76,NA
"08","03","2013",79,NA
"08","04","2013",71,NA
"08","05","2013",64,NA
"08","06","2013",NA,NA
"08","07","2013",NA,NA
"08","08","2013",76,NA
"08","09","2013",78,NA
"08","10","2013",88,NA
"08","11","2013",88,NA
"08","12","2013",65,NA
"08","13","2013",77,NA
"08","14","2013",81,NA
"08","15","2013",84,NA
"08","16","2013",67,NA
"08","17","2013",70,NA
"08","18","2013",66,NA
"08","19","2013",64,NA
"08","20","2013",67,NA
"08","21","2013",69,NA
"08","22","2013",63,NA
"08","23","2013",66,NA
"08","24","2013",66,NA
"08","25","2013",77,NA
"08","26","2013",83,NA
"08","27","2013",72,NA
"08","28","2013",74,NA
"08","29","2013",69,NA
"08","30","2013",NA,NA
"08","31","2013",61,NA
"09","01","2013",62,NA
"09","02","2013",NA,NA
"09","03","2013",65,NA
"09","04","2013",69,NA
"09","05","2013",63,NA
"09","06","2013",NA,NA
"09","07","2013",73,NA
"09","08","2013",73,NA
"09","09","2013",78,NA
"09","10","2013",69,NA
"09","11","2013",57,NA
"09","12","2013",67,NA
"09","13","2013",63,65
"09","14","2013",NA,70
"09","15","2013",79,81
"09","16","2013",65,NA
"09","17","2013",NA,77
"09","18","2013",74,80
"09","19","2013",81,85
"09","20","2013",67,79
"09","21","2013",NA,68
"09","22","2013",66,57
"09","23","2013",65,NA
"09","24","2013",NA,70
"09","25","2013",64,NA
"09","26","2013",61,45
"09","27","2013",77,58
"09","28","2013",NA,54
"09","29","2013",94,87
"09","30","2013",64,61
"10","01","2013",72,NA
"10","02","2013",67,NA
"10","03","2013",79,NA
"10","04","2013",68,NA
"10","05","2013",65,NA
"10","06","2013",NA,NA
"10","07","2013",64,NA
"10","08","2013",67,NA
"10","09","2013",67,NA
"10","10","2013",68,NA
"10","11","2013",64,NA
"10","12","2013",76,NA
"10","13","2013",84,NA
"10","14","2013",75,NA
"10","15","2013",67,NA
"10","16","2013",96,NA
"10","17","2013",79,NA
"10","18","2013",64,NA
"10","19","2013",NA,NA
"10","20","2013",68,NA
"10","21","2013",79,NA
"10","22","2013",82,NA
"10","23","2013",77,NA
"10","24","2013",81,NA
"10","25","2013",66,NA
"10","26","2013",61,NA
"10","27","2013",68,NA
"10","28","2013",61,NA
"10","29","2013",81,NA
"10","30","2013",86,NA
"10","31","2013",80,NA
"11","01","2013",71,NA
"11","02","2013",65,NA
"11","03","2013",71,NA
"11","04","2013",97,NA
"11","05","2013",85,NA
"11","06","2013",77,NA
"11","07","2013",79,NA
"11","08","2013",83,NA
"11","09","2013",83,NA
"11","10","2013",76,NA
"11","11","2013",78,NA
"11","12","2013",69,NA
"11","13","2013",72,NA
"11","14","2013",87,NA
"11","15","2013",NA,NA
"11","16","2013",70,NA
"11","17","2013",70,NA
"11","18","2013",NA,NA
"11","19","2013",78,NA
"11","20","2013",90,NA
"11","21","2013",87,NA
"11","22","2013",86,NA
"11","23","2013",84,NA
"11","24","2013",83,NA
"11","25","2013",83,NA
"11","26","2013",79,NA
"11","27","2013",80,NA
"11","28","2013",85,NA
"11","29","2013",90,NA
"11","30","2013",90,NA
"12","01","2013",83,NA
"12","02","2013",90,NA
"12","03","2013",84,NA
"12","04","2013",86,NA
"12","05","2013",81,NA
"12","06","2013",77,NA
"12","07","2013",81,NA
"12","08","2013",84,NA
"12","09","2013",87,NA
"12","10","2013",81,NA
"12","11","2013",80,NA
"12","12","2013",80,NA
"12","13","2013",81,NA
"12","14","2013",76,NA
"12","15","2013",79,NA
"12","16","2013",82,NA
"12","17","2013",80,NA
"12","18","2013",87,NA
"12","19","2013",85,NA
"12","20","2013",93,NA
"12","21","2013",94,NA
"12","22","2013",79,NA
"12","23","2013",86,NA
"12","24","2013",79,NA
"12","25","2013",84,NA
"12","26","2013",80,NA
"12","27","2013",81,NA
"12","28","2013",NA,NA
"12","29","2013",76,NA
"12","30","2013",75,NA
"12","31","2013",76,NA
