"month","day","year","36015020","36025010","37055010"
"01","01","2005",NA,76,72
"01","02","2005",NA,79,78
"01","03","2005",NA,75,73
"01","04","2005",NA,72,70
"01","05","2005",NA,75,85
"01","06","2005",NA,70,80
"01","07","2005",NA,62,82
"01","08","2005",NA,83,80
"01","09","2005",NA,88,79
"01","10","2005",NA,78,75
"01","11","2005",NA,80,73
"01","12","2005",NA,76,NA
"01","13","2005",NA,78,85
"01","14","2005",NA,75,73
"01","15","2005",NA,91,88
"01","16","2005",NA,85,84
"01","17","2005",NA,76,78
"01","18","2005",NA,73,73
"01","19","2005",NA,77,69
"01","20","2005",NA,80,66
"01","21","2005",NA,69,63
"01","22","2005",NA,75,70
"01","23","2005",NA,73,71
"01","24","2005",NA,82,67
"01","25","2005",NA,76,61
"01","26","2005",NA,71,67
"01","27","2005",NA,69,65
"01","28","2005",NA,67,68
"01","29","2005",NA,76,63
"01","30","2005",NA,78,63
"01","31","2005",NA,72,69
"02","01","2005",NA,76,63
"02","02","2005",NA,64,58
"02","03","2005",NA,73,69
"02","04","2005",NA,77,64
"02","05","2005",NA,81,76
"02","06","2005",NA,85,69
"02","07","2005",NA,78,72
"02","08","2005",NA,86,81
"02","09","2005",NA,90,88
"02","10","2005",NA,97,91
"02","11","2005",NA,86,80
"02","12","2005",NA,80,83
"02","13","2005",NA,77,66
"02","14","2005",NA,78,69
"02","15","2005",NA,85,64
"02","16","2005",NA,89,70
"02","17","2005",NA,80,69
"02","18","2005",NA,76,64
"02","19","2005",NA,77,68
"02","20","2005",NA,80,66
"02","21","2005",NA,75,70
"02","22","2005",NA,77,69
"02","23","2005",NA,70,66
"02","24","2005",NA,73,68
"02","25","2005",NA,66,70
"02","26","2005",NA,62,68
"02","27","2005",NA,84,65
"02","28","2005",NA,78,64
"03","01","2005",NA,71,62
"03","02","2005",NA,74,64
"03","03","2005",NA,76,66
"03","04","2005",NA,82,69
"03","05","2005",NA,71,66
"03","06","2005",NA,NA,62
"03","07","2005",NA,77,65
"03","08","2005",NA,79,62
"03","09","2005",NA,88,62
"03","10","2005",NA,85,54
"03","11","2005",NA,86,55
"03","12","2005",NA,73,59
"03","13","2005",NA,74,59
"03","14","2005",NA,63,50
"03","15","2005",NA,71,49
"03","16","2005",NA,75,54
"03","17","2005",NA,81,56
"03","18","2005",NA,70,54
"03","19","2005",NA,72,57
"03","20","2005",NA,63,61
"03","21","2005",NA,64,55
"03","22","2005",NA,62,52
"03","23","2005",NA,70,57
"03","24","2005",NA,81,65
"03","25","2005",NA,74,59
"03","26","2005",NA,68,52
"03","27","2005",NA,67,57
"03","28","2005",NA,75,52
"03","29","2005",NA,76,54
"03","30","2005",NA,73,56
"03","31","2005",NA,66,58
"04","01","2005",NA,79,57
"04","02","2005",NA,70,63
"04","03","2005",NA,94,84
"04","04","2005",NA,78,78
"04","05","2005",NA,85,69
"04","06","2005",NA,82,84
"04","07","2005",NA,87,67
"04","08","2005",NA,88,70
"04","09","2005",NA,82,87
"04","10","2005",NA,86,91
"04","11","2005",NA,92,76
"04","12","2005",NA,87,86
"04","13","2005",NA,87,87
"04","14","2005",NA,83,93
"04","15","2005",NA,81,NA
"04","16","2005",NA,79,79
"04","17","2005",NA,86,79
"04","18","2005",NA,81,79
"04","19","2005",NA,75,79
"04","20","2005",NA,84,96
"04","21","2005",NA,89,85
"04","22","2005",NA,88,76
"04","23","2005",NA,93,84
"04","24","2005",NA,85,71
"04","25","2005",NA,95,83
"04","26","2005",NA,85,74
"04","27","2005",NA,86,85
"04","28","2005",NA,77,NA
"04","29","2005",NA,84,83
"04","30","2005",NA,77,80
"05","01","2005",NA,91,83
"05","02","2005",NA,91,90
"05","03","2005",NA,87,80
"05","04","2005",NA,86,91
"05","05","2005",NA,86,80
"05","06","2005",NA,89,94
"05","07","2005",NA,NA,80
"05","08","2005",NA,NA,84
"05","09","2005",NA,87,86
"05","10","2005",NA,87,82
"05","11","2005",NA,92,83
"05","12","2005",NA,NA,85
"05","13","2005",NA,94,95
"05","14","2005",NA,90,82
"05","15","2005",NA,90,84
"05","16","2005",NA,88,82
"05","17","2005",NA,90,84
"05","18","2005",NA,NA,85
"05","19","2005",NA,84,86
"05","20","2005",NA,93,85
"05","21","2005",NA,89,80
"05","22","2005",NA,83,76
"05","23","2005",NA,95,95
"05","24","2005",NA,91,83
"05","25","2005",NA,NA,78
"05","26","2005",NA,85,75
"05","27","2005",NA,NA,97
"05","28","2005",NA,91,84
"05","29","2005",NA,80,81
"05","30","2005",NA,NA,91
"05","31","2005",NA,89,79
"06","01","2005",NA,91,89
"06","02","2005",NA,88,78
"06","03","2005",NA,90,90
"06","04","2005",NA,94,95
"06","05","2005",NA,92,86
"06","06","2005",NA,93,84
"06","07","2005",NA,88,83
"06","08","2005",NA,91,74
"06","09","2005",NA,92,87
"06","10","2005",NA,89,91
"06","11","2005",NA,86,84
"06","12","2005",NA,98,93
"06","13","2005",NA,86,82
"06","14","2005",NA,87,91
"06","15","2005",NA,90,94
"06","16","2005",NA,NA,79
"06","17","2005",NA,89,85
"06","18","2005",NA,96,89
"06","19","2005",NA,91,93
"06","20","2005",NA,89,97
"06","21","2005",NA,90,84
"06","22","2005",NA,93,80
"06","23","2005",NA,NA,86
"06","24","2005",NA,NA,89
"06","25","2005",NA,87,95
"06","26","2005",NA,98,87
"06","27","2005",NA,78,77
"06","28","2005",NA,89,78
"06","29","2005",NA,83,88
"06","30","2005",NA,86,98
"07","01","2005",NA,86,79
"07","02","2005",NA,93,77
"07","03","2005",NA,92,77
"07","04","2005",NA,91,NA
"07","05","2005",NA,87,76
"07","06","2005",NA,92,82
"07","07","2005",NA,96,84
"07","08","2005",NA,92,84
"07","09","2005",NA,90,80
"07","10","2005",NA,89,76
"07","11","2005",NA,97,88
"07","12","2005",NA,98,87
"07","13","2005",NA,96,76
"07","14","2005",NA,98,78
"07","15","2005",NA,98,85
"07","16","2005",NA,92,82
"07","17","2005",NA,92,90
"07","18","2005",NA,93,85
"07","19","2005",NA,98,92
"07","20","2005",NA,NA,94
"07","21","2005",NA,94,84
"07","22","2005",NA,97,90
"07","23","2005",NA,95,95
"07","24","2005",NA,96,93
"07","25","2005",NA,90,84
"07","26","2005",NA,94,89
"07","27","2005",NA,92,88
"07","28","2005",NA,90,87
"07","29","2005",NA,89,86
"07","30","2005",NA,87,86
"07","31","2005",NA,86,90
"08","01","2005",NA,90,85
"08","02","2005",NA,91,86
"08","03","2005",NA,89,84
"08","04","2005",NA,84,85
"08","05","2005",NA,88,87
"08","06","2005",NA,92,79
"08","07","2005",NA,98,96
"08","08","2005",NA,88,86
"08","09","2005",NA,90,NA
"08","10","2005",NA,90,81
"08","11","2005",NA,90,81
"08","12","2005",NA,87,79
"08","13","2005",NA,88,79
"08","14","2005",NA,85,81
"08","15","2005",NA,95,85
"08","16","2005",NA,96,90
"08","17","2005",NA,87,80
"08","18","2005",NA,90,96
"08","19","2005",NA,96,79
"08","20","2005",NA,88,77
"08","21","2005",NA,93,81
"08","22","2005",NA,84,76
"08","23","2005",NA,86,83
"08","24","2005",NA,88,96
"08","25","2005",NA,88,83
"08","26","2005",NA,83,77
"08","27","2005",NA,89,81
"08","28","2005",NA,95,85
"08","29","2005",NA,88,72
"08","30","2005",NA,91,81
"08","31","2005",NA,89,74
"09","01","2005",NA,86,83
"09","02","2005",NA,88,78
"09","03","2005",NA,88,86
"09","04","2005",NA,92,78
"09","05","2005",NA,82,82
"09","06","2005",NA,89,97
"09","07","2005",NA,96,86
"09","08","2005",NA,79,74
"09","09","2005",NA,92,94
"09","10","2005",NA,82,82
"09","11","2005",NA,75,78
"09","12","2005",NA,89,95
"09","13","2005",NA,88,87
"09","14","2005",NA,80,80
"09","15","2005",NA,94,86
"09","16","2005",NA,92,68
"09","17","2005",NA,82,88
"09","18","2005",NA,87,85
"09","19","2005",NA,87,78
"09","20","2005",NA,80,80
"09","21","2005",NA,88,85
"09","22","2005",NA,NA,95
"09","23","2005",NA,78,82
"09","24","2005",NA,87,78
"09","25","2005",NA,85,81
"09","26","2005",NA,90,74
"09","27","2005",NA,88,89
"09","28","2005",NA,82,85
"09","29","2005",NA,95,93
"09","30","2005",NA,95,75
"10","01","2005",NA,81,79
"10","02","2005",NA,88,83
"10","03","2005",NA,88,78
"10","04","2005",NA,90,85
"10","05","2005",NA,80,75
"10","06","2005",NA,87,80
"10","07","2005",NA,81,83
"10","08","2005",NA,88,79
"10","09","2005",NA,92,87
"10","10","2005",NA,89,87
"10","11","2005",NA,80,89
"10","12","2005",NA,89,82
"10","13","2005",NA,97,83
"10","14","2005",NA,89,85
"10","15","2005",80.2916666666667,90,85
"10","16","2005",75.4166666666667,NA,90
"10","17","2005",70.0833333333333,NA,78
"10","18","2005",60.5833333333333,79,82
"10","19","2005",NA,84,80
"10","20","2005",NA,NA,82
"10","21","2005",NA,88,75
"10","22","2005",NA,83,86
"10","23","2005",NA,95,83
"10","24","2005",NA,96,85
"10","25","2005",NA,94,95
"10","26","2005",NA,84,80
"10","27","2005",NA,87,77
"10","28","2005",0.166666666666667,87,87
"10","29","2005",0.166666666666667,86,83
"10","30","2005",NA,88,84
"10","31","2005",0.125,88,80
"11","01","2005",NA,86,78
"11","02","2005",NA,86,84
"11","03","2005",NA,85,85
"11","04","2005",62.4583333333333,93,82
"11","05","2005",69.125,97,78
"11","06","2005",67.5,95,94
"11","07","2005",66.25,90,79
"11","08","2005",NA,91,90
"11","09","2005",NA,92,98
"11","10","2005",NA,97,84
"11","11","2005",NA,96,81
"11","12","2005",NA,95,78
"11","13","2005",NA,92,88
"11","14","2005",NA,93,84
"11","15","2005",NA,97,83
"11","16","2005",NA,86,85
"11","17","2005",NA,87,80
"11","18","2005",NA,96,83
"11","19","2005",NA,90,91
"11","20","2005",85.8333333333333,91,84
"11","21","2005",88.0833333333333,90,87
"11","22","2005",81.7916666666667,87,82
"11","23","2005",85.625,89,81
"11","24","2005",85.5833333333333,NA,83
"11","25","2005",NA,90,77
"11","26","2005",NA,86,78
"11","27","2005",78.0833333333333,84,75
"11","28","2005",77.7916666666667,90,75
"11","29","2005",80.5833333333333,91,76
"11","30","2005",NA,96,79
"12","01","2005",78.7083333333333,95,74
"12","02","2005",80.3333333333333,93,78
"12","03","2005",79.1666666666667,94,75
"12","04","2005",79.9583333333333,92,77
"12","05","2005",80.0833333333333,84,79
"12","06","2005",76.1666666666667,88,74
"12","07","2005",76.9166666666667,93,74
"12","08","2005",77.4166666666667,88,72
"12","09","2005",73.8333333333333,92,78
"12","10","2005",80.875,86,86
"12","11","2005",94.0833333333333,99,93
"12","12","2005",83.5416666666667,95,80
"12","13","2005",80.8333333333333,96,74
"12","14","2005",78.6666666666667,82,69
"12","15","2005",NA,92,74
"12","16","2005",NA,90,73
"12","17","2005",NA,91,74
"12","18","2005",77.875,88,74
"12","19","2005",78.1666666666667,96,68
"12","20","2005",NA,92,68
"12","21","2005",77.4583333333333,93,78
"12","22","2005",80.75,94,74
"12","23","2005",75.375,93,71
"12","24","2005",74,91,67
"12","25","2005",75.625,89,70
"12","26","2005",NA,92,73
"12","27","2005",76.2083333333333,85,73
"12","28","2005",NA,NA,66
"12","29","2005",NA,89,67
"12","30","2005",73.2916666666667,90,70
"12","31","2005",NA,NA,68
"01","01","2006",72.4583333333333,93,68
"01","02","2006",NA,89,71
"01","03","2006",77.0833333333333,93,69
"01","04","2006",77.0833333333333,94,67
"01","05","2006",81.2916666666667,96,74
"01","06","2006",NA,92,70
"01","07","2006",76.3333333333333,90,76
"01","08","2006",74.7916666666667,96,69
"01","09","2006",70.625,93,67
"01","10","2006",71.7916666666667,95,74
"01","11","2006",NA,93,71
"01","12","2006",71.8333333333333,92,67
"01","13","2006",72.75,93,64
"01","14","2006",72.8333333333333,90,63
"01","15","2006",72.3333333333333,91,68
"01","16","2006",76.25,94,73
"01","17","2006",NA,86,67
"01","18","2006",NA,91,62
"01","19","2006",NA,89,61
"01","20","2006",65.125,90,56
"01","21","2006",64.0416666666667,87,62
"01","22","2006",63.9166666666667,87,61
"01","23","2006",69.2916666666667,95,71
"01","24","2006",69.4583333333333,87,75
"01","25","2006",80.125,96,73
"01","26","2006",80.5416666666667,96,75
"01","27","2006",83.2916666666667,96,94
"01","28","2006",90.2083333333333,90,93
"01","29","2006",91.375,87,84
"01","30","2006",NA,89,69
"01","31","2006",74.8333333333333,93,70
"02","01","2006",75.5416666666667,NA,74
"02","02","2006",NA,NA,71
"02","03","2006",76.2083333333333,NA,75
"02","04","2006",NA,NA,69
"02","05","2006",74.0416666666667,NA,66
"02","06","2006",NA,NA,64
"02","07","2006",NA,NA,66
"02","08","2006",NA,NA,NA
"02","09","2006",NA,NA,67
"02","10","2006",NA,NA,68
"02","11","2006",70.9583333333333,NA,65
"02","12","2006",71.0833333333333,NA,64
"02","13","2006",70.625,NA,66
"02","14","2006",64.8333333333333,NA,61
"02","15","2006",67.6666666666667,NA,61
"02","16","2006",66.25,NA,60
"02","17","2006",68.75,NA,63
"02","18","2006",76.9166666666667,NA,70
"02","19","2006",69.8333333333333,NA,65
"02","20","2006",66.0416666666667,NA,58
"02","21","2006",NA,NA,65
"02","22","2006",67.3333333333333,NA,62
"02","23","2006",65.9166666666667,NA,63
"02","24","2006",63,NA,61
"02","25","2006",62.5,NA,58
"02","26","2006",65.2083333333333,NA,64
"02","27","2006",NA,NA,61
"02","28","2006",64.375,NA,59
"03","01","2006",61.3333333333333,NA,64
"03","02","2006",NA,NA,64
"03","03","2006",61.7083333333333,NA,63
"03","04","2006",66.2083333333333,NA,66
"03","05","2006",74.375,NA,66
"03","06","2006",81.1666666666667,NA,68
"03","07","2006",81.6666666666667,NA,72
"03","08","2006",NA,NA,79
"03","09","2006",86.375,NA,87
"03","10","2006",NA,NA,69
"03","11","2006",70.375,NA,62
"03","12","2006",70.4166666666667,NA,63
"03","13","2006",66.6666666666667,NA,70
"03","14","2006",66.3333333333333,NA,56
"03","15","2006",64.6666666666667,NA,59
"03","16","2006",77.9583333333333,NA,68
"03","17","2006",75.4583333333333,NA,69
"03","18","2006",66.7916666666667,NA,64
"03","19","2006",66.9166666666667,NA,59
"03","20","2006",85.3333333333333,NA,74
"03","21","2006",NA,NA,79
"03","22","2006",NA,NA,87
"03","23","2006",84.25,NA,90
"03","24","2006",77.7916666666667,NA,75
"03","25","2006",75.75,NA,67
"03","26","2006",91.0833333333333,NA,79
"03","27","2006",92.5416666666667,NA,89
"03","28","2006",NA,NA,88
"03","29","2006",75.375,NA,68
"03","30","2006",70.7916666666667,NA,68
"03","31","2006",71.3333333333333,NA,66
"04","01","2006",NA,NA,68
"04","02","2006",NA,NA,66
"04","03","2006",NA,NA,74
"04","04","2006",NA,NA,67
"04","05","2006",NA,NA,74
"04","06","2006",NA,NA,70
"04","07","2006",NA,NA,76
"04","08","2006",NA,NA,69
"04","09","2006",NA,NA,60
"04","10","2006",71.7916666666667,NA,60
"04","11","2006",NA,NA,57
"04","12","2006",70.375,NA,65
"04","13","2006",90.75,NA,85
"04","14","2006",89.9583333333333,NA,93
"04","15","2006",83.4166666666667,NA,75
"04","16","2006",NA,NA,75
"04","17","2006",89.875,NA,95
"04","18","2006",79.625,NA,79
"04","19","2006",NA,NA,76
"04","20","2006",NA,NA,95
"04","21","2006",78.2083333333333,NA,71
"04","22","2006",76.625,NA,75
"04","23","2006",90.5,NA,73
"04","24","2006",83.9166666666667,NA,73
"04","25","2006",83.125,NA,76
"04","26","2006",92.5833333333333,NA,88
"04","27","2006",NA,NA,81
"04","28","2006",88.9583333333333,NA,96
"04","29","2006",87.625,NA,86
"04","30","2006",85.2916666666667,NA,80
"05","01","2006",81.4166666666667,NA,87
"05","02","2006",83.2916666666667,NA,83
"05","03","2006",89.7083333333333,NA,97
"05","04","2006",83.7916666666667,NA,81
"05","05","2006",91,NA,98
"05","06","2006",94.0833333333333,NA,92
"05","07","2006",89.7083333333333,NA,98
"05","08","2006",88.9166666666667,NA,87
"05","09","2006",88.375,NA,80
"05","10","2006",86.7083333333333,NA,73
"05","11","2006",84.0833333333333,NA,72
"05","12","2006",81,NA,77
"05","13","2006",78.2916666666667,NA,81
"05","14","2006",81.7916666666667,NA,81
"05","15","2006",85.4583333333333,NA,88
"05","16","2006",NA,NA,93
"05","17","2006",NA,NA,78
"05","18","2006",NA,NA,84
"05","19","2006",95.4583333333333,NA,93
"05","20","2006",NA,NA,69
"05","21","2006",NA,NA,71
"05","22","2006",NA,NA,71
"05","23","2006",NA,NA,79
"05","24","2006",NA,NA,85
"05","25","2006",82.1666666666667,NA,78
"05","26","2006",87.6666666666667,NA,87
"05","27","2006",84.4166666666667,NA,88
"05","28","2006",85.625,NA,85
"05","29","2006",93.2916666666667,NA,90
"05","30","2006",80.4166666666667,NA,79
"05","31","2006",85.7916666666667,NA,84
"06","01","2006",92.0833333333333,NA,87
"06","02","2006",87.4583333333333,NA,77
"06","03","2006",NA,NA,93
"06","04","2006",80.2916666666667,NA,77
"06","05","2006",88.2916666666667,NA,82
"06","06","2006",83.6666666666667,NA,91
"06","07","2006",91.5416666666667,NA,77
"06","08","2006",96.25,NA,94
"06","09","2006",91.0416666666667,NA,89
"06","10","2006",87.625,NA,88
"06","11","2006",89.0416666666667,NA,90
"06","12","2006",NA,NA,84
"06","13","2006",NA,NA,82
"06","14","2006",94.5416666666667,NA,97
"06","15","2006",NA,NA,77
"06","16","2006",81.75,NA,80
"06","17","2006",83.5416666666667,NA,86
"06","18","2006",81.8333333333333,NA,85
"06","19","2006",87.5833333333333,NA,93
"06","20","2006",82.0416666666667,NA,71
"06","21","2006",90.25,NA,91
"06","22","2006",89.4583333333333,NA,93
"06","23","2006",79.375,NA,81
"06","24","2006",82.1666666666667,NA,96
"06","25","2006",90.7916666666667,NA,85
"06","26","2006",88.75,NA,91
"06","27","2006",88.75,NA,87
"06","28","2006",89.9166666666667,NA,93
"06","29","2006",84.1666666666667,NA,84
"06","30","2006",81.5416666666667,NA,81
"07","01","2006",79.9583333333333,NA,78
"07","02","2006",83.3333333333333,NA,69
"07","03","2006",89.3333333333333,NA,90
"07","04","2006",87.2083333333333,NA,84
"07","05","2006",NA,NA,81
"07","06","2006",92.5833333333333,NA,91
"07","07","2006",89.5,NA,84
"07","08","2006",NA,NA,76
"07","09","2006",84.4583333333333,NA,78
"07","10","2006",93.0833333333333,NA,94
"07","11","2006",85.1666666666667,NA,80
"07","12","2006",NA,NA,72
"07","13","2006",NA,NA,81
"07","14","2006",NA,NA,93
"07","15","2006",NA,NA,82
"07","16","2006",NA,NA,83
"07","17","2006",NA,NA,78
"07","18","2006",83.1666666666667,NA,75
"07","19","2006",NA,NA,85
"07","20","2006",NA,NA,75
"07","21","2006",NA,NA,73
"07","22","2006",92.125,NA,89
"07","23","2006",84.75,NA,79
"07","24","2006",85.6666666666667,NA,77
"07","25","2006",90.375,NA,88
"07","26","2006",83.5,NA,83
"07","27","2006",NA,NA,87
"07","28","2006",96.1666666666667,NA,95
"07","29","2006",87.4166666666667,NA,85
"07","30","2006",NA,NA,79
"07","31","2006",85.7083333333333,NA,91
"08","01","2006",90.5,NA,82
"08","02","2006",80.375,NA,77
"08","03","2006",NA,NA,79
"08","04","2006",87.0833333333333,NA,90
"08","05","2006",82.2916666666667,NA,78
"08","06","2006",NA,NA,81
"08","07","2006",NA,NA,83
"08","08","2006",NA,NA,80
"08","09","2006",83.375,NA,80
"08","10","2006",85.875,NA,90
"08","11","2006",NA,NA,93
"08","12","2006",88.0833333333333,NA,88
"08","13","2006",78.4166666666667,NA,78
"08","14","2006",78.7916666666667,NA,79
"08","15","2006",82.2916666666667,NA,83
"08","16","2006",89.625,NA,96
"08","17","2006",NA,NA,84
"08","18","2006",83.2083333333333,NA,92
"08","19","2006",88.9583333333333,NA,89
"08","20","2006",88.875,NA,82
"08","21","2006",81.4583333333333,NA,87
"08","22","2006",88.9583333333333,NA,85
"08","23","2006",82.5833333333333,NA,95
"08","24","2006",89.4166666666667,NA,94
"08","25","2006",86.25,NA,86
"08","26","2006",83.25,NA,83
"08","27","2006",84.1666666666667,NA,76
"08","28","2006",88,NA,86
"08","29","2006",88.9166666666667,NA,90
"08","30","2006",87.375,NA,83
"08","31","2006",82.625,NA,NA
"09","01","2006",NA,NA,79
"09","02","2006",79.6666666666667,NA,76
"09","03","2006",78.75,NA,75
"09","04","2006",87.0416666666667,NA,89
"09","05","2006",82.125,NA,86
"09","06","2006",79.2916666666667,NA,77
"09","07","2006",78.9583333333333,NA,81
"09","08","2006",83.625,NA,83
"09","09","2006",79.0833333333333,NA,89
"09","10","2006",NA,NA,80
"09","11","2006",90.4583333333333,NA,96
"09","12","2006",85.7916666666667,NA,88
"09","13","2006",80.3333333333333,NA,83
"09","14","2006",NA,NA,81
"09","15","2006",78.4583333333333,92,77
"09","16","2006",NA,89,96
"09","17","2006",NA,90,84
"09","18","2006",88.8333333333333,95,90
"09","19","2006",NA,95,83
"09","20","2006",79.9166666666667,94,83
"09","21","2006",78.2083333333333,97,82
"09","22","2006",NA,89,85
"09","23","2006",NA,86,77
"09","24","2006",85.375,93,87
"09","25","2006",86.4166666666667,92,85
"09","26","2006",NA,92,81
"09","27","2006",NA,91,81
"09","28","2006",78.8333333333333,93,85
"09","29","2006",NA,92,89
"09","30","2006",NA,86,86
"10","01","2006",NA,91,79
"10","02","2006",NA,91,88
"10","03","2006",83.5833333333333,88,91
"10","04","2006",81.875,95,84
"10","05","2006",NA,92,79
"10","06","2006",80.25,93,79
"10","07","2006",NA,91,80
"10","08","2006",83.5833333333333,95,86
"10","09","2006",92.1666666666667,98,92
"10","10","2006",NA,94,84
"10","11","2006",NA,90,95
"10","12","2006",82.125,87,81
"10","13","2006",NA,93,81
"10","14","2006",NA,96,78
"10","15","2006",85.4583333333333,94,86
"10","16","2006",NA,85,80
"10","17","2006",NA,97,88
"10","18","2006",83.375,94,80
"10","19","2006",86,98,83
"10","20","2006",87.7083333333333,94,94
"10","21","2006",NA,96,79
"10","22","2006",80.2916666666667,91,79
"10","23","2006",NA,NA,86
"10","24","2006",NA,94,82
"10","25","2006",NA,97,81
"10","26","2006",87.7083333333333,NA,92
"10","27","2006",NA,96,79
"10","28","2006",83.25,91,81
"10","29","2006",83.0416666666667,94,77
"10","30","2006",NA,95,75
"10","31","2006",80.375,84,82
"11","01","2006",78.5833333333333,89,78
"11","02","2006",NA,91,79
"11","03","2006",78.25,89,79
"11","04","2006",NA,93,86
"11","05","2006",NA,90,80
"11","06","2006",NA,89,77
"11","07","2006",80.5416666666667,91,NA
"11","08","2006",82,88,83
"11","09","2006",NA,91,97
"11","10","2006",NA,92,87
"11","11","2006",NA,86,82
"11","12","2006",NA,NA,95
"11","13","2006",NA,87,96
"11","14","2006",85.2916666666667,92,92
"11","15","2006",NA,92,93
"11","16","2006",83.8333333333333,91,82
"11","17","2006",93.75,87,91
"11","18","2006",NA,91,81
"11","19","2006",NA,94,85
"11","20","2006",NA,89,94
"11","21","2006",NA,93,83
"11","22","2006",NA,86,85
"11","23","2006",80.5,93,79
"11","24","2006",81.2083333333333,95,85
"11","25","2006",NA,93,78
"11","26","2006",NA,88,80
"11","27","2006",NA,90,83
"11","28","2006",NA,88,82
"11","29","2006",NA,89,89
"11","30","2006",NA,90,83
"12","01","2006",79.4166666666667,89,85
"12","02","2006",NA,88,81
"12","03","2006",79.875,93,82
"12","04","2006",82.8333333333333,88,81
"12","05","2006",77.75,91,84
"12","06","2006",NA,93,80
"12","07","2006",NA,91,80
"12","08","2006",NA,87,73
"12","09","2006",NA,89,85
"12","10","2006",79.9166666666667,89,83
"12","11","2006",83.4583333333333,86,88
"12","12","2006",82.25,91,90
"12","13","2006",NA,92,81
"12","14","2006",NA,91,80
"12","15","2006",NA,89,78
"12","16","2006",NA,88,74
"12","17","2006",NA,91,78
"12","18","2006",78.3333333333333,90,77
"12","19","2006",NA,94,77
"12","20","2006",NA,88,75
"12","21","2006",NA,89,77
"12","22","2006",77.5,92,82
"12","23","2006",86.875,90,93
"12","24","2006",79.2083333333333,87,87
"12","25","2006",77.9166666666667,88,81
"12","26","2006",74.25,86,81
"12","27","2006",77.25,85,83
"12","28","2006",75.1666666666667,84,83
"12","29","2006",73.0833333333333,86,74
"12","30","2006",74.25,89,70
"12","31","2006",71.0416666666667,89,80
"01","01","2007",70.25,88,76
"01","02","2007",70.7083333333333,85,79
"01","03","2007",NA,88,86
"01","04","2007",69.5,86,75
"01","05","2007",NA,87,77
"01","06","2007",NA,88,75
"01","07","2007",72,87,75
"01","08","2007",NA,90,73
"01","09","2007",NA,87,79
"01","10","2007",71.3333333333333,90,73
"01","11","2007",72.4166666666667,89,78
"01","12","2007",71.5416666666667,89,81
"01","13","2007",74.125,84,79
"01","14","2007",70.5,88,76
"01","15","2007",71.9583333333333,90,79
"01","16","2007",NA,NA,75
"01","17","2007",72.375,89,74
"01","18","2007",70.0416666666667,88,74
"01","19","2007",71.9583333333333,88,66
"01","20","2007",NA,90,66
"01","21","2007",NA,89,71
"01","22","2007",71.25,89,70
"01","23","2007",67.9166666666667,90,66
"01","24","2007",68.1666666666667,92,65
"01","25","2007",67.3333333333333,90,69
"01","26","2007",66.7083333333333,89,69
"01","27","2007",66.25,88,67
"01","28","2007",65.1666666666667,86,66
"01","29","2007",62.5,85,64
"01","30","2007",62.7916666666667,90,65
"01","31","2007",61,91,68
"02","01","2007",61.625,89,66
"02","02","2007",58.2083333333333,87,65
"02","03","2007",58.4583333333333,86,60
"02","04","2007",56.5,87,58
"02","05","2007",60.2083333333333,90,59
"02","06","2007",NA,87,62
"02","07","2007",57.2916666666667,89,63
"02","08","2007",NA,87,61
"02","09","2007",60.8333333333333,88,65
"02","10","2007",61.2083333333333,86,59
"02","11","2007",58.2083333333333,88,63
"02","12","2007",59.7916666666667,88,61
"02","13","2007",60,87,62
"02","14","2007",61.0416666666667,89,61
"02","15","2007",58,88,62
"02","16","2007",54.4583333333333,87,56
"02","17","2007",51.4166666666667,88,60
"02","18","2007",54.25,87,60
"02","19","2007",48.875,88,53
"02","20","2007",NA,86,56
"02","21","2007",54.4583333333333,90,62
"02","22","2007",50.5,90,58
"02","23","2007",NA,89,60
"02","24","2007",51.7916666666667,89,59
"02","25","2007",82.7916666666667,88,NA
"02","26","2007",67.2083333333333,89,66
"02","27","2007",57.7083333333333,86,61
"02","28","2007",52,84,60
"03","01","2007",57.0416666666667,87,57
"03","02","2007",NA,84,59
"03","03","2007",58.9166666666667,87,58
"03","04","2007",60.4166666666667,87,66
"03","05","2007",59.875,88,61
"03","06","2007",59.5833333333333,90,64
"03","07","2007",53.75,87,64
"03","08","2007",55.5416666666667,89,74
"03","09","2007",NA,86,73
"03","10","2007",NA,91,68
"03","11","2007",54.4166666666667,89,61
"03","12","2007",55.9166666666667,87,60
"03","13","2007",NA,89,59
"03","14","2007",NA,89,62
"03","15","2007",NA,88,59
"03","16","2007",58.2916666666667,87,63
"03","17","2007",NA,88,61
"03","18","2007",NA,90,58
"03","19","2007",NA,86,60
"03","20","2007",NA,87,65
"03","21","2007",57.7083333333333,90,57
"03","22","2007",NA,87,62
"03","23","2007",NA,88,69
"03","24","2007",61.6666666666667,88,64
"03","25","2007",88.9583333333333,86,89
"03","26","2007",79.375,87,89
"03","27","2007",74.625,89,76
"03","28","2007",69,87,69
"03","29","2007",NA,89,96
"03","30","2007",NA,90,79
"03","31","2007",84.1666666666667,89,93
"04","01","2007",84.3333333333333,88,79
"04","02","2007",88.875,88,78
"04","03","2007",90.5416666666667,86,90
"04","04","2007",NA,87,78
"04","05","2007",NA,89,93
"04","06","2007",NA,88,77
"04","07","2007",NA,90,86
"04","08","2007",NA,89,72
"04","09","2007",NA,86,74
"04","10","2007",NA,88,76
"04","11","2007",NA,88,71
"04","12","2007",NA,89,67
"04","13","2007",NA,90,63
"04","14","2007",NA,89,69
"04","15","2007",NA,89,78
"04","16","2007",NA,91,72
"04","17","2007",NA,85,67
"04","18","2007",NA,90,90
"04","19","2007",NA,89,97
"04","20","2007",NA,90,74
"04","21","2007",NA,85,73
"04","22","2007",NA,91,80
"04","23","2007",NA,87,82
"04","24","2007",NA,84,93
"04","25","2007",NA,88,77
"04","26","2007",NA,90,86
"04","27","2007",NA,91,71
"04","28","2007",NA,88,73
"04","29","2007",NA,86,83
"04","30","2007",NA,85,83
"05","01","2007",NA,87,85
"05","02","2007",NA,87,86
"05","03","2007",NA,90,89
"05","04","2007",NA,88,88
"05","05","2007",NA,87,82
"05","06","2007",NA,87,78
"05","07","2007",NA,89,90
"05","08","2007",NA,87,94
"05","09","2007",NA,85,87
"05","10","2007",NA,89,88
"05","11","2007",NA,90,83
"05","12","2007",NA,88,87
"05","13","2007",NA,90,90
"05","14","2007",NA,88,90
"05","15","2007",NA,89,77
"05","16","2007",NA,88,97
"05","17","2007",NA,88,86
"05","18","2007",NA,89,96
"05","19","2007",NA,90,85
"05","20","2007",NA,89,82
"05","21","2007",NA,89,76
"05","22","2007",NA,89,72
"05","23","2007",NA,87,78
"05","24","2007",NA,88,80
"05","25","2007",NA,88,91
"05","26","2007",NA,88,83
"05","27","2007",NA,88,89
"05","28","2007",NA,89,77
"05","29","2007",NA,91,94
"05","30","2007",NA,86,92
"05","31","2007",NA,89,85
"06","01","2007",NA,89,96
"06","02","2007",NA,89,92
"06","03","2007",NA,87,95
"06","04","2007",NA,88,81
"06","05","2007",NA,89,95
"06","06","2007",NA,87,80
"06","07","2007",NA,88,96
"06","08","2007",NA,91,81
"06","09","2007",NA,90,91
"06","10","2007",NA,89,96
"06","11","2007",NA,89,80
"06","12","2007",NA,88,78
"06","13","2007",NA,88,75
"06","14","2007",NA,88,93
"06","15","2007",NA,86,88
"06","16","2007",NA,88,84
"06","17","2007",NA,88,86
"06","18","2007",NA,89,97
"06","19","2007",NA,90,94
"06","20","2007",NA,90,89
"06","21","2007",NA,88,82
"06","22","2007",NA,89,85
"06","23","2007",NA,88,93
"06","24","2007",NA,89,94
"06","25","2007",NA,89,94
"06","26","2007",NA,88,88
"06","27","2007",NA,88,96
"06","28","2007",NA,91,96
"06","29","2007",NA,90,96
"06","30","2007",NA,88,93
"07","01","2007",NA,89,82
"07","02","2007",NA,90,85
"07","03","2007",NA,90,85
"07","04","2007",NA,90,93
"07","05","2007",NA,88,93
"07","06","2007",NA,88,90
"07","07","2007",NA,85,92
"07","08","2007",NA,90,84
"07","09","2007",NA,91,89
"07","10","2007",NA,91,95
"07","11","2007",NA,89,91
"07","12","2007",NA,89,97
"07","13","2007",NA,88,97
"07","14","2007",NA,90,85
"07","15","2007",NA,88,95
"07","16","2007",NA,88,88
"07","17","2007",NA,87,92
"07","18","2007",NA,90,83
"07","19","2007",NA,89,89
"07","20","2007",NA,87,NA
"07","21","2007",NA,89,82
"07","22","2007",NA,90,92
"07","23","2007",NA,89,85
"07","24","2007",NA,87,79
"07","25","2007",NA,87,81
"07","26","2007",NA,87,97
"07","27","2007",NA,89,83
"07","28","2007",NA,89,89
"07","29","2007",NA,89,82
"07","30","2007",NA,89,83
"07","31","2007",NA,89,95
"08","01","2007",NA,91,84
"08","02","2007",NA,89,85
"08","03","2007",NA,88,88
"08","04","2007",NA,90,85
"08","05","2007",NA,89,87
"08","06","2007",NA,88,79
"08","07","2007",NA,87,79
"08","08","2007",NA,88,94
"08","09","2007",NA,89,83
"08","10","2007",NA,91,87
"08","11","2007",NA,89,88
"08","12","2007",NA,87,91
"08","13","2007",NA,90,80
"08","14","2007",NA,90,89
"08","15","2007",NA,88,95
"08","16","2007",NA,89,91
"08","17","2007",NA,87,81
"08","18","2007",NA,91,79
"08","19","2007",NA,88,95
"08","20","2007",NA,85,85
"08","21","2007",NA,89,95
"08","22","2007",NA,88,87
"08","23","2007",NA,90,81
"08","24","2007",NA,89,92
"08","25","2007",NA,90,77
"08","26","2007",NA,89,86
"08","27","2007",NA,89,78
"08","28","2007",NA,91,83
"08","29","2007",NA,89,92
"08","30","2007",NA,89,88
"08","31","2007",NA,90,81
"09","01","2007",NA,90,88
"09","02","2007",NA,91,79
"09","03","2007",NA,90,85
"09","04","2007",NA,89,89
"09","05","2007",NA,89,78
"09","06","2007",NA,90,86
"09","07","2007",NA,90,84
"09","08","2007",NA,88,87
"09","09","2007",NA,89,93
"09","10","2007",NA,89,80
"09","11","2007",NA,90,86
"09","12","2007",NA,90,88
"09","13","2007",NA,88,92
"09","14","2007",NA,89,90
"09","15","2007",NA,89,84
"09","16","2007",NA,89,87
"09","17","2007",NA,89,74
"09","18","2007",NA,89,75
"09","19","2007",NA,90,91
"09","20","2007",NA,89,88
"09","21","2007",NA,88,NA
"09","22","2007",NA,89,84
"09","23","2007",NA,90,72
"09","24","2007",NA,90,82
"09","25","2007",NA,87,79
"09","26","2007",NA,90,88
"09","27","2007",NA,89,76
"09","28","2007",NA,90,88
"09","29","2007",NA,90,81
"09","30","2007",NA,90,80
"10","01","2007",NA,91,98
"10","02","2007",NA,91,84
"10","03","2007",NA,89,86
"10","04","2007",NA,90,84
"10","05","2007",NA,89,80
"10","06","2007",NA,89,97
"10","07","2007",NA,89,77
"10","08","2007",NA,89,96
"10","09","2007",NA,90,78
"10","10","2007",NA,90,82
"10","11","2007",NA,90,86
"10","12","2007",NA,90,90
"10","13","2007",NA,88,92
"10","14","2007",NA,89,97
"10","15","2007",NA,90,89
"10","16","2007",NA,89,88
"10","17","2007",NA,88,85
"10","18","2007",NA,89,85
"10","19","2007",NA,90,NA
"10","20","2007",NA,88,82
"10","21","2007",NA,90,90
"10","22","2007",NA,89,87
"10","23","2007",NA,90,88
"10","24","2007",NA,91,91
"10","25","2007",NA,89,89
"10","26","2007",NA,91,92
"10","27","2007",NA,88,87
"10","28","2007",NA,90,94
"10","29","2007",NA,91,86
"10","30","2007",NA,87,94
"10","31","2007",NA,92,94
"11","01","2007",NA,88,84
"11","02","2007",NA,90,82
"11","03","2007",NA,87,84
"11","04","2007",NA,88,79
"11","05","2007",NA,89,78
"11","06","2007",NA,89,83
"11","07","2007",NA,89,90
"11","08","2007",NA,88,97
"11","09","2007",NA,88,87
"11","10","2007",NA,89,80
"11","11","2007",NA,89,84
"11","12","2007",NA,87,84
"11","13","2007",NA,89,80
"11","14","2007",NA,88,82
"11","15","2007",NA,87,86
"11","16","2007",NA,89,82
"11","17","2007",NA,89,94
"11","18","2007",NA,88,89
"11","19","2007",NA,87,84
"11","20","2007",NA,89,82
"11","21","2007",NA,90,83
"11","22","2007",NA,86,96
"11","23","2007",NA,NA,87
"11","24","2007",NA,87,85
"11","25","2007",NA,90,83
"11","26","2007",NA,89,82
"11","27","2007",NA,90,82
"11","28","2007",NA,90,80
"11","29","2007",NA,90,77
"11","30","2007",NA,89,81
"12","01","2007",NA,89,76
"12","02","2007",NA,88,73
"12","03","2007",NA,86,77
"12","04","2007",NA,89,78
"12","05","2007",NA,86,78
"12","06","2007",NA,88,74
"12","07","2007",NA,87,81
"12","08","2007",NA,88,74
"12","09","2007",NA,87,74
"12","10","2007",NA,86,77
"12","11","2007",NA,89,80
"12","12","2007",NA,87,76
"12","13","2007",NA,88,85
"12","14","2007",NA,89,87
"12","15","2007",NA,88,89
"12","16","2007",NA,89,86
"12","17","2007",NA,88,82
"12","18","2007",NA,87,79
"12","19","2007",NA,89,76
"12","20","2007",NA,87,81
"12","21","2007",NA,88,81
"12","22","2007",NA,88,86
"12","23","2007",NA,87,93
"12","24","2007",NA,87,87
"12","25","2007",NA,87,85
"12","26","2007",NA,89,80
"12","27","2007",NA,88,83
"12","28","2007",NA,89,83
"12","29","2007",NA,87,80
"12","30","2007",NA,85,77
"12","31","2007",NA,86,77
"01","01","2008",NA,89,70
"01","02","2008",NA,82,73
"01","03","2008",NA,86,75
"01","04","2008",NA,86,82
"01","05","2008",NA,88,82
"01","06","2008",NA,88,82
"01","07","2008",NA,86,78
"01","08","2008",NA,85,81
"01","09","2008",NA,88,78
"01","10","2008",NA,81,78
"01","11","2008",NA,76,76
"01","12","2008",NA,91,77
"01","13","2008",NA,86,76
"01","14","2008",NA,84,78
"01","15","2008",NA,85,80
"01","16","2008",NA,88,78
"01","17","2008",NA,82,74
"01","18","2008",NA,NA,73
"01","19","2008",NA,75,77
"01","20","2008",NA,NA,76
"01","21","2008",NA,76,71
"01","22","2008",NA,76,71
"01","23","2008",NA,NA,75
"01","24","2008",NA,NA,74
"01","25","2008",NA,NA,71
"01","26","2008",NA,NA,73
"01","27","2008",NA,NA,71
"01","28","2008",NA,NA,69
"01","29","2008",NA,82,71
"01","30","2008",NA,87,66
"01","31","2008",NA,82,68
"02","01","2008",NA,66,67
"02","02","2008",NA,89,65
"02","03","2008",NA,78,67
"02","04","2008",NA,72,69
"02","05","2008",NA,65,75
"02","06","2008",NA,79,76
"02","07","2008",NA,78,72
"02","08","2008",NA,NA,70
"02","09","2008",NA,88,86
"02","10","2008",NA,84,78
"02","11","2008",NA,78,75
"02","12","2008",NA,76,75
"02","13","2008",NA,87,69
"02","14","2008",NA,85,72
"02","15","2008",NA,89,69
"02","16","2008",NA,71,67
"02","17","2008",NA,89,68
"02","18","2008",NA,85,71
"02","19","2008",NA,71,67
"02","20","2008",NA,89,69
"02","21","2008",NA,88,68
"02","22","2008",NA,89,62
"02","23","2008",NA,85,65
"02","24","2008",NA,84,62
"02","25","2008",NA,85,60
"02","26","2008",NA,82,61
"02","27","2008",NA,85,62
"02","28","2008",NA,71,61
"02","29","2008",NA,84,58
"03","01","2008",NA,83,62
"03","02","2008",NA,85,62
"03","03","2008",NA,80,59
"03","04","2008",NA,82,62
"03","05","2008",NA,84,62
"03","06","2008",NA,77,77
"03","07","2008",NA,70,68
"03","08","2008",NA,83,64
"03","09","2008",NA,85,60
"03","10","2008",NA,84,60
"03","11","2008",NA,86,60
"03","12","2008",NA,73,60
"03","13","2008",NA,78,73
"03","14","2008",NA,85,88
"03","15","2008",NA,85,69
"03","16","2008",NA,88,66
"03","17","2008",66.375,83,66
"03","18","2008",62.2916666666667,80,61
"03","19","2008",64.0416666666667,80,64
"03","20","2008",65.6666666666667,84,63
"03","21","2008",65.7083333333333,77,66
"03","22","2008",63.0416666666667,89,64
"03","23","2008",63.25,89,60
"03","24","2008",62.0416666666667,85,60
"03","25","2008",NA,76,57
"03","26","2008",61.25,79,57
"03","27","2008",60.0833333333333,74,56
"03","28","2008",59.4583333333333,83,59
"03","29","2008",59.625,82,56
"03","30","2008",58.8333333333333,82,55
"03","31","2008",NA,85,56
"04","01","2008",61.9583333333333,83,58
"04","02","2008",54.8333333333333,89,57
"04","03","2008",NA,85,55
"04","04","2008",NA,91,60
"04","05","2008",65.5,90,63
"04","06","2008",67.9583333333333,83,64
"04","07","2008",64.0833333333333,80,59
"04","08","2008",55.9166666666667,81,59
"04","09","2008",58.5,91,61
"04","10","2008",65.9583333333333,82,63
"04","11","2008",73.625,86,66
"04","12","2008",78.7916666666667,92,76
"04","13","2008",65.875,90,61
"04","14","2008",73.8333333333333,84,73
"04","15","2008",75.125,86,93
"04","16","2008",60.8333333333333,73,68
"04","17","2008",61.0416666666667,81,60
"04","18","2008",92.2916666666667,89,89
"04","19","2008",NA,81,67
"04","20","2008",74.4166666666667,83,68
"04","21","2008",72.5,83,59
"04","22","2008",NA,73,74
"04","23","2008",84.625,88,92
"04","24","2008",80.4583333333333,86,87
"04","25","2008",NA,86,79
"04","26","2008",NA,88,76
"04","27","2008",86.0416666666667,86,94
"04","28","2008",NA,91,73
"04","29","2008",70.1666666666667,84,72
"04","30","2008",67.8333333333333,87,65
"05","01","2008",68.375,77,83
"05","02","2008",80.9166666666667,86,79
"05","03","2008",86.4166666666667,89,91
"05","04","2008",81.9583333333333,87,85
"05","05","2008",82.125,95,94
"05","06","2008",77.9166666666667,87,88
"05","07","2008",NA,90,90
"05","08","2008",NA,89,87
"05","09","2008",NA,86,75
"05","10","2008",NA,87,74
"05","11","2008",70.4166666666667,NA,76
"05","12","2008",86.25,87,86
"05","13","2008",NA,86,75
"05","14","2008",NA,89,76
"05","15","2008",NA,91,96
"05","16","2008",NA,93,87
"05","17","2008",88.5,91,88
"05","18","2008",88.75,88,95
"05","19","2008",86.9583333333333,91,90
"05","20","2008",85.5416666666667,91,89
"05","21","2008",88.5,87,81
"05","22","2008",NA,NA,84
"05","23","2008",81.5,85,76
"05","24","2008",NA,87,94
"05","25","2008",NA,91,82
"05","26","2008",NA,92,88
"05","27","2008",NA,92,89
"05","28","2008",NA,88,83
"05","29","2008",NA,92,85
"05","30","2008",86.8333333333333,92,80
"05","31","2008",83.5,86,88
"06","01","2008",NA,92,90
"06","02","2008",84.0833333333333,84,96
"06","03","2008",83.8333333333333,92,85
"06","04","2008",82.0833333333333,93,85
"06","05","2008",88.2083333333333,88,97
"06","06","2008",NA,84,80
"06","07","2008",NA,84,82
"06","08","2008",NA,89,82
"06","09","2008",NA,86,96
"06","10","2008",NA,90,85
"06","11","2008",NA,89,85
"06","12","2008",NA,89,77
"06","13","2008",77.4166666666667,86,80
"06","14","2008",82.7083333333333,81,96
"06","15","2008",89.4166666666667,86,84
"06","16","2008",86.5,84,80
"06","17","2008",NA,84,96
"06","18","2008",NA,93,92
"06","19","2008",NA,86,90
"06","20","2008",NA,91,84
"06","21","2008",NA,83,89
"06","22","2008",NA,92,90
"06","23","2008",NA,88,90
"06","24","2008",90.4583333333333,92,86
"06","25","2008",NA,84,94
"06","26","2008",NA,96,86
"06","27","2008",NA,92,83
"06","28","2008",NA,93,92
"06","29","2008",NA,91,89
"06","30","2008",NA,88,86
"07","01","2008",NA,91,90
"07","02","2008",NA,89,89
"07","03","2008",NA,88,89
"07","04","2008",NA,87,90
"07","05","2008",NA,89,83
"07","06","2008",NA,90,78
"07","07","2008",NA,88,83
"07","08","2008",NA,86,80
"07","09","2008",NA,91,84
"07","10","2008",NA,94,95
"07","11","2008",NA,86,93
"07","12","2008",NA,81,82
"07","13","2008",NA,84,87
"07","14","2008",NA,81,84
"07","15","2008",NA,86,93
"07","16","2008",NA,86,89
"07","17","2008",NA,83,83
"07","18","2008",NA,92,96
"07","19","2008",NA,86,91
"07","20","2008",NA,89,93
"07","21","2008",NA,89,89
"07","22","2008",NA,86,83
"07","23","2008",NA,89,84
"07","24","2008",NA,86,92
"07","25","2008",90.2083333333333,84,90
"07","26","2008",NA,86,98
"07","27","2008",NA,86,89
"07","28","2008",NA,86,89
"07","29","2008",NA,88,80
"07","30","2008",NA,90,86
"07","31","2008",NA,89,89
"08","01","2008",NA,83,90
"08","02","2008",NA,79,83
"08","03","2008",NA,93,91
"08","04","2008",NA,90,78
"08","05","2008",NA,86,78
"08","06","2008",NA,88,91
"08","07","2008",NA,81,92
"08","08","2008",NA,88,80
"08","09","2008",NA,92,85
"08","10","2008",NA,95,82
"08","11","2008",NA,91,89
"08","12","2008",NA,86,79
"08","13","2008",NA,92,84
"08","14","2008",NA,92,92
"08","15","2008",NA,84,85
"08","16","2008",NA,92,95
"08","17","2008",NA,84,78
"08","18","2008",NA,86,91
"08","19","2008",NA,89,96
"08","20","2008",NA,92,90
"08","21","2008",NA,91,80
"08","22","2008",NA,89,84
"08","23","2008",NA,96,81
"08","24","2008",NA,92,86
"08","25","2008",NA,88,85
"08","26","2008",NA,89,89
"08","27","2008",NA,91,84
"08","28","2008",NA,84,81
"08","29","2008",NA,NA,88
"08","30","2008",NA,92,89
"08","31","2008",NA,93,84
"09","01","2008",NA,84,91
"09","02","2008",80.375,92,84
"09","03","2008",81.4166666666667,88,88
"09","04","2008",87.625,87,93
"09","05","2008",NA,93,81
"09","06","2008",NA,92,77
"09","07","2008",88.2083333333333,91,86
"09","08","2008",89.75,91,95
"09","09","2008",85.9583333333333,NA,95
"09","10","2008",77.8333333333333,92,85
"09","11","2008",NA,88,96
"09","12","2008",79.5833333333333,91,82
"09","13","2008",79.5,91,93
"09","14","2008",80.6666666666667,92,83
"09","15","2008",90.125,84,93
"09","16","2008",84.9166666666667,84,90
"09","17","2008",81.9166666666667,91,86
"09","18","2008",NA,92,83
"09","19","2008",NA,92,88
"09","20","2008",NA,91,95
"09","21","2008",82.4583333333333,92,84
"09","22","2008",93.625,93,86
"09","23","2008",NA,92,87
"09","24","2008",85.125,91,82
"09","25","2008",88.1666666666667,88,83
"09","26","2008",NA,94,91
"09","27","2008",78.4166666666667,85,81
"09","28","2008",81.5,91,84
"09","29","2008",83.0416666666667,84,79
"09","30","2008",NA,93,85
"10","01","2008",83.25,89,87
"10","02","2008",80.1666666666667,89,83
"10","03","2008",NA,90,78
"10","04","2008",81.5833333333333,86,83
"10","05","2008",87.1666666666667,89,80
"10","06","2008",84.6666666666667,93,84
"10","07","2008",91.75,91,97
"10","08","2008",83.5833333333333,90,89
"10","09","2008",78.0833333333333,89,83
"10","10","2008",87.5,91,91
"10","11","2008",85.9583333333333,90,90
"10","12","2008",80.2083333333333,92,85
"10","13","2008",80.875,87,85
"10","14","2008",NA,87,92
"10","15","2008",NA,81,86
"10","16","2008",81.2083333333333,88,84
"10","17","2008",84.875,87,86
"10","18","2008",79.625,82,81
"10","19","2008",78.9166666666667,84,79
"10","20","2008",NA,81,85
"10","21","2008",NA,87,83
"10","22","2008",83.2083333333333,88,79
"10","23","2008",77.4166666666667,85,76
"10","24","2008",77.4166666666667,85,78
"10","25","2008",81.875,82,84
"10","26","2008",82.4583333333333,88,85
"10","27","2008",85.2083333333333,89,84
"10","28","2008",88.8333333333333,74,96
"10","29","2008",80.125,86,85
"10","30","2008",NA,85,79
"10","31","2008",86.9166666666667,84,84
"11","01","2008",88.3333333333333,85,94
"11","02","2008",90.5,93,96
"11","03","2008",89.375,NA,89
"11","04","2008",90.8333333333333,84,86
"11","05","2008",86.375,87,96
"11","06","2008",80.25,87,81
"11","07","2008",78.4583333333333,88,80
"11","08","2008",77.25,85,79
"11","09","2008",78.2083333333333,85,75
"11","10","2008",77.1666666666667,89,78
"11","11","2008",76.7083333333333,89,77
"11","12","2008",79.6666666666667,87,82
"11","13","2008",87.5416666666667,89,86
"11","14","2008",80.2916666666667,85,87
"11","15","2008",NA,92,81
"11","16","2008",85.0416666666667,82,87
"11","17","2008",82.5833333333333,85,83
"11","18","2008",89.375,89,88
"11","19","2008",91.125,NA,89
"11","20","2008",89.0416666666667,89,95
"11","21","2008",92.25,83,90
"11","22","2008",94.9583333333333,89,87
"11","23","2008",91.4166666666667,81,91
"11","24","2008",90.4166666666667,87,97
"11","25","2008",NA,86,89
"11","26","2008",95.875,87,96
"11","27","2008",85.25,86,89
"11","28","2008",83.6666666666667,87,85
"11","29","2008",82.0416666666667,86,83
"11","30","2008",81.5833333333333,85,83
"12","01","2008",81.2083333333333,88,80
"12","02","2008",NA,86,82
"12","03","2008",85.4166666666667,87,81
"12","04","2008",80.4166666666667,84,82
"12","05","2008",NA,82,81
"12","06","2008",NA,90,80
"12","07","2008",NA,80,92
"12","08","2008",NA,82,89
"12","09","2008",NA,91,86
"12","10","2008",NA,84,81
"12","11","2008",NA,86,81
"12","12","2008",80.375,86,79
"12","13","2008",NA,88,82
"12","14","2008",NA,82,80
"12","15","2008",78.7916666666667,89,76
"12","16","2008",NA,91,77
"12","17","2008",NA,87,79
"12","18","2008",NA,77,76
"12","19","2008",NA,83,79
"12","20","2008",NA,88,74
"12","21","2008",NA,86,74
"12","22","2008",NA,90,78
"12","23","2008",NA,84,74
"12","24","2008",NA,90,77
"12","25","2008",NA,85,75
"12","26","2008",75.5833333333333,78,71
"12","27","2008",NA,83,74
"12","28","2008",75.3333333333333,90,76
"12","29","2008",78.4166666666667,86,76
"12","30","2008",NA,91,74
"12","31","2008",80,81,75
"01","01","2009",80.2083333333333,83,76
"01","02","2009",76.375,85,74
"01","03","2009",75.7083333333333,84,75
"01","04","2009",76.6666666666667,88,79
"01","05","2009",NA,90,79
"01","06","2009",NA,84,82
"01","07","2009",NA,85,81
"01","08","2009",NA,85,75
"01","09","2009",NA,88,75
"01","10","2009",NA,85,70
"01","11","2009",77.0416666666667,72,79
"01","12","2009",NA,87,73
"01","13","2009",72.0416666666667,86,69
"01","14","2009",75.5416666666667,87,70
"01","15","2009",73.8333333333333,86,71
"01","16","2009",73.8333333333333,75,72
"01","17","2009",75,86,66
"01","18","2009",71.375,85,74
"01","19","2009",74.7916666666667,85,74
"01","20","2009",84.3333333333333,77,77
"01","21","2009",NA,82,80
"01","22","2009",80.4583333333333,86,78
"01","23","2009",NA,77,82
"01","24","2009",NA,87,75
"01","25","2009",75.25,85,69
"01","26","2009",72.7916666666667,82,67
"01","27","2009",NA,81,67
"01","28","2009",74.2916666666667,77,69
"01","29","2009",74.0833333333333,74,70
"01","30","2009",77.4583333333333,76,73
"01","31","2009",95.4166666666667,84,NA
"02","01","2009",NA,88,87
"02","02","2009",79.4166666666667,90,81
"02","03","2009",75.9583333333333,81,78
"02","04","2009",79.9166666666667,83,75
"02","05","2009",NA,88,75
"02","06","2009",NA,87,70
"02","07","2009",72.6666666666667,83,68
"02","08","2009",74.0833333333333,90,70
"02","09","2009",73.5,89,70
"02","10","2009",68.6666666666667,85,72
"02","11","2009",NA,90,77
"02","12","2009",NA,82,68
"02","13","2009",71.5416666666667,88,70
"02","14","2009",76.5416666666667,82,71
"02","15","2009",NA,79,67
"02","16","2009",NA,85,63
"02","17","2009",71.5,87,69
"02","18","2009",NA,84,71
"02","19","2009",68.2083333333333,78,68
"02","20","2009",73.4166666666667,79,74
"02","21","2009",69.1666666666667,82,67
"02","22","2009",67.0416666666667,66,64
"02","23","2009",63.5,72,65
"02","24","2009",NA,NA,64
"02","25","2009",NA,85,64
"02","26","2009",NA,88,62
"02","27","2009",NA,80,62
"02","28","2009",NA,84,61
"03","01","2009",NA,79,60
"03","02","2009",67.625,79,63
"03","03","2009",74,86,72
"03","04","2009",NA,84,92
"03","05","2009",68.125,91,75
"03","06","2009",NA,89,68
"03","07","2009",NA,86,67
"03","08","2009",NA,84,67
"03","09","2009",NA,87,65
"03","10","2009",NA,70,62
"03","11","2009",NA,87,60
"03","12","2009",62.0416666666667,88,56
"03","13","2009",64.0416666666667,81,61
"03","14","2009",63.375,83,63
"03","15","2009",68.25,85,65
"03","16","2009",77.7916666666667,85,78
"03","17","2009",79.1666666666667,91,77
"03","18","2009",71,82,67
"03","19","2009",68.7916666666667,88,63
"03","20","2009",NA,85,68
"03","21","2009",NA,82,92
"03","22","2009",NA,85,98
"03","23","2009",NA,86,88
"03","24","2009",75.0416666666667,80,81
"03","25","2009",73.375,76,72
"03","26","2009",66.5833333333333,80,72
"03","27","2009",67.9583333333333,77,72
"03","28","2009",NA,85,79
"03","29","2009",NA,82,78
"03","30","2009",73.25,87,73
"03","31","2009",72.125,83,72
"04","01","2009",67.0416666666667,87,69
"04","02","2009",NA,83,67
"04","03","2009",73.125,76,72
"04","04","2009",NA,81,66
"04","05","2009",65.6666666666667,86,65
"04","06","2009",NA,84,68
"04","07","2009",67.3333333333333,87,65
"04","08","2009",93.2083333333333,90,84
"04","09","2009",86.875,88,88
"04","10","2009",NA,87,80
"04","11","2009",79.5416666666667,87,78
"04","12","2009",NA,80,75
"04","13","2009",76.2083333333333,88,73
"04","14","2009",70.7083333333333,84,71
"04","15","2009",NA,77,73
"04","16","2009",76,81,73
"04","17","2009",90.0833333333333,89,83
"04","18","2009",84.625,86,85
"04","19","2009",90.875,89,82
"04","20","2009",97.3333333333333,87,95
"04","21","2009",80.7916666666667,84,87
"04","22","2009",88,84,87
"04","23","2009",82.4166666666667,89,86
"04","24","2009",77.75,76,81
"04","25","2009",74.125,85,78
"04","26","2009",73.125,73,72
"04","27","2009",73.625,86,76
"04","28","2009",89.5,87,83
"04","29","2009",NA,85,86
"04","30","2009",87.25,87,79
"05","01","2009",94.0416666666667,88,91
"05","02","2009",87.2083333333333,86,88
"05","03","2009",87.75,86,89
"05","04","2009",85.8333333333333,83,83
"05","05","2009",81.75,77,76
"05","06","2009",79.875,88,78
"05","07","2009",81.1666666666667,86,82
"05","08","2009",91.0416666666667,82,95
"05","09","2009",85.9583333333333,76,90
"05","10","2009",75.4583333333333,88,77
"05","11","2009",77.8333333333333,79,79
"05","12","2009",NA,85,74
"05","13","2009",78.125,86,78
"05","14","2009",79.9166666666667,81,71
"05","15","2009",83.7916666666667,79,76
"05","16","2009",80.7916666666667,74,72
"05","17","2009",82.25,82,83
"05","18","2009",85.4166666666667,89,90
"05","19","2009",NA,76,83
"05","20","2009",80.5833333333333,87,85
"05","21","2009",85.5833333333333,84,85
"05","22","2009",79.4166666666667,83,83
"05","23","2009",79.375,88,78
"05","24","2009",85.5833333333333,85,82
"05","25","2009",81.25,82,90
"05","26","2009",77.8333333333333,75,79
"05","27","2009",78,89,76
"05","28","2009",89.9166666666667,85,81
"05","29","2009",88.75,84,83
"05","30","2009",NA,81,78
"05","31","2009",77.5416666666667,68,76
"06","01","2009",74.0833333333333,76,71
"06","02","2009",76.1666666666667,79,75
"06","03","2009",NA,83,94
"06","04","2009",88,86,90
"06","05","2009",89.7083333333333,88,89
"06","06","2009",83.125,88,87
"06","07","2009",96.5,80,95
"06","08","2009",83.5416666666667,84,87
"06","09","2009",82.5,79,79
"06","10","2009",90.875,88,90
"06","11","2009",78.7916666666667,89,82
"06","12","2009",93.8333333333333,87,86
"06","13","2009",NA,82,85
"06","14","2009",NA,85,94
"06","15","2009",NA,84,79
"06","16","2009",79.625,89,82
"06","17","2009",87.8333333333333,90,92
"06","18","2009",78.5833333333333,84,88
"06","19","2009",83.9166666666667,89,NA
"06","20","2009",87.25,84,86
"06","21","2009",90.75,86,93
"06","22","2009",85.2916666666667,79,81
"06","23","2009",96.2916666666667,89,97
"06","24","2009",79.4583333333333,91,85
"06","25","2009",94.0833333333333,74,87
"06","26","2009",84.125,76,86
"06","27","2009",82.875,90,83
"06","28","2009",NA,78,95
"06","29","2009",82.6666666666667,85,88
"06","30","2009",86.875,83,95
"07","01","2009",92.0833333333333,87,91
"07","02","2009",92.625,87,91
"07","03","2009",94.4166666666667,87,87
"07","04","2009",88.7083333333333,90,91
"07","05","2009",81,89,84
"07","06","2009",89.25,88,93
"07","07","2009",81.7083333333333,87,84
"07","08","2009",89.5,82,86
"07","09","2009",86,91,91
"07","10","2009",88.2916666666667,86,85
"07","11","2009",92.875,90,96
"07","12","2009",87.0833333333333,95,89
"07","13","2009",80.5833333333333,87,93
"07","14","2009",NA,80,95
"07","15","2009",84.7916666666667,88,87
"07","16","2009",90.8333333333333,84,87
"07","17","2009",95.75,85,96
"07","18","2009",85.0416666666667,89,87
"07","19","2009",NA,91,88
"07","20","2009",NA,88,83
"07","21","2009",96.7916666666667,81,96
"07","22","2009",83.9166666666667,83,78
"07","23","2009",89.5416666666667,87,94
"07","24","2009",79.3333333333333,83,80
"07","25","2009",79.9583333333333,83,80
"07","26","2009",91.7083333333333,86,88
"07","27","2009",84.25,77,82
"07","28","2009",95.5,86,95
"07","29","2009",85.1666666666667,83,90
"07","30","2009",NA,81,91
"07","31","2009",84.5833333333333,86,86
"08","01","2009",91.4166666666667,86,84
"08","02","2009",86.7916666666667,89,92
"08","03","2009",82.3333333333333,88,82
"08","04","2009",93.25,88,97
"08","05","2009",85,84,86
"08","06","2009",91.9583333333333,81,96
"08","07","2009",87.4583333333333,86,87
"08","08","2009",90.3333333333333,NA,89
"08","09","2009",94.5833333333333,88,97
"08","10","2009",NA,85,81
"08","11","2009",NA,81,84
"08","12","2009",85.3333333333333,84,98
"08","13","2009",81.625,87,87
"08","14","2009",85.125,88,90
"08","15","2009",78.3333333333333,80,82
"08","16","2009",81.5,NA,93
"08","17","2009",92.8333333333333,86,93
"08","18","2009",85.1666666666667,86,87
"08","19","2009",81.1666666666667,90,83
"08","20","2009",NA,82,82
"08","21","2009",84.7083333333333,79,95
"08","22","2009",80.5,87,82
"08","23","2009",84.625,85,89
"08","24","2009",86.875,85,84
"08","25","2009",81.0416666666667,86,86
"08","26","2009",90.0416666666667,87,86
"08","27","2009",84.5833333333333,84,87
"08","28","2009",85.7083333333333,86,86
"08","29","2009",84.8333333333333,84,84
"08","30","2009",86.9166666666667,80,80
"08","31","2009",79.875,84,79
"09","01","2009",83.75,86,95
"09","02","2009",84.3333333333333,81,93
"09","03","2009",78.7916666666667,85,79
"09","04","2009",83.625,85,86
"09","05","2009",81.2916666666667,82,81
"09","06","2009",78.875,85,80
"09","07","2009",81.875,80,80
"09","08","2009",86.8333333333333,NA,84
"09","09","2009",86.0416666666667,86,81
"09","10","2009",NA,84,75
"09","11","2009",90.0833333333333,83,92
"09","12","2009",84.9166666666667,83,87
"09","13","2009",NA,83,95
"09","14","2009",NA,80,93
"09","15","2009",89.9166666666667,89,93
"09","16","2009",84,86,86
"09","17","2009",89.2916666666667,85,78
"09","18","2009",80.875,82,83
"09","19","2009",77.9166666666667,79,81
"09","20","2009",89.9583333333333,83,84
"09","21","2009",89.375,81,83
"09","22","2009",NA,82,82
"09","23","2009",78.3333333333333,86,78
"09","24","2009",79.75,77,80
"09","25","2009",81.375,79,81
"09","26","2009",81.9166666666667,87,88
"09","27","2009",85.375,78,97
"09","28","2009",85.3333333333333,80,91
"09","29","2009",76.875,82,85
"09","30","2009",76.9166666666667,80,83
"10","01","2009",NA,79,84
"10","02","2009",84.2916666666667,82,86
"10","03","2009",93.625,82,90
"10","04","2009",79.125,85,83
"10","05","2009",NA,83,80
"10","06","2009",79.4166666666667,84,81
"10","07","2009",NA,85,92
"10","08","2009",NA,84,81
"10","09","2009",78.0833333333333,87,82
"10","10","2009",NA,86,81
"10","11","2009",87.375,85,88
"10","12","2009",78.0416666666667,85,79
"10","13","2009",NA,87,80
"10","14","2009",NA,87,80
"10","15","2009",NA,83,81
"10","16","2009",88.75,85,92
"10","17","2009",81.125,84,82
"10","18","2009",NA,85,80
"10","19","2009",NA,85,79
"10","20","2009",NA,85,81
"10","21","2009",NA,88,80
"10","22","2009",80.0416666666667,88,83
"10","23","2009",NA,NA,85
"10","24","2009",NA,83,96
"10","25","2009",NA,82,84
"10","26","2009",79.5,82,80
"10","27","2009",NA,85,82
"10","28","2009",87.625,89,85
"10","29","2009",86.0833333333333,86,81
"10","30","2009",NA,82,88
"10","31","2009",NA,85,87
"11","01","2009",NA,82,83
"11","02","2009",NA,88,82
"11","03","2009",NA,88,84
"11","04","2009",NA,86,83
"11","05","2009",NA,83,82
"11","06","2009",NA,85,82
"11","07","2009",NA,84,85
"11","08","2009",NA,86,80
"11","09","2009",NA,82,80
"11","10","2009",NA,87,79
"11","11","2009",NA,82,81
"11","12","2009",NA,87,80
"11","13","2009",NA,85,82
"11","14","2009",NA,87,NA
"11","15","2009",NA,91,81
"11","16","2009",NA,86,78
"11","17","2009",NA,85,87
"11","18","2009",NA,86,81
"11","19","2009",NA,82,82
"11","20","2009",NA,82,81
"11","21","2009",NA,84,86
"11","22","2009",NA,82,79
"11","23","2009",NA,88,83
"11","24","2009",NA,82,83
"11","25","2009",NA,86,83
"11","26","2009",NA,90,78
"11","27","2009",NA,86,82
"11","28","2009",NA,81,81
"11","29","2009",NA,88,84
"11","30","2009",NA,90,80
"12","01","2009",NA,87,79
"12","02","2009",NA,84,78
"12","03","2009",NA,85,79
"12","04","2009",NA,88,76
"12","05","2009",NA,84,80
"12","06","2009",NA,83,72
"12","07","2009",NA,82,74
"12","08","2009",NA,85,76
"12","09","2009",NA,82,77
"12","10","2009",NA,82,75
"12","11","2009",NA,80,78
"12","12","2009",NA,81,75
"12","13","2009",NA,81,73
"12","14","2009",NA,84,76
"12","15","2009",NA,86,74
"12","16","2009",NA,82,76
"12","17","2009",NA,85,70
"12","18","2009",NA,83,72
"12","19","2009",NA,87,74
"12","20","2009",NA,84,74
"12","21","2009",NA,88,87
"12","22","2009",NA,87,85
"12","23","2009",NA,83,77
"12","24","2009",42.9166666666667,83,78
"12","25","2009",73.75,80,79
"12","26","2009",NA,82,72
"12","27","2009",NA,83,71
"12","28","2009",NA,81,69
"12","29","2009",13,80,71
"12","30","2009",13,85,71
"12","31","2009",13,87,68
"01","01","2010",13,87,72
"01","02","2010",NA,81,65
"01","03","2010",13,84,68
"01","04","2010",13,85,69
"01","05","2010",NA,83,68
"01","06","2010",13,87,74
"01","07","2010",13,83,71
"01","08","2010",NA,86,68
"01","09","2010",NA,85,70
"01","10","2010",NA,86,65
"01","11","2010",NA,82,64
"01","12","2010",NA,85,64
"01","13","2010",NA,84,63
"01","14","2010",13,83,67
"01","15","2010",NA,80,65
"01","16","2010",NA,83,60
"01","17","2010",13,86,66
"01","18","2010",NA,84,66
"01","19","2010",NA,85,62
"01","20","2010",13,88,62
"01","21","2010",13,82,61
"01","22","2010",NA,81,60
"01","23","2010",NA,83,64
"01","24","2010",NA,86,66
"01","25","2010",13,86,59
"01","26","2010",13,82,65
"01","27","2010",13,82,61
"01","28","2010",13,77,57
"01","29","2010",NA,86,61
"01","30","2010",NA,84,61
"01","31","2010",13,86,65
"02","01","2010",NA,86,63
"02","02","2010",NA,85,57
"02","03","2010",NA,83,61
"02","04","2010",NA,83,62
"02","05","2010",NA,82,64
"02","06","2010",NA,79,62
"02","07","2010",NA,82,58
"02","08","2010",NA,82,60
"02","09","2010",NA,84,64
"02","10","2010",13,85,61
"02","11","2010",13,83,51
"02","12","2010",NA,88,59
"02","13","2010",13,80,59
"02","14","2010",13,82,54
"02","15","2010",NA,81,53
"02","16","2010",NA,NA,56
"02","17","2010",NA,85,55
"02","18","2010",13,81,53
"02","19","2010",13,84,71
"02","20","2010",13,84,75
"02","21","2010",NA,82,69
"02","22","2010",13,83,62
"02","23","2010",13,85,60
"02","24","2010",NA,87,70
"02","25","2010",NA,84,68
"02","26","2010",NA,85,60
"02","27","2010",13,81,63
"02","28","2010",NA,81,55
"03","01","2010",NA,79,62
"03","02","2010",NA,81,71
"03","03","2010",NA,82,78
"03","04","2010",13,78,89
"03","05","2010",NA,82,85
"03","06","2010",13,87,81
"03","07","2010",13,80,83
"03","08","2010",NA,83,93
"03","09","2010",NA,85,78
"03","10","2010",NA,85,72
"03","11","2010",13,87,72
"03","12","2010",NA,81,74
"03","13","2010",NA,85,77
"03","14","2010",NA,83,63
"03","15","2010",NA,83,59
"03","16","2010",13,81,71
"03","17","2010",13,87,76
"03","18","2010",NA,85,78
"03","19","2010",13,87,74
"03","20","2010",NA,85,78
"03","21","2010",13,76,73
"03","22","2010",13,83,59
"03","23","2010",NA,89,61
"03","24","2010",NA,84,59
"03","25","2010",NA,80,61
"03","26","2010",13,82,61
"03","27","2010",13,79,63
"03","28","2010",13,83,77
"03","29","2010",NA,86,81
"03","30","2010",NA,84,80
"03","31","2010",13,88,69
"04","01","2010",13,88,69
"04","02","2010",13,85,77
"04","03","2010",13,84,86
"04","04","2010",NA,86,71
"04","05","2010",13,87,85
"04","06","2010",NA,84,89
"04","07","2010",NA,85,96
"04","08","2010",13,85,89
"04","09","2010",13,86,84
"04","10","2010",NA,89,96
"04","11","2010",13,85,84
"04","12","2010",13,87,86
"04","13","2010",13,87,86
"04","14","2010",13,88,80
"04","15","2010",13,86,89
"04","16","2010",13,87,89
"04","17","2010",13,87,85
"04","18","2010",NA,89,79
"04","19","2010",NA,87,81
"04","20","2010",NA,79,75
"04","21","2010",13,83,97
"04","22","2010",NA,79,78
"04","23","2010",14,82,81
"04","24","2010",NA,84,90
"04","25","2010",14.375,87,91
"04","26","2010",NA,82,83
"04","27","2010",NA,86,82
"04","28","2010",NA,86,93
"04","29","2010",NA,79,79
"04","30","2010",72.75,86,76
"05","01","2010",NA,81,78
"05","02","2010",44.4166666666667,84,85
"05","03","2010",36.5416666666667,82,94
"05","04","2010",NA,81,71
"05","05","2010",NA,79,73
"05","06","2010",NA,84,75
"05","07","2010",48.375,77,69
"05","08","2010",23.9166666666667,81,96
"05","09","2010",NA,84,84
"05","10","2010",NA,85,81
"05","11","2010",76.2916666666667,88,93
"05","12","2010",NA,86,89
"05","13","2010",79.8333333333333,82,87
"05","14","2010",55.4583333333333,86,83
"05","15","2010",NA,81,85
"05","16","2010",13.9583333333333,NA,78
"05","17","2010",NA,83,93
"05","18","2010",13,85,89
"05","19","2010",13.5,83,85
"05","20","2010",12,84,98
"05","21","2010",12,86,87
"05","22","2010",12,91,97
"05","23","2010",12,83,84
"05","24","2010",NA,85,84
"05","25","2010",NA,89,96
"05","26","2010",NA,82,87
"05","27","2010",13,91,92
"05","28","2010",NA,86,96
"05","29","2010",NA,86,87
"05","30","2010",15.7083333333333,85,87
"05","31","2010",8,86,95
"06","01","2010",8,91,94
"06","02","2010",8,81,84
"06","03","2010",8.75,88,82
"06","04","2010",NA,81,87
"06","05","2010",39.5416666666667,85,96
"06","06","2010",8,86,96
"06","07","2010",22.1666666666667,84,84
"06","08","2010",NA,87,86
"06","09","2010",89.5416666666667,86,96
"06","10","2010",21.0833333333333,84,80
"06","11","2010",12.0833333333333,85,94
"06","12","2010",NA,82,92
"06","13","2010",NA,89,89
"06","14","2010",68.9583333333333,87,90
"06","15","2010",73.2916666666667,87,86
"06","16","2010",13.2916666666667,82,85
"06","17","2010",40.125,85,87
"06","18","2010",10,83,94
"06","19","2010",NA,84,87
"06","20","2010",56.9166666666667,88,91
"06","21","2010",83.75,87,84
"06","22","2010",87.0416666666667,85,93
"06","23","2010",82.7916666666667,85,86
"06","24","2010",79.4583333333333,77,83
"06","25","2010",89.2916666666667,88,94
"06","26","2010",84.5416666666667,83,89
"06","27","2010",NA,86,90
"06","28","2010",NA,81,98
"06","29","2010",NA,85,94
"06","30","2010",NA,82,84
"07","01","2010",92.0416666666667,92,89
"07","02","2010",88.0416666666667,87,97
"07","03","2010",85.875,86,88
"07","04","2010",85.375,89,86
"07","05","2010",87.7916666666667,83,95
"07","06","2010",89.8333333333333,88,96
"07","07","2010",NA,81,97
"07","08","2010",91.5833333333333,84,95
"07","09","2010",NA,79,88
"07","10","2010",15,84,83
"07","11","2010",15,85,95
"07","12","2010",15,83,84
"07","13","2010",15,84,94
"07","14","2010",15,83,86
"07","15","2010",15,91,84
"07","16","2010",15,86,96
"07","17","2010",15,81,89
"07","18","2010",15,81,96
"07","19","2010",NA,82,89
"07","20","2010",NA,85,86
"07","21","2010",NA,86,87
"07","22","2010",NA,83,82
"07","23","2010",NA,84,85
"07","24","2010",NA,92,98
"07","25","2010",NA,86,98
"07","26","2010",NA,82,89
"07","27","2010",NA,82,96
"07","28","2010",NA,82,86
"07","29","2010",NA,87,91
"07","30","2010",NA,84,91
"07","31","2010",NA,84,87
"08","01","2010",NA,87,93
"08","02","2010",NA,88,88
"08","03","2010",NA,86,96
"08","04","2010",NA,84,88
"08","05","2010",NA,86,90
"08","06","2010",NA,85,83
"08","07","2010",NA,84,88
"08","08","2010",NA,80,83
"08","09","2010",NA,82,88
"08","10","2010",NA,87,86
"08","11","2010",NA,84,90
"08","12","2010",NA,83,78
"08","13","2010",NA,86,88
"08","14","2010",NA,86,95
"08","15","2010",NA,86,88
"08","16","2010",NA,82,85
"08","17","2010",NA,79,84
"08","18","2010",NA,88,95
"08","19","2010",NA,84,89
"08","20","2010",NA,86,98
"08","21","2010",NA,86,98
"08","22","2010",NA,83,87
"08","23","2010",NA,79,86
"08","24","2010",NA,76,88
"08","25","2010",NA,88,94
"08","26","2010",NA,85,89
"08","27","2010",NA,90,98
"08","28","2010",NA,83,87
"08","29","2010",NA,79,83
"08","30","2010",NA,84,80
"08","31","2010",NA,82,88
"09","01","2010",NA,82,89
"09","02","2010",NA,81,88
"09","03","2010",NA,82,86
"09","04","2010",NA,85,83
"09","05","2010",NA,86,87
"09","06","2010",NA,84,85
"09","07","2010",NA,84,84
"09","08","2010",NA,84,89
"09","09","2010",NA,77,83
"09","10","2010",NA,87,94
"09","11","2010",NA,87,88
"09","12","2010",83.4583333333333,85,88
"09","13","2010",NA,86,86
"09","14","2010",81.5833333333333,80,84
"09","15","2010",NA,83,85
"09","16","2010",82.375,90,84
"09","17","2010",NA,86,90
"09","18","2010",84.3333333333333,87,89
"09","19","2010",88.0416666666667,88,94
"09","20","2010",NA,89,88
"09","21","2010",NA,82,87
"09","22","2010",NA,83,82
"09","23","2010",NA,86,85
"09","24","2010",NA,85,86
"09","25","2010",NA,81,80
"09","26","2010",NA,78,85
"09","27","2010",NA,86,91
"09","28","2010",NA,78,89
"09","29","2010",NA,82,85
"09","30","2010",NA,82,81
"10","01","2010",NA,86,83
"10","02","2010",NA,90,89
"10","03","2010",NA,88,85
"10","04","2010",NA,84,87
"10","05","2010",NA,80,91
"10","06","2010",NA,84,83
"10","07","2010",NA,81,85
"10","08","2010",NA,90,80
"10","09","2010",NA,79,85
"10","10","2010",NA,86,97
"10","11","2010",NA,82,88
"10","12","2010",NA,82,83
"10","13","2010",NA,80,90
"10","14","2010",NA,81,92
"10","15","2010",NA,81,92
"10","16","2010",NA,86,95
"10","17","2010",NA,85,84
"10","18","2010",NA,78,96
"10","19","2010",NA,86,84
"10","20","2010",NA,85,89
"10","21","2010",NA,79,89
"10","22","2010",NA,NA,81
"10","23","2010",NA,81,81
"10","24","2010",NA,81,79
"10","25","2010",NA,83,84
"10","26","2010",NA,83,80
"10","27","2010",NA,80,90
"10","28","2010",NA,85,80
"10","29","2010",NA,84,78
"10","30","2010",NA,77,74
"10","31","2010",NA,86,78
"11","01","2010",NA,82,83
"11","02","2010",NA,83,87
"11","03","2010",NA,83,92
"11","04","2010",NA,82,88
"11","05","2010",NA,81,89
"11","06","2010",NA,89,82
"11","07","2010",NA,85,87
"11","08","2010",NA,83,90
"11","09","2010",NA,85,96
"11","10","2010",NA,80,89
"11","11","2010",NA,82,85
"11","12","2010",NA,83,98
"11","13","2010",NA,83,89
"11","14","2010",NA,85,87
"11","15","2010",NA,81,89
"11","16","2010",NA,83,87
"11","17","2010",NA,83,84
"11","18","2010",NA,82,97
"11","19","2010",NA,83,85
"11","20","2010",NA,82,85
"11","21","2010",NA,81,85
"11","22","2010",NA,84,85
"11","23","2010",NA,79,86
"11","24","2010",NA,81,81
"11","25","2010",NA,82,85
"11","26","2010",NA,85,84
"11","27","2010",NA,83,89
"11","28","2010",NA,84,84
"11","29","2010",NA,81,83
"11","30","2010",NA,83,83
"12","01","2010",NA,82,86
"12","02","2010",NA,84,85
"12","03","2010",NA,81,87
"12","04","2010",NA,88,93
"12","05","2010",NA,83,84
"12","06","2010",NA,82,88
"12","07","2010",NA,85,87
"12","08","2010",NA,82,84
"12","09","2010",NA,85,84
"12","10","2010",NA,82,83
"12","11","2010",NA,84,82
"12","12","2010",NA,80,84
"12","13","2010",NA,80,79
"12","14","2010",NA,84,83
"12","15","2010",NA,86,78
"12","16","2010",NA,84,80
"12","17","2010",NA,80,85
"12","18","2010",NA,86,81
"12","19","2010",NA,86,80
"12","20","2010",NA,85,81
"12","21","2010",NA,82,82
"12","22","2010",NA,87,80
"12","23","2010",NA,87,83
"12","24","2010",NA,86,85
"12","25","2010",NA,84,84
"12","26","2010",NA,80,82
"12","27","2010",NA,85,80
"12","28","2010",NA,88,79
"12","29","2010",NA,87,76
"12","30","2010",NA,85,80
"12","31","2010",NA,85,74
"01","01","2011",NA,81,77
"01","02","2011",NA,87,82
"01","03","2011",NA,85,78
"01","04","2011",NA,82,75
"01","05","2011",NA,80,77
"01","06","2011",NA,84,78
"01","07","2011",NA,81,92
"01","08","2011",NA,91,84
"01","09","2011",NA,83,84
"01","10","2011",NA,81,85
"01","11","2011",NA,83,79
"01","12","2011",NA,86,76
"01","13","2011",NA,85,74
"01","14","2011",NA,79,76
"01","15","2011",NA,76,76
"01","16","2011",NA,78,78
"01","17","2011",NA,80,79
"01","18","2011",NA,80,72
"01","19","2011",NA,82,75
"01","20","2011",NA,82,74
"01","21","2011",NA,82,77
"01","22","2011",NA,84,74
"01","23","2011",NA,83,73
"01","24","2011",NA,79,74
"01","25","2011",NA,77,73
"01","26","2011",NA,82,73
"01","27","2011",NA,81,71
"01","28","2011",NA,82,72
"01","29","2011",NA,86,73
"01","30","2011",NA,86,71
"01","31","2011",NA,79,74
"02","01","2011",NA,84,72
"02","02","2011",NA,84,68
"02","03","2011",NA,80,69
"02","04","2011",NA,81,66
"02","05","2011",NA,84,68
"02","06","2011",NA,81,67
"02","07","2011",NA,85,68
"02","08","2011",NA,81,69
"02","09","2011",NA,89,79
"02","10","2011",NA,83,70
"02","11","2011",NA,80,67
"02","12","2011",NA,85,67
"02","13","2011",NA,83,69
"02","14","2011",NA,83,71
"02","15","2011",NA,81,72
"02","16","2011",NA,86,71
"02","17","2011",NA,84,69
"02","18","2011",NA,81,72
"02","19","2011",NA,84,69
"02","20","2011",NA,83,63
"02","21","2011",NA,80,59
"02","22","2011",NA,85,69
"02","23","2011",NA,83,70
"02","24","2011",NA,85,79
"02","25","2011",NA,78,73
"02","26","2011",NA,86,71
"02","27","2011",NA,88,NA
"02","28","2011",NA,91,80
"03","01","2011",NA,82,70
"03","02","2011",NA,83,75
"03","03","2011",NA,84,72
"03","04","2011",NA,85,71
"03","05","2011",NA,87,70
"03","06","2011",NA,83,87
"03","07","2011",NA,80,75
"03","08","2011",NA,82,71
"03","09","2011",NA,81,69
"03","10","2011",NA,81,82
"03","11","2011",NA,79,79
"03","12","2011",NA,80,71
"03","13","2011",NA,87,57
"03","14","2011",NA,82,61
"03","15","2011",NA,85,68
"03","16","2011",NA,82,67
"03","17","2011",NA,84,74
"03","18","2011",NA,84,85
"03","19","2011",NA,80,70
"03","20","2011",NA,82,63
"03","21","2011",NA,89,71
"03","22","2011",NA,83,73
"03","23","2011",NA,88,81
"03","24","2011",NA,86,84
"03","25","2011",NA,85,88
"03","26","2011",NA,91,88
"03","27","2011",NA,88,72
"03","28","2011",NA,81,68
"03","29","2011",NA,83,69
"03","30","2011",NA,87,72
"03","31","2011",NA,88,73
"04","01","2011",NA,82,69
"04","02","2011",NA,85,68
"04","03","2011",NA,80,73
"04","04","2011",NA,82,65
"04","05","2011",NA,82,66
"04","06","2011",NA,79,65
"04","07","2011",NA,83,68
"04","08","2011",NA,81,71
"04","09","2011",NA,84,67
"04","10","2011",NA,90,83
"04","11","2011",NA,89,80
"04","12","2011",NA,87,94
"04","13","2011",NA,89,77
"04","14","2011",NA,83,81
"04","15","2011",NA,87,94
"04","16","2011",NA,90,90
"04","17","2011",NA,86,85
"04","18","2011",NA,86,84
"04","19","2011",NA,91,85
"04","20","2011",NA,86,96
"04","21","2011",NA,89,87
"04","22","2011",NA,82,83
"04","23","2011",NA,85,93
"04","24","2011",NA,86,83
"04","25","2011",NA,86,87
"04","26","2011",NA,81,81
"04","27","2011",NA,80,88
"04","28","2011",NA,86,95
"04","29","2011",NA,87,84
"04","30","2011",NA,82,91
"05","01","2011",NA,79,84
"05","02","2011",NA,86,95
"05","03","2011",NA,86,89
"05","04","2011",NA,87,87
"05","05","2011",NA,84,90
"05","06","2011",NA,90,91
"05","07","2011",NA,85,89
"05","08","2011",NA,83,90
"05","09","2011",NA,84,87
"05","10","2011",NA,89,96
"05","11","2011",NA,78,93
"05","12","2011",NA,84,87
"05","13","2011",NA,88,89
"05","14","2011",NA,81,86
"05","15","2011",NA,89,90
"05","16","2011",NA,88,94
"05","17","2011",NA,90,87
"05","18","2011",NA,91,84
"05","19","2011",NA,87,90
"05","20","2011",NA,86,97
"05","21","2011",NA,80,86
"05","22","2011",NA,81,85
"05","23","2011",NA,86,88
"05","24","2011",NA,83,85
"05","25","2011",NA,87,89
"05","26","2011",NA,87,89
"05","27","2011",NA,84,90
"05","28","2011",NA,90,86
"05","29","2011",NA,85,91
"05","30","2011",NA,83,97
"05","31","2011",NA,87,92
"06","01","2011",NA,NA,95
"06","02","2011",NA,NA,94
"06","03","2011",NA,NA,96
"06","04","2011",NA,NA,95
"06","05","2011",NA,NA,89
"06","06","2011",NA,NA,88
"06","07","2011",NA,NA,82
"06","08","2011",NA,NA,87
"06","09","2011",NA,NA,89
"06","10","2011",NA,NA,86
"06","11","2011",NA,NA,85
"06","12","2011",NA,NA,89
"06","13","2011",NA,NA,95
"06","14","2011",NA,NA,86
"06","15","2011",NA,NA,92
"06","16","2011",NA,NA,89
"06","17","2011",NA,NA,85
"06","18","2011",NA,NA,93
"06","19","2011",NA,NA,98
"06","20","2011",NA,NA,84
"06","21","2011",NA,NA,94
"06","22","2011",NA,NA,88
"06","23","2011",NA,NA,96
"06","24","2011",NA,NA,94
"06","25","2011",NA,NA,92
"06","26","2011",NA,NA,88
"06","27","2011",NA,NA,88
"06","28","2011",NA,NA,85
"06","29","2011",NA,NA,85
"06","30","2011",NA,NA,97
"07","01","2011",NA,85,88
"07","02","2011",NA,79,85
"07","03","2011",NA,86,85
"07","04","2011",NA,86,88
"07","05","2011",NA,82,91
"07","06","2011",NA,84,96
"07","07","2011",NA,82,85
"07","08","2011",NA,83,89
"07","09","2011",NA,81,85
"07","10","2011",NA,85,90
"07","11","2011",NA,79,91
"07","12","2011",NA,87,98
"07","13","2011",NA,82,95
"07","14","2011",NA,77,89
"07","15","2011",NA,82,87
"07","16","2011",NA,78,81
"07","17","2011",NA,85,79
"07","18","2011",NA,84,89
"07","19","2011",NA,79,83
"07","20","2011",NA,86,88
"07","21","2011",NA,81,90
"07","22","2011",NA,85,88
"07","23","2011",NA,79,86
"07","24","2011",NA,83,93
"07","25","2011",NA,83,92
"07","26","2011",NA,90,86
"07","27","2011",NA,85,93
"07","28","2011",NA,79,88
"07","29","2011",NA,80,84
"07","30","2011",NA,86,96
"07","31","2011",NA,80,88
"08","01","2011",NA,80,79
"08","02","2011",NA,81,80
"08","03","2011",NA,82,94
"08","04","2011",NA,86,93
"08","05","2011",NA,80,84
"08","06","2011",NA,82,93
"08","07","2011",NA,83,84
"08","08","2011",NA,81,81
"08","09","2011",NA,77,91
"08","10","2011",NA,79,82
"08","11","2011",NA,82,85
"08","12","2011",NA,88,87
"08","13","2011",NA,80,83
"08","14","2011",NA,82,87
"08","15","2011",NA,80,81
"08","16","2011",NA,79,84
"08","17","2011",NA,78,97
"08","18","2011",NA,80,80
"08","19","2011",NA,77,83
"08","20","2011",NA,77,92
"08","21","2011",NA,75,82
"08","22","2011",NA,78,89
"08","23","2011",NA,79,86
"08","24","2011",NA,77,86
"08","25","2011",NA,73,85
"08","26","2011",NA,85,96
"08","27","2011",NA,86,83
"08","28","2011",NA,81,94
"08","29","2011",NA,80,80
"08","30","2011",NA,82,78
"08","31","2011",NA,87,84
"09","01","2011",NA,84,91
"09","02","2011",NA,89,87
"09","03","2011",NA,87,83
"09","04","2011",NA,82,87
"09","05","2011",NA,85,81
"09","06","2011",NA,86,80
"09","07","2011",NA,81,86
"09","08","2011",NA,90,90
"09","09","2011",NA,82,83
"09","10","2011",NA,76,78
"09","11","2011",NA,90,93
"09","12","2011",NA,82,82
"09","13","2011",NA,83,87
"09","14","2011",NA,89,84
"09","15","2011",NA,81,83
"09","16","2011",NA,80,82
"09","17","2011",NA,85,97
"09","18","2011",NA,87,82
"09","19","2011",NA,79,88
"09","20","2011",NA,82,83
"09","21","2011",NA,80,92
"09","22","2011",NA,84,84
"09","23","2011",NA,80,84
"09","24","2011",NA,84,78
"09","25","2011",NA,86,95
"09","26","2011",NA,87,89
"09","27","2011",NA,77,82
"09","28","2011",NA,81,85
"09","29","2011",NA,82,81
"09","30","2011",NA,89,88
"10","01","2011",NA,78,79
"10","02","2011",NA,81,78
"10","03","2011",NA,82,82
"10","04","2011",NA,81,86
"10","05","2011",NA,81,79
"10","06","2011",NA,87,93
"10","07","2011",NA,91,87
"10","08","2011",NA,82,91
"10","09","2011",NA,75,95
"10","10","2011",NA,80,85
"10","11","2011",NA,80,92
"10","12","2011",NA,85,84
"10","13","2011",NA,81,85
"10","14","2011",NA,71,83
"10","15","2011",NA,84,88
"10","16","2011",NA,78,84
"10","17","2011",NA,84,82
"10","18","2011",NA,83,85
"10","19","2011",NA,80,86
"10","20","2011",NA,83,76
"10","21","2011",NA,82,81
"10","22","2011",NA,79,82
"10","23","2011",NA,76,80
"10","24","2011",NA,85,84
"10","25","2011",NA,76,91
"10","26","2011",NA,86,86
"10","27","2011",NA,80,86
"10","28","2011",NA,86,96
"10","29","2011",NA,89,94
"10","30","2011",NA,85,84
"10","31","2011",NA,79,78
"11","01","2011",NA,77,97
"11","02","2011",NA,78,85
"11","03","2011",NA,79,87
"11","04","2011",NA,87,93
"11","05","2011",NA,80,86
"11","06","2011",NA,81,84
"11","07","2011",NA,81,86
"11","08","2011",NA,89,88
"11","09","2011",NA,79,93
"11","10","2011",NA,78,87
"11","11","2011",NA,84,97
"11","12","2011",NA,89,97
"11","13","2011",NA,78,94
"11","14","2011",NA,77,85
"11","15","2011",NA,85,83
"11","16","2011",NA,87,83
"11","17","2011",NA,89,83
"11","18","2011",NA,82,91
"11","19","2011",NA,78,84
"11","20","2011",NA,79,87
"11","21","2011",NA,84,86
"11","22","2011",NA,83,83
"11","23","2011",NA,84,82
"11","24","2011",NA,83,83
"11","25","2011",NA,80,97
"11","26","2011",NA,76,88
"11","27","2011",NA,86,83
"11","28","2011",NA,86,81
"11","29","2011",NA,85,89
"11","30","2011",NA,79,86
"12","01","2011",NA,81,84
"12","02","2011",NA,77,82
"12","03","2011",NA,82,85
"12","04","2011",NA,80,83
"12","05","2011",NA,79,91
"12","06","2011",NA,88,94
"12","07","2011",1,90,98
"12","08","2011",NA,82,89
"12","09","2011",NA,81,85
"12","10","2011",1.04166666666667,82,82
"12","11","2011",NA,74,81
"12","12","2011",1,84,90
"12","13","2011",1.1,78,84
"12","14","2011",1.04166666666667,86,81
"12","15","2011",1.04166666666667,81,84
"12","16","2011",1.04166666666667,77,79
"12","17","2011",1.04347826086957,86,81
"12","18","2011",0.956521739130435,82,80
"12","19","2011",0.956521739130435,82,81
"12","20","2011",0.958333333333333,81,79
"12","21","2011",0.4375,84,80
"12","22","2011",1.04545454545455,79,79
"12","23","2011",0.947368421052632,82,91
"12","24","2011",1,77,76
"12","25","2011",0.916666666666667,87,78
"12","26","2011",0.772727272727273,81,78
"12","27","2011",0.956521739130435,76,79
"12","28","2011",0.952380952380952,84,83
"12","29","2011",1,86,75
"12","30","2011",0.791666666666667,80,73
"12","31","2011",0.583333333333333,78,82
"01","01","2012",0.695652173913043,82,77
"01","02","2012",0.695652173913043,82,77
"01","03","2012",0.608695652173913,85,73
"01","04","2012",0.736842105263158,78,79
"01","05","2012",0.739130434782609,81,77
"01","06","2012",0.681818181818182,86,75
"01","07","2012",0.695652173913043,85,75
"01","08","2012",0.608695652173913,77,76
"01","09","2012",0.541666666666667,81,73
"01","10","2012",0.636363636363636,88,74
"01","11","2012",0.833333333333333,78,81
"01","12","2012",0.695652173913043,85,73
"01","13","2012",0.454545454545455,79,72
"01","14","2012",0.526315789473684,76,73
"01","15","2012",0.6,85,74
"01","16","2012",0.636363636363636,77,70
"01","17","2012",0.4,80,74
"01","18","2012",0.565217391304348,81,67
"01","19","2012",0.5,82,70
"01","20","2012",0.478260869565217,82,67
"01","21","2012",0.647058823529412,81,70
"01","22","2012",0.478260869565217,73,71
"01","23","2012",0.583333333333333,79,69
"01","24","2012",0.565217391304348,82,71
"01","25","2012",0.761904761904762,76,69
"01","26","2012",0.541666666666667,81,64
"01","27","2012",0.608695652173913,83,70
"01","28","2012",0.636363636363636,81,76
"01","29","2012",0.625,81,71
"01","30","2012",0.739130434782609,87,68
"01","31","2012",0.565217391304348,79,69
"02","01","2012",0.473684210526316,79,69
"02","02","2012",0.565217391304348,77,67
"02","03","2012",0.578947368421053,77,65
"02","04","2012",0.590909090909091,80,71
"02","05","2012",NA,80,84
"02","06","2012",1,89,81
"02","07","2012",1,80,83
"02","08","2012",0.944444444444444,85,83
"02","09","2012",1,80,72
"02","10","2012",0.954545454545455,82,68
"02","11","2012",0.954545454545455,82,71
"02","12","2012",0.818181818181818,79,69
"02","13","2012",0.590909090909091,78,66
"02","14","2012",0.65,81,64
"02","15","2012",0.428571428571429,79,64
"02","16","2012",0.65,79,66
"02","17","2012",0.571428571428571,82,68
"02","18","2012",0.611111111111111,77,62
"02","19","2012",0.590909090909091,75,66
"02","20","2012",0.727272727272727,79,65
"02","21","2012",0.619047619047619,76,62
"02","22","2012",0.6,79,60
"02","23","2012",0.619047619047619,81,60
"02","24","2012",0.578947368421053,81,72
"02","25","2012",0.684210526315789,75,69
"02","26","2012",0.652173913043478,75,61
"02","27","2012",0.625,82,59
"02","28","2012",0.652173913043478,75,65
"02","29","2012",0.590909090909091,75,64
"03","01","2012",0.695652173913043,80,63
"03","02","2012",0.7,86,84
"03","03","2012",0.846153846153846,90,66
"03","04","2012",1.04545454545455,85,66
"03","05","2012",0.91304347826087,79,71
"03","06","2012",0.583333333333333,79,66
"03","07","2012",0.619047619047619,79,65
"03","08","2012",0.739130434782609,78,63
"03","09","2012",0.545454545454545,87,73
"03","10","2012",0.782608695652174,79,90
"03","11","2012",1.04347826086957,86,74
"03","12","2012",1,89,89
"03","13","2012",1.04347826086957,83,79
"03","14","2012",0.857142857142857,78,67
"03","15","2012",0.727272727272727,78,68
"03","16","2012",1,80,70
"03","17","2012",0.708333333333333,85,69
"03","18","2012",0.4,80,74
"03","19","2012",NA,84,72
"03","20","2012",NA,84,75
"03","21","2012",NA,79,81
"03","22","2012",NA,84,86
"03","23","2012",NA,88,84
"03","24","2012",NA,91,88
"03","25","2012",NA,87,90
"03","26","2012",NA,84,79
"03","27","2012",NA,80,89
"03","28","2012",NA,88,84
"03","29","2012",NA,83,87
"03","30","2012",1,90,84
"03","31","2012",NA,83,84
"04","01","2012",NA,83,81
"04","02","2012",NA,79,82
"04","03","2012",NA,81,87
"04","04","2012",NA,NA,89
"04","05","2012",NA,81,79
"04","06","2012",NA,85,84
"04","07","2012",NA,85,96
"04","08","2012",NA,80,86
"04","09","2012",NA,78,90
"04","10","2012",NA,79,97
"04","11","2012",NA,84,86
"04","12","2012",NA,84,96
"04","13","2012",NA,86,84
"04","14","2012",NA,81,82
"04","15","2012",NA,82,83
"04","16","2012",2,82,82
"04","17","2012",NA,82,94
"04","18","2012",NA,80,98
"04","19","2012",NA,84,88
"04","20","2012",NA,78,88
"04","21","2012",1,80,87
"04","22","2012",NA,83,81
"04","23","2012",NA,79,97
"04","24","2012",NA,81,83
"04","25","2012",NA,90,92
"04","26","2012",NA,84,86
"04","27","2012",NA,82,84
"04","28","2012",NA,77,77
"04","29","2012",NA,80,82
"04","30","2012",NA,78,82
"05","01","2012",NA,84,90
"05","02","2012",NA,79,87
"05","03","2012",NA,90,90
"05","04","2012",NA,86,97
"05","05","2012",NA,84,88
"05","06","2012",NA,77,86
"05","07","2012",NA,85,99
"05","08","2012",NA,87,90
"05","09","2012",NA,89,92
"05","10","2012",NA,83,88
"05","11","2012",NA,87,98
"05","12","2012",NA,89,93
"05","13","2012",NA,84,81
"05","14","2012",NA,79,78
"05","15","2012",NA,80,79
"05","16","2012",NA,78,96
"05","17","2012",NA,77,86
"05","18","2012",NA,85,86
"05","19","2012",NA,82,97
"05","20","2012",NA,79,87
"05","21","2012",NA,81,84
"05","22","2012",NA,80,87
"05","23","2012",NA,83,88
"05","24","2012",NA,88,98
"05","25","2012",NA,81,86
"05","26","2012",NA,83,93
"05","27","2012",NA,77,83
"05","28","2012",NA,78,84
"05","29","2012",NA,79,91
"05","30","2012",NA,78,90
"05","31","2012",NA,88,97
"06","01","2012",NA,85,87
"06","02","2012",NA,85,93
"06","03","2012",NA,78,83
"06","04","2012",NA,75,79
"06","05","2012",NA,75,78
"06","06","2012",NA,78,77
"06","07","2012",NA,80,76
"06","08","2012",NA,85,94
"06","09","2012",NA,84,98
"06","10","2012",NA,79,93
"06","11","2012",NA,79,93
"06","12","2012",NA,82,85
"06","13","2012",NA,88,96
"06","14","2012",NA,80,89
"06","15","2012",NA,83,89
"06","16","2012",NA,86,93
"06","17","2012",NA,81,92
"06","18","2012",NA,77,85
"06","19","2012",NA,77,81
"06","20","2012",NA,81,86
"06","21","2012",NA,84,87
"06","22","2012",NA,77,86
"06","23","2012",NA,76,96
"06","24","2012",NA,75,91
"06","25","2012",NA,83,89
"06","26","2012",NA,78,88
"06","27","2012",NA,89,84
"06","28","2012",NA,82,79
"06","29","2012",NA,81,80
"06","30","2012",NA,76,97
"07","01","2012",NA,77,89
"07","02","2012",NA,77,88
"07","03","2012",NA,78,95
"07","04","2012",NA,76,97
"07","05","2012",NA,77,88
"07","06","2012",NA,83,85
"07","07","2012",NA,82,94
"07","08","2012",NA,88,81
"07","09","2012",NA,79,91
"07","10","2012",NA,77,90
"07","11","2012",NA,77,88
"07","12","2012",NA,74,98
"07","13","2012",NA,80,91
"07","14","2012",NA,78,84
"07","15","2012",NA,78,96
"07","16","2012",NA,75,97
"07","17","2012",NA,79,95
"07","18","2012",86.5454545454545,78,94
"07","19","2012",87.125,78,93
"07","20","2012",80.9130434782609,81,82
"07","21","2012",84.2916666666667,77,85
"07","22","2012",80.9130434782609,73,82
"07","23","2012",85.5454545454545,79,91
"07","24","2012",76,82,90
"07","25","2012",68,78,85
"07","26","2012",79.25,86,89
"07","27","2012",81.8333333333333,89,91
"07","28","2012",71,82,88
"07","29","2012",73,85,86
"07","30","2012",76.6666666666667,83,97
"07","31","2012",NA,78,87
"08","01","2012",66.1666666666667,81,84
"08","02","2012",63.6666666666667,77,83
"08","03","2012",81,79,90
"08","04","2012",NA,81,89
"08","05","2012",NA,87,91
"08","06","2012",NA,81,88
"08","07","2012",NA,81,85
"08","08","2012",58,80,85
"08","09","2012",NA,76,84
"08","10","2012",NA,78,94
"08","11","2012",NA,79,85
"08","12","2012",NA,77,91
"08","13","2012",NA,80,98
"08","14","2012",NA,84,96
"08","15","2012",NA,80,88
"08","16","2012",NA,79,80
"08","17","2012",NA,88,98
"08","18","2012",NA,91,87
"08","19","2012",NA,87,86
"08","20","2012",NA,82,91
"08","21","2012",NA,80,88
"08","22","2012",NA,77,86
"08","23","2012",NA,80,84
"08","24","2012",NA,78,87
"08","25","2012",NA,86,88
"08","26","2012",NA,81,98
"08","27","2012",NA,78,89
"08","28","2012",NA,77,87
"08","29","2012",NA,80,86
"08","30","2012",NA,74,88
"08","31","2012",NA,79,88
"09","01","2012",NA,79,82
"09","02","2012",NA,78,84
"09","03","2012",NA,80,90
"09","04","2012",NA,NA,81
"09","05","2012",NA,86,91
"09","06","2012",NA,85,87
"09","07","2012",NA,81,83
"09","08","2012",NA,87,89
"09","09","2012",NA,86,97
"09","10","2012",NA,80,81
"09","11","2012",NA,84,86
"09","12","2012",NA,83,98
"09","13","2012",NA,81,93
"09","14","2012",NA,86,89
"09","15","2012",NA,82,84
"09","16","2012",NA,79,84
"09","17","2012",NA,77,86
"09","18","2012",NA,78,79
"09","19","2012",NA,75,79
"09","20","2012",NA,81,80
"09","21","2012",NA,76,90
"09","22","2012",NA,83,81
"09","23","2012",NA,81,83
"09","24","2012",NA,81,90
"09","25","2012",NA,80,83
"09","26","2012",NA,80,81
"09","27","2012",NA,82,97
"09","28","2012",NA,81,87
"09","29","2012",NA,85,96
"09","30","2012",NA,80,85
"10","01","2012",NA,78,90
"10","02","2012",NA,80,90
"10","03","2012",NA,75,81
"10","04","2012",NA,82,85
"10","05","2012",NA,77,86
"10","06","2012",NA,81,96
"10","07","2012",NA,79,88
"10","08","2012",NA,76,93
"10","09","2012",NA,81,83
"10","10","2012",NA,82,83
"10","11","2012",NA,77,84
"10","12","2012",NA,78,88
"10","13","2012",NA,85,83
"10","14","2012",NA,86,91
"10","15","2012",NA,84,95
"10","16","2012",NA,85,93
"10","17","2012",NA,81,88
"10","18","2012",NA,81,89
"10","19","2012",NA,83,95
"10","20","2012",NA,85,84
"10","21","2012",NA,86,89
"10","22","2012",NA,82,84
"10","23","2012",NA,85,84
"10","24","2012",NA,78,84
"10","25","2012",NA,81,88
"10","26","2012",NA,81,86
"10","27","2012",NA,80,88
"10","28","2012",NA,79,89
"10","29","2012",NA,78,90
"10","30","2012",NA,82,91
"10","31","2012",NA,80,91
"11","01","2012",NA,81,87
"11","02","2012",NA,81,82
"11","03","2012",NA,80,87
"11","04","2012",NA,82,85
"11","05","2012",NA,89,94
"11","06","2012",NA,82,89
"11","07","2012",NA,82,85
"11","08","2012",NA,86,88
"11","09","2012",NA,80,85
"11","10","2012",NA,80,83
"11","11","2012",NA,80,86
"11","12","2012",NA,79,89
"11","13","2012",NA,89,91
"11","14","2012",NA,82,91
"11","15","2012",NA,86,88
"11","16","2012",NA,82,88
"11","17","2012",NA,78,87
"11","18","2012",NA,79,87
"11","19","2012",NA,80,85
"11","20","2012",NA,79,77
"11","21","2012",NA,77,84
"11","22","2012",NA,76,83
"11","23","2012",NA,77,84
"11","24","2012",NA,76,80
"11","25","2012",NA,78,83
"11","26","2012",NA,81,84
"11","27","2012",NA,76,83
"11","28","2012",NA,75,80
"11","29","2012",NA,74,86
"11","30","2012",NA,80,85
"12","01","2012",60.8,74,81
"12","02","2012",60.125,80,85
"12","03","2012",64.7142857142857,79,83
"12","04","2012",62.6666666666667,80,82
"12","05","2012",59.8,76,84
"12","06","2012",67.8,80,84
"12","07","2012",77,78,85
"12","08","2012",58.75,75,85
"12","09","2012",NA,75,82
"12","10","2012",NA,77,85
"12","11","2012",NA,80,83
"12","12","2012",NA,75,84
"12","13","2012",NA,76,87
"12","14","2012",NA,79,87
"12","15","2012",NA,78,81
"12","16","2012",NA,80,81
"12","17","2012",NA,76,81
"12","18","2012",NA,78,76
"12","19","2012",NA,79,76
"12","20","2012",NA,80,77
"12","21","2012",NA,77,75
"12","22","2012",NA,79,83
"12","23","2012",NA,91,93
"12","24","2012",NA,83,88
"12","25","2012",NA,80,86
"12","26","2012",NA,82,86
"12","27","2012",NA,85,80
"12","28","2012",NA,83,79
"12","29","2012",NA,80,79
"12","30","2012",NA,79,78
"12","31","2012",NA,77,79
"01","01","2013",NA,78,75
"01","02","2013",NA,75,78
"01","03","2013",NA,78,77
"01","04","2013",NA,81,80
"01","05","2013",NA,78,79
"01","06","2013",NA,76,77
"01","07","2013",NA,76,78
"01","08","2013",NA,76,78
"01","09","2013",NA,74,77
"01","10","2013",NA,76,76
"01","11","2013",NA,77,74
"01","12","2013",NA,77,77
"01","13","2013",NA,79,74
"01","14","2013",NA,81,82
"01","15","2013",NA,81,73
"01","16","2013",NA,78,77
"01","17","2013",NA,78,70
"01","18","2013",NA,77,72
"01","19","2013",NA,81,74
"01","20","2013",NA,78,70
"01","21","2013",NA,78,73
"01","22","2013",NA,78,71
"01","23","2013",NA,75,71
"01","24","2013",NA,79,69
"01","25","2013",NA,76,71
"01","26","2013",NA,77,72
"01","27","2013",NA,79,69
"01","28","2013",NA,77,65
"01","29","2013",NA,77,69
"01","30","2013",NA,77,72
"01","31","2013",NA,77,67
"02","01","2013",NA,75,68
"02","02","2013",NA,75,67
"02","03","2013",NA,80,66
"02","04","2013",NA,77,65
"02","05","2013",NA,76,77
"02","06","2013",NA,77,76
"02","07","2013",NA,74,83
"02","08","2013",NA,80,80
"02","09","2013",NA,80,85
"02","10","2013",NA,81,72
"02","11","2013",NA,78,73
"02","12","2013",NA,77,74
"02","13","2013",NA,81,77
"02","14","2013",NA,78,71
"02","15","2013",NA,73,77
"02","16","2013",NA,81,75
"02","17","2013",NA,74,67
"02","18","2013",NA,77,65
"02","19","2013",NA,78,62
"02","20","2013",NA,80,63
"02","21","2013",NA,79,61
"02","22","2013",NA,77,64
"02","23","2013",NA,78,67
"02","24","2013",NA,77,66
"02","25","2013",NA,81,70
"02","26","2013",NA,76,64
"02","27","2013",NA,77,72
"02","28","2013",NA,77,85
"03","01","2013",NA,81,69
"03","02","2013",NA,77,66
"03","03","2013",NA,76,72
"03","04","2013",NA,76,71
"03","05","2013",NA,77,67
"03","06","2013",NA,75,70
"03","07","2013",NA,76,58
"03","08","2013",NA,78,58
"03","09","2013",NA,78,76
"03","10","2013",NA,76,74
"03","11","2013",NA,78,65
"03","12","2013",NA,78,68
"03","13","2013",NA,82,67
"03","14","2013",NA,77,60
"03","15","2013",NA,81,65
"03","16","2013",NA,80,67
"03","17","2013",NA,86,70
"03","18","2013",NA,82,73
"03","19","2013",NA,83,70
"03","20","2013",NA,81,65
"03","21","2013",NA,81,63
"03","22","2013",NA,81,71
"03","23","2013",NA,82,NA
"03","24","2013",NA,82,81
"03","25","2013",NA,80,76
"03","26","2013",NA,82,68
"03","27","2013",NA,80,69
"03","28","2013",NA,81,67
"03","29","2013",NA,86,94
"03","30","2013",NA,88,85
"03","31","2013",NA,82,76
"04","01","2013",NA,78,70
"04","02","2013",NA,76,76
"04","03","2013",NA,83,77
"04","04","2013",NA,79,77
"04","05","2013",NA,80,74
"04","06","2013",NA,80,73
"04","07","2013",NA,77,63
"04","08","2013",NA,77,62
"04","09","2013",NA,81,76
"04","10","2013",NA,78,77
"04","11","2013",NA,80,68
"04","12","2013",NA,79,65
"04","13","2013",NA,78,75
"04","14","2013",NA,81,79
"04","15","2013",NA,87,80
"04","16","2013",NA,82,86
"04","17","2013",NA,86,86
"04","18","2013",NA,88,97
"04","19","2013",NA,87,83
"04","20","2013",NA,84,96
"04","21","2013",NA,81,88
"04","22","2013",NA,86,88
"04","23","2013",NA,89,98
"04","24","2013",NA,82,86
"04","25","2013",NA,88,84
"04","26","2013",NA,88,99
"04","27","2013",NA,88,83
"04","28","2013",NA,82,85
"04","29","2013",NA,82,93
"04","30","2013",NA,86,83
"05","01","2013",NA,87,96
"05","02","2013",NA,84,91
"05","03","2013",NA,86,87
"05","04","2013",NA,88,82
"05","05","2013",NA,84,87
"05","06","2013",68,88,83
"05","07","2013",74.5,84,89
"05","08","2013",75,87,97
"05","09","2013",NA,84,95
"05","10","2013",NA,83,79
"05","11","2013",NA,86,75
"05","12","2013",NA,82,78
"05","13","2013",NA,88,89
"05","14","2013",NA,86,89
"05","15","2013",NA,82,84
"05","16","2013",72,90,79
"05","17","2013",NA,88,83
"05","18","2013",NA,86,82
"05","19","2013",NA,88,97
"05","20","2013",NA,84,95
"05","21","2013",NA,85,84
"05","22","2013",NA,89,97
"05","23","2013",NA,84,91
"05","24","2013",NA,84,89
"05","25","2013",NA,84,81
"05","26","2013",NA,90,84
"05","27","2013",NA,84,95
"05","28","2013",NA,88,90
"05","29","2013",NA,83,85
"05","30","2013",NA,87,86
"05","31","2013",NA,85,83
"06","01","2013",NA,81,91
"06","02","2013",NA,86,99
"06","03","2013",NA,90,99
"06","04","2013",NA,86,86
"06","05","2013",NA,86,86
"06","06","2013",NA,89,97
"06","07","2013",NA,86,95
"06","08","2013",NA,85,89
"06","09","2013",NA,85,80
"06","10","2013",NA,84,94
"06","11","2013",NA,89,96
"06","12","2013",NA,86,91
"06","13","2013",NA,87,95
"06","14","2013",NA,90,99
"06","15","2013",NA,86,97
"06","16","2013",NA,84,86
"06","17","2013",NA,83,81
"06","18","2013",NA,83,91
"06","19","2013",NA,87,98
"06","20","2013",NA,84,88
"06","21","2013",NA,89,89
"06","22","2013",NA,88,82
"06","23","2013",NA,85,91
"06","24","2013",NA,87,95
"06","25","2013",NA,83,98
"06","26","2013",NA,79,79
"06","27","2013",NA,83,86
"06","28","2013",NA,84,88
"06","29","2013",NA,85,94
"06","30","2013",NA,82,90
"07","01","2013",NA,88,98
"07","02","2013",67,82,83
"07","03","2013",NA,86,79
"07","04","2013",NA,82,82
"07","05","2013",NA,82,96
"07","06","2013",NA,84,85
"07","07","2013",NA,87,88
"07","08","2013",NA,83,80
"07","09","2013",NA,88,97
"07","10","2013",89,87,91
"07","11","2013",NA,88,82
"07","12","2013",NA,86,82
"07","13","2013",NA,80,83
"07","14","2013",NA,83,96
"07","15","2013",NA,88,98
"07","16","2013",NA,88,91
"07","17","2013",NA,84,84
"07","18","2013",NA,86,83
"07","19","2013",NA,87,84
"07","20","2013",NA,89,97
"07","21","2013",NA,87,87
"07","22","2013",NA,85,91
"07","23","2013",NA,88,96
"07","24","2013",NA,88,86
"07","25","2013",93.2173913043478,89,98
"07","26","2013",93,88,94
"07","27","2013",85.1666666666667,83,92
"07","28","2013",83.625,81,91
"07","29","2013",89.625,85,90
"07","30","2013",87.9583333333333,81,93
"07","31","2013",86.0833333333333,85,83
"08","01","2013",93.875,88,97
"08","02","2013",93.0454545454545,84,90
"08","03","2013",88.4761904761905,84,92
"08","04","2013",85.4782608695652,82,88
"08","05","2013",91.4,85,82
"08","06","2013",86.8,80,84
"08","07","2013",93.1764705882353,87,97
"08","08","2013",84.4347826086957,80,82
"08","09","2013",84.3333333333333,80,83
"08","10","2013",84.5,87,83
"08","11","2013",89.4583333333333,87,95
"08","12","2013",82.9583333333333,90,91
"08","13","2013",84.5,86,85
"08","14","2013",89.9583333333333,82,83
"08","15","2013",86,87,96
"08","16","2013",84.0833333333333,83,83
"08","17","2013",95.7083333333333,86,92
"08","18","2013",87.4166666666667,81,87
"08","19","2013",83.0833333333333,84,93
"08","20","2013",85.1304347826087,86,87
"08","21","2013",89.125,86,89
"08","22","2013",84.125,84,85
"08","23","2013",84.5416666666667,84,80
"08","24","2013",86.0416666666667,80,92
"08","25","2013",91.375,85,97
"08","26","2013",86.7916666666667,83,86
"08","27","2013",85.625,83,92
"08","28","2013",84.0416666666667,82,86
"08","29","2013",85.2083333333333,86,85
"08","30","2013",84.695652173913,83,89
"08","31","2013",87.2916666666667,81,90
"09","01","2013",81.4583333333333,82,86
"09","02","2013",81.1666666666667,80,83
"09","03","2013",89.25,83,86
"09","04","2013",88.4782608695652,80,88
"09","05","2013",88.2916666666667,84,90
"09","06","2013",82.6666666666667,85,83
"09","07","2013",87.9583333333333,88,90
"09","08","2013",84.9166666666667,89,80
"09","09","2013",90.9166666666667,84,86
"09","10","2013",85.7916666666667,87,85
"09","11","2013",82.9090909090909,87,84
"09","12","2013",80.375,83,80
"09","13","2013",79.9583333333333,86,85
"09","14","2013",85.5909090909091,83,87
"09","15","2013",91.9130434782609,85,96
"09","16","2013",88.25,87,88
"09","17","2013",91.8333333333333,85,94
"09","18","2013",84.8125,89,93
"09","19","2013",82.8333333333333,85,85
"09","20","2013",81.5909090909091,84,84
"09","21","2013",81.695652173913,86,83
"09","22","2013",83.5217391304348,86,92
"09","23","2013",83.9166666666667,87,90
"09","24","2013",82.8333333333333,88,87
"09","25","2013",88.2380952380952,87,91
"09","26","2013",85.1363636363636,87,92
"09","27","2013",84.9565217391304,85,87
"09","28","2013",81.3478260869565,84,84
"09","29","2013",92.9545454545455,89,95
"09","30","2013",79.3333333333333,86,83
"10","01","2013",90.5,87,87
"10","02","2013",83.2083333333333,85,85
"10","03","2013",82,85,84
"10","04","2013",93.7142857142857,85,93
"10","05","2013",82.9130434782609,83,87
"10","06","2013",78.8636363636364,87,83
"10","07","2013",85.25,86,86
"10","08","2013",84.8695652173913,88,83
"10","09","2013",82.0952380952381,83,82
"10","10","2013",81.7083333333333,87,79
"10","11","2013",81.2,87,78
"10","12","2013",84.9090909090909,84,86
"10","13","2013",82.1363636363636,87,85
"10","14","2013",88.7826086956522,86,88
"10","15","2013",83.4,83,84
"10","16","2013",88.0454545454545,85,91
"10","17","2013",85.75,88,88
"10","18","2013",81.4545454545455,87,82
"10","19","2013",79.25,84,80
"10","20","2013",87.9090909090909,83,82
"10","21","2013",88.65,88,81
"10","22","2013",93.4583333333333,89,82
"10","23","2013",93.35,83,95
"10","24","2013",81.695652173913,86,81
"10","25","2013",85.5217391304348,82,93
"10","26","2013",82.9090909090909,85,84
"10","27","2013",85.7727272727273,84,87
"10","28","2013",82.5217391304348,87,84
"10","29","2013",91.375,81,84
"10","30","2013",84.2083333333333,88,87
"10","31","2013",86.75,85,85
"11","01","2013",86.0416666666667,89,84
"11","02","2013",85.1666666666667,86,86
"11","03","2013",85.375,88,87
"11","04","2013",95.5,86,90
"11","05","2013",89.2916666666667,84,92
"11","06","2013",85.6666666666667,88,90
"11","07","2013",89.0869565217391,83,99
"11","08","2013",84.3478260869565,82,86
"11","09","2013",89.5555555555556,86,97
"11","10","2013",87.3636363636364,85,89
"11","11","2013",85.0454545454545,87,83
"11","12","2013",80.4347826086957,87,84
"11","13","2013",77.6190476190476,84,86
"11","14","2013",83.8636363636364,80,88
"11","15","2013",90.8333333333333,86,94
"11","16","2013",82.5,81,86
"11","17","2013",80.304347826087,81,86
"11","18","2013",83.4166666666667,84,84
"11","19","2013",80.2173913043478,87,79
"11","20","2013",82.304347826087,88,81
"11","21","2013",81.1304347826087,84,81
"11","22","2013",79.5454545454545,84,81
"11","23","2013",86.7272727272727,88,86
"11","24","2013",82.7272727272727,87,83
"11","25","2013",82.8333333333333,82,86
"11","26","2013",87.1578947368421,86,79
"11","27","2013",81.0454545454545,81,83
"11","28","2013",82.9583333333333,88,79
"11","29","2013",79.8636363636364,85,78
"11","30","2013",79.375,85,76
"12","01","2013",77.304347826087,86,81
"12","02","2013",91.0416666666667,NA,89
"12","03","2013",88.4583333333333,84,86
"12","04","2013",82.0416666666667,85,83
"12","05","2013",79.7826086956522,86,80
"12","06","2013",83.35,88,85
"12","07","2013",79.5294117647059,82,81
"12","08","2013",79.4347826086957,86,80
"12","09","2013",81.8421052631579,81,86
"12","10","2013",77.3913043478261,81,86
"12","11","2013",81.5,89,84
"12","12","2013",87.3333333333333,86,88
"12","13","2013",77.5238095238095,88,82
"12","14","2013",81.1111111111111,85,76
"12","15","2013",75.4285714285714,86,81
"12","16","2013",79.0416666666667,87,80
"12","17","2013",77,84,80
"12","18","2013",79.625,85,79
"12","19","2013",76.0434782608696,82,75
"12","20","2013",72.125,82,73
"12","21","2013",75.4583333333333,82,76
"12","22","2013",74,84,72
"12","23","2013",76.3181818181818,85,75
"12","24","2013",77.3333333333333,81,74
"12","25","2013",75.0416666666667,80,77
"12","26","2013",75.0909090909091,85,75
"12","27","2013",78.4736842105263,84,76
"12","28","2013",77.6521739130435,79,77
"12","29","2013",74.0416666666667,82,79
"12","30","2013",71.375,83,75
"12","31","2013",72,82,71
