"month","day","year","36015020","36025010"
"01","01","2005",NA,NA
"01","02","2005",NA,NA
"01","03","2005",NA,NA
"01","04","2005",NA,NA
"01","05","2005",NA,NA
"01","06","2005",NA,NA
"01","07","2005",NA,NA
"01","08","2005",NA,NA
"01","09","2005",NA,NA
"01","10","2005",NA,NA
"01","11","2005",NA,NA
"01","12","2005",NA,NA
"01","13","2005",NA,NA
"01","14","2005",NA,NA
"01","15","2005",NA,NA
"01","16","2005",NA,NA
"01","17","2005",NA,NA
"01","18","2005",NA,NA
"01","19","2005",NA,NA
"01","20","2005",NA,NA
"01","21","2005",NA,NA
"01","22","2005",NA,NA
"01","23","2005",NA,NA
"01","24","2005",NA,NA
"01","25","2005",NA,NA
"01","26","2005",NA,NA
"01","27","2005",NA,NA
"01","28","2005",NA,NA
"01","29","2005",NA,NA
"01","30","2005",NA,NA
"01","31","2005",NA,NA
"02","01","2005",NA,NA
"02","02","2005",NA,NA
"02","03","2005",NA,NA
"02","04","2005",NA,NA
"02","05","2005",NA,NA
"02","06","2005",NA,NA
"02","07","2005",NA,NA
"02","08","2005",NA,NA
"02","09","2005",NA,NA
"02","10","2005",NA,NA
"02","11","2005",NA,NA
"02","12","2005",NA,NA
"02","13","2005",NA,NA
"02","14","2005",NA,NA
"02","15","2005",NA,NA
"02","16","2005",NA,NA
"02","17","2005",NA,NA
"02","18","2005",NA,NA
"02","19","2005",NA,NA
"02","20","2005",NA,NA
"02","21","2005",NA,NA
"02","22","2005",NA,NA
"02","23","2005",NA,NA
"02","24","2005",NA,NA
"02","25","2005",NA,NA
"02","26","2005",NA,NA
"02","27","2005",NA,NA
"02","28","2005",NA,NA
"03","01","2005",NA,NA
"03","02","2005",NA,NA
"03","03","2005",NA,NA
"03","04","2005",NA,NA
"03","05","2005",NA,NA
"03","06","2005",NA,NA
"03","07","2005",NA,NA
"03","08","2005",NA,NA
"03","09","2005",NA,NA
"03","10","2005",NA,NA
"03","11","2005",NA,NA
"03","12","2005",NA,NA
"03","13","2005",NA,NA
"03","14","2005",NA,NA
"03","15","2005",NA,NA
"03","16","2005",NA,NA
"03","17","2005",NA,NA
"03","18","2005",NA,NA
"03","19","2005",NA,NA
"03","20","2005",NA,NA
"03","21","2005",NA,NA
"03","22","2005",NA,NA
"03","23","2005",NA,NA
"03","24","2005",NA,NA
"03","25","2005",NA,NA
"03","26","2005",NA,NA
"03","27","2005",NA,NA
"03","28","2005",NA,NA
"03","29","2005",NA,NA
"03","30","2005",NA,NA
"03","31","2005",NA,NA
"04","01","2005",NA,NA
"04","02","2005",NA,NA
"04","03","2005",NA,NA
"04","04","2005",NA,NA
"04","05","2005",NA,NA
"04","06","2005",NA,NA
"04","07","2005",NA,NA
"04","08","2005",NA,NA
"04","09","2005",NA,NA
"04","10","2005",NA,NA
"04","11","2005",NA,NA
"04","12","2005",NA,NA
"04","13","2005",NA,NA
"04","14","2005",NA,NA
"04","15","2005",NA,NA
"04","16","2005",NA,NA
"04","17","2005",NA,NA
"04","18","2005",NA,NA
"04","19","2005",NA,NA
"04","20","2005",NA,NA
"04","21","2005",NA,NA
"04","22","2005",NA,NA
"04","23","2005",NA,NA
"04","24","2005",NA,NA
"04","25","2005",NA,NA
"04","26","2005",NA,NA
"04","27","2005",NA,NA
"04","28","2005",NA,NA
"04","29","2005",NA,NA
"04","30","2005",NA,NA
"05","01","2005",NA,NA
"05","02","2005",NA,NA
"05","03","2005",NA,NA
"05","04","2005",NA,NA
"05","05","2005",NA,NA
"05","06","2005",NA,NA
"05","07","2005",NA,NA
"05","08","2005",NA,NA
"05","09","2005",NA,NA
"05","10","2005",NA,NA
"05","11","2005",NA,NA
"05","12","2005",NA,NA
"05","13","2005",NA,NA
"05","14","2005",NA,NA
"05","15","2005",NA,NA
"05","16","2005",NA,NA
"05","17","2005",NA,NA
"05","18","2005",NA,NA
"05","19","2005",NA,NA
"05","20","2005",NA,NA
"05","21","2005",NA,NA
"05","22","2005",NA,NA
"05","23","2005",NA,NA
"05","24","2005",NA,NA
"05","25","2005",NA,NA
"05","26","2005",NA,NA
"05","27","2005",NA,NA
"05","28","2005",NA,NA
"05","29","2005",NA,NA
"05","30","2005",NA,NA
"05","31","2005",NA,NA
"06","01","2005",NA,NA
"06","02","2005",NA,28.1
"06","03","2005",NA,30
"06","04","2005",NA,26.3
"06","05","2005",NA,29
"06","06","2005",NA,31.2
"06","07","2005",NA,28
"06","08","2005",NA,30.3
"06","09","2005",NA,30.2
"06","10","2005",NA,NA
"06","11","2005",NA,30.3
"06","12","2005",NA,26
"06","13","2005",NA,31
"06","14","2005",NA,31.3
"06","15","2005",NA,30.1
"06","16","2005",NA,30
"06","17","2005",NA,NA
"06","18","2005",NA,25
"06","19","2005",NA,NA
"06","20","2005",NA,29.1
"06","21","2005",NA,NA
"06","22","2005",NA,NA
"06","23","2005",NA,NA
"06","24","2005",NA,NA
"06","25","2005",NA,NA
"06","26","2005",NA,NA
"06","27","2005",NA,NA
"06","28","2005",NA,32
"06","29","2005",NA,31.4
"06","30","2005",NA,NA
"07","01","2005",NA,29.8
"07","02","2005",NA,30.8
"07","03","2005",NA,31.2
"07","04","2005",NA,32.4
"07","05","2005",NA,32.4
"07","06","2005",NA,30.2
"07","07","2005",NA,29.8
"07","08","2005",NA,29.8
"07","09","2005",NA,29.2
"07","10","2005",NA,31.4
"07","11","2005",NA,30
"07","12","2005",NA,28
"07","13","2005",NA,30
"07","14","2005",NA,31.8
"07","15","2005",NA,32.2
"07","16","2005",NA,31.6
"07","17","2005",NA,30
"07","18","2005",NA,31.2
"07","19","2005",NA,26.2
"07","20","2005",NA,25.8
"07","21","2005",NA,30.4
"07","22","2005",NA,30.2
"07","23","2005",NA,29.2
"07","24","2005",NA,31.6
"07","25","2005",NA,31
"07","26","2005",NA,30.2
"07","27","2005",NA,31.4
"07","28","2005",NA,29.6
"07","29","2005",NA,31.6
"07","30","2005",NA,31.2
"07","31","2005",NA,32.4
"08","01","2005",NA,30.4
"08","02","2005",NA,30.2
"08","03","2005",NA,28.8
"08","04","2005",NA,30
"08","05","2005",NA,30.2
"08","06","2005",NA,30.2
"08","07","2005",NA,24.2
"08","08","2005",NA,30.4
"08","09","2005",NA,30.6
"08","10","2005",NA,30.6
"08","11","2005",NA,29.8
"08","12","2005",NA,32
"08","13","2005",NA,30.4
"08","14","2005",NA,31.6
"08","15","2005",NA,28
"08","16","2005",NA,26.4
"08","17","2005",NA,33.4
"08","18","2005",NA,27.8
"08","19","2005",NA,29
"08","20","2005",NA,31.4
"08","21","2005",NA,30.8
"08","22","2005",NA,33.6
"08","23","2005",NA,32.4
"08","24","2005",NA,33.2
"08","25","2005",NA,32.4
"08","26","2005",NA,32.4
"08","27","2005",NA,30
"08","28","2005",NA,30.4
"08","29","2005",NA,34.8
"08","30","2005",NA,32.4
"08","31","2005",NA,34
"09","01","2005",NA,33
"09","02","2005",NA,29.8
"09","03","2005",NA,32.6
"09","04","2005",NA,30.8
"09","05","2005",NA,33.2
"09","06","2005",NA,31.2
"09","07","2005",NA,27.4
"09","08","2005",NA,31.6
"09","09","2005",NA,29
"09","10","2005",NA,33.8
"09","11","2005",NA,32
"09","12","2005",NA,32.6
"09","13","2005",NA,31.6
"09","14","2005",NA,33.8
"09","15","2005",NA,30.6
"09","16","2005",NA,32.6
"09","17","2005",NA,33.6
"09","18","2005",NA,32.6
"09","19","2005",NA,32.4
"09","20","2005",NA,34.2
"09","21","2005",NA,32.6
"09","22","2005",NA,29.6
"09","23","2005",NA,34.6
"09","24","2005",NA,33.8
"09","25","2005",NA,31.6
"09","26","2005",NA,32.6
"09","27","2005",NA,32.6
"09","28","2005",NA,31.6
"09","29","2005",NA,28.6
"09","30","2005",NA,27.6
"10","01","2005",NA,32.4
"10","02","2005",NA,31.8
"10","03","2005",NA,33.6
"10","04","2005",NA,30.6
"10","05","2005",NA,34.6
"10","06","2005",NA,34.8
"10","07","2005",NA,NA
"10","08","2005",NA,32.6
"10","09","2005",NA,31.6
"10","10","2005",NA,31
"10","11","2005",NA,29.8
"10","12","2005",NA,31.8
"10","13","2005",NA,29.8
"10","14","2005",13.7333333333333,32.4
"10","15","2005",15.05,30.6
"10","16","2005",16.075,29
"10","17","2005",16.6916666666667,29
"10","18","2005",17.6416666666667,34.6
"10","19","2005",NA,35
"10","20","2005",NA,33
"10","21","2005",17.9866666666667,32.6
"10","22","2005",17.0294117647059,30.6
"10","23","2005",16.6086956521739,33.6
"10","24","2005",13.9791666666667,32.6
"10","25","2005",14.6473684210526,30
"10","26","2005",14.3619047619048,32
"10","27","2005",NA,33.6
"10","28","2005",16.5958333333333,34.2
"10","29","2005",15.7458333333333,35.6
"10","30","2005",16.5291666666667,34.6
"10","31","2005",17.3958333333333,35.6
"11","01","2005",16.7947368421053,34.2
"11","02","2005",18.2,31.6
"11","03","2005",17.7,33.6
"11","04","2005",17.3666666666667,31.6
"11","05","2005",17.4260869565217,31.6
"11","06","2005",17.156,30
"11","07","2005",17.2875,34.6
"11","08","2005",13.26,30.6
"11","09","2005",NA,30
"11","10","2005",NA,29.6
"11","11","2005",NA,32.6
"11","12","2005",NA,32.6
"11","13","2005",NA,29.8
"11","14","2005",NA,31.8
"11","15","2005",NA,28
"11","16","2005",NA,32.6
"11","17","2005",NA,33.4
"11","18","2005",NA,30
"11","19","2005",NA,31.6
"11","20","2005",NA,32.4
"11","21","2005",25.8,30
"11","22","2005",27.7458333333333,35.6
"11","23","2005",27.5434782608696,32
"11","24","2005",25.868,33.6
"11","25","2005",23.825,30.2
"11","26","2005",27.5782608695652,33.6
"11","27","2005",27.1478260869565,33.8
"11","28","2005",26.7173913043478,32.4
"11","29","2005",26.8291666666667,31
"11","30","2005",27.1208333333333,32.4
"12","01","2005",27.0416666666667,31.8
"12","02","2005",27.075,32.4
"12","03","2005",26.925,32.4
"12","04","2005",26.6416666666667,33
"12","05","2005",27.0666666666667,34.6
"12","06","2005",27.4083333333333,32
"12","07","2005",27.225,31.4
"12","08","2005",26.6782608695652,31.8
"12","09","2005",27.064,32.4
"12","10","2005",26.6208333333333,34.6
"12","11","2005",23.9521739130435,25.2
"12","12","2005",26.872,31.4
"12","13","2005",27.3208333333333,31
"12","14","2005",26.6125,32.4
"12","15","2005",26.7318181818182,31.4
"12","16","2005",27.3863636363636,31.8
"12","17","2005",26.504347826087,31.4
"12","18","2005",27.0166666666667,32
"12","19","2005",26.2083333333333,30
"12","20","2005",25.8695652173913,32
"12","21","2005",26.1125,32.8
"12","22","2005",26.3458333333333,30
"12","23","2005",26.8083333333333,30
"12","24","2005",26.9652173913043,32.6
"12","25","2005",26.856,31.4
"12","26","2005",26.1086956521739,31.4
"12","27","2005",26.2166666666667,33.6
"12","28","2005",26.0347826086957,30.6
"12","29","2005",25.4782608695652,31.4
"12","30","2005",25.3291666666667,31.4
"12","31","2005",25.3695652173913,NA
"01","01","2006",25.9695652173913,31.4
"01","02","2006",26.1875,32
"01","03","2006",26.7583333333333,31
"01","04","2006",27.3541666666667,32.4
"01","05","2006",25.6708333333333,30.6
"01","06","2006",25.7434782608696,31
"01","07","2006",26.3583333333333,30.2
"01","08","2006",26.575,29.8
"01","09","2006",25.85,32.4
"01","10","2006",25.8916666666667,30
"01","11","2006",26.1857142857143,31.4
"01","12","2006",26.8541666666667,32
"01","13","2006",27.0708333333333,31.4
"01","14","2006",27.7041666666667,31.8
"01","15","2006",28.3958333333333,31.4
"01","16","2006",27.5583333333333,31
"01","17","2006",27.6391304347826,31.6
"01","18","2006",NA,31
"01","19","2006",26.4304347826087,32.4
"01","20","2006",26.3625,30.6
"01","21","2006",27.2833333333333,NA
"01","22","2006",28.7125,32.6
"01","23","2006",28.325,31.6
"01","24","2006",28.2833333333333,32.6
"01","25","2006",27.1695652173913,30.2
"01","26","2006",27.488,30
"01","27","2006",26.2791666666667,29.6
"01","28","2006",25.1208333333333,30
"01","29","2006",24.4333333333333,NA
"01","30","2006",26.9652173913043,30
"01","31","2006",27.525,31
"02","01","2006",27.1916666666667,NA
"02","02","2006",27.8347826086957,NA
"02","03","2006",27.9083333333333,NA
"02","04","2006",27.7565217391304,NA
"02","05","2006",26.775,NA
"02","06","2006",21.8909090909091,NA
"02","07","2006",NA,NA
"02","08","2006",NA,NA
"02","09","2006",NA,NA
"02","10","2006",29.5066666666667,NA
"02","11","2006",27.1791666666667,NA
"02","12","2006",27.4583333333333,NA
"02","13","2006",27.5,NA
"02","14","2006",27.94,NA
"02","15","2006",27.0083333333333,NA
"02","16","2006",27.1416666666667,NA
"02","17","2006",27.5958333333333,NA
"02","18","2006",26.2958333333333,NA
"02","19","2006",27.4291666666667,NA
"02","20","2006",26.8583333333333,NA
"02","21","2006",25.235,NA
"02","22","2006",27.9625,NA
"02","23","2006",28.9583333333333,NA
"02","24","2006",28.1125,NA
"02","25","2006",27.6791666666667,NA
"02","26","2006",27.8625,NA
"02","27","2006",28.504347826087,NA
"02","28","2006",28.0916666666667,NA
"03","01","2006",28.7,NA
"03","02","2006",27.64,NA
"03","03","2006",30.0583333333333,NA
"03","04","2006",29.8375,NA
"03","05","2006",28.4791666666667,NA
"03","06","2006",26.425,NA
"03","07","2006",26.1416666666667,NA
"03","08","2006",26.5727272727273,NA
"03","09","2006",24.45,NA
"03","10","2006",26.695652173913,NA
"03","11","2006",26.9541666666667,NA
"03","12","2006",26.9625,NA
"03","13","2006",27.2875,NA
"03","14","2006",27.1291666666667,NA
"03","15","2006",28.7458333333333,NA
"03","16","2006",27.2583333333333,NA
"03","17","2006",26.95,NA
"03","18","2006",27.6083333333333,NA
"03","19","2006",28.1125,NA
"03","20","2006",25.2833333333333,NA
"03","21","2006",26.0782608695652,NA
"03","22","2006",25.6583333333333,NA
"03","23","2006",26.5208333333333,NA
"03","24","2006",28.1916666666667,NA
"03","25","2006",28.0541666666667,NA
"03","26","2006",25.0291666666667,NA
"03","27","2006",24.6333333333333,NA
"03","28","2006",26.5913043478261,NA
"03","29","2006",27.8958333333333,NA
"03","30","2006",27.3458333333333,NA
"03","31","2006",27.8458333333333,NA
"04","01","2006",28.947619047619,NA
"04","02","2006",NA,NA
"04","03","2006",NA,NA
"04","04","2006",NA,NA
"04","05","2006",NA,NA
"04","06","2006",NA,NA
"04","07","2006",NA,NA
"04","08","2006",NA,NA
"04","09","2006",28.1458333333333,NA
"04","10","2006",28.1333333333333,NA
"04","11","2006",28.2391304347826,NA
"04","12","2006",28.5208333333333,NA
"04","13","2006",24.5541666666667,NA
"04","14","2006",24.9208333333333,NA
"04","15","2006",26.15,NA
"04","16","2006",27.804347826087,NA
"04","17","2006",25.5833333333333,NA
"04","18","2006",27.5375,NA
"04","19","2006",27.1416666666667,NA
"04","20","2006",28.2347826086957,NA
"04","21","2006",28.2666666666667,NA
"04","22","2006",28.7291666666667,NA
"04","23","2006",25.3666666666667,NA
"04","24","2006",27.1541666666667,NA
"04","25","2006",27.4458333333333,NA
"04","26","2006",24.8083333333333,NA
"04","27","2006",27,NA
"04","28","2006",25.725,NA
"04","29","2006",26.3291666666667,NA
"04","30","2006",27.2458333333333,NA
"05","01","2006",27.9666666666667,NA
"05","02","2006",27.4625,NA
"05","03","2006",24.7541666666667,NA
"05","04","2006",26.3083333333333,NA
"05","05","2006",25.7083333333333,NA
"05","06","2006",24.65,NA
"05","07","2006",26.0333333333333,NA
"05","08","2006",26.4416666666667,NA
"05","09","2006",25.925,NA
"05","10","2006",25.9625,NA
"05","11","2006",25.4125,NA
"05","12","2006",26.625,NA
"05","13","2006",27.4958333333333,NA
"05","14","2006",27.3708333333333,NA
"05","15","2006",26.2958333333333,NA
"05","16","2006",26.6826086956522,NA
"05","17","2006",26.447619047619,NA
"05","18","2006",25.4875,NA
"05","19","2006",24.3958333333333,NA
"05","20","2006",21.52,NA
"05","21","2006",NA,NA
"05","22","2006",NA,NA
"05","23","2006",27.3,NA
"05","24","2006",24.4782608695652,NA
"05","25","2006",27.1041666666667,NA
"05","26","2006",25.7625,NA
"05","27","2006",26.5666666666667,NA
"05","28","2006",26.5291666666667,NA
"05","29","2006",24.4,NA
"05","30","2006",28.0458333333333,NA
"05","31","2006",27.1416666666667,NA
"06","01","2006",25.5208333333333,NA
"06","02","2006",26.5,NA
"06","03","2006",26.204347826087,NA
"06","04","2006",27.5416666666667,NA
"06","05","2006",26.4,NA
"06","06","2006",27.3416666666667,NA
"06","07","2006",25.9875,NA
"06","08","2006",23.7958333333333,NA
"06","09","2006",25.0583333333333,NA
"06","10","2006",26.1875,NA
"06","11","2006",25.3375,NA
"06","12","2006",NA,NA
"06","13","2006",26.5695652173913,NA
"06","14","2006",23.5652173913043,NA
"06","15","2006",25.8090909090909,NA
"06","16","2006",27.4826086956522,NA
"06","17","2006",26.7347826086957,NA
"06","18","2006",26.8458333333333,NA
"06","19","2006",26.35,NA
"06","20","2006",27.4458333333333,NA
"06","21","2006",25.4375,NA
"06","22","2006",24.8083333333333,NA
"06","23","2006",27.3666666666667,NA
"06","24","2006",27.2958333333333,NA
"06","25","2006",25.6,NA
"06","26","2006",26.05,NA
"06","27","2006",26.1541666666667,NA
"06","28","2006",26.125,NA
"06","29","2006",26.9208333333333,NA
"06","30","2006",27.9458333333333,NA
"07","01","2006",28.0125,NA
"07","02","2006",27.4833333333333,NA
"07","03","2006",25.1708333333333,NA
"07","04","2006",24.9833333333333,NA
"07","05","2006",26.0695652173913,NA
"07","06","2006",24.475,NA
"07","07","2006",25.8416666666667,NA
"07","08","2006",27.1434782608696,NA
"07","09","2006",27.7541666666667,NA
"07","10","2006",24.5458333333333,NA
"07","11","2006",26.2208333333333,NA
"07","12","2006",25.7058823529412,NA
"07","13","2006",27.55,NA
"07","14","2006",24.7529411764706,NA
"07","15","2006",25.12,NA
"07","16","2006",26.0538461538462,NA
"07","17","2006",25.095652173913,NA
"07","18","2006",25.775,NA
"07","19","2006",23.7846153846154,NA
"07","20","2006",NA,NA
"07","21","2006",27.4111111111111,NA
"07","22","2006",24.5208333333333,NA
"07","23","2006",26.5625,NA
"07","24","2006",25.6869565217391,NA
"07","25","2006",24.584,NA
"07","26","2006",27.0125,NA
"07","27","2006",26.1791666666667,NA
"07","28","2006",22.95,NA
"07","29","2006",24.8708333333333,NA
"07","30","2006",26.8086956521739,NA
"07","31","2006",26.7208333333333,NA
"08","01","2006",26.0625,NA
"08","02","2006",27.1375,NA
"08","03","2006",26.25,NA
"08","04","2006",25.8666666666667,NA
"08","05","2006",27.2791666666667,NA
"08","06","2006",27.4565217391304,NA
"08","07","2006",24.7888888888889,NA
"08","08","2006",26.3409090909091,NA
"08","09","2006",27.236,NA
"08","10","2006",27.4173913043478,NA
"08","11","2006",22.7619047619048,NA
"08","12","2006",24.2708333333333,NA
"08","13","2006",27.7125,NA
"08","14","2006",28.925,NA
"08","15","2006",28.1333333333333,NA
"08","16","2006",25.0916666666667,NA
"08","17","2006",26.3772727272727,NA
"08","18","2006",26.95,NA
"08","19","2006",25.3416666666667,NA
"08","20","2006",24.8875,NA
"08","21","2006",26.65,NA
"08","22","2006",26.15,NA
"08","23","2006",27.8708333333333,NA
"08","24","2006",25.2958333333333,NA
"08","25","2006",25.9833333333333,NA
"08","26","2006",27.3083333333333,NA
"08","27","2006",27.5708333333333,NA
"08","28","2006",26.525,NA
"08","29","2006",26.2041666666667,NA
"08","30","2006",25.9,NA
"08","31","2006",27.4166666666667,NA
"09","01","2006",28.1166666666667,NA
"09","02","2006",28.5041666666667,NA
"09","03","2006",29.2291666666667,NA
"09","04","2006",25.975,NA
"09","05","2006",27.0208333333333,NA
"09","06","2006",26.9916666666667,NA
"09","07","2006",26.4208333333333,NA
"09","08","2006",26.3666666666667,NA
"09","09","2006",28.1708333333333,NA
"09","10","2006",27.447619047619,NA
"09","11","2006",25.3166666666667,NA
"09","12","2006",26.4208333333333,NA
"09","13","2006",27.4791666666667,NA
"09","14","2006",28.3173913043478,28
"09","15","2006",28.475,NA
"09","16","2006",24.875,NA
"09","17","2006",25.895652173913,NA
"09","18","2006",25.4478260869565,NA
"09","19","2006",27.2545454545455,NA
"09","20","2006",28.3782608695652,NA
"09","21","2006",28.7260869565217,NA
"09","22","2006",28.11,NA
"09","23","2006",27.8652173913043,NA
"09","24","2006",26.375,NA
"09","25","2006",26.6458333333333,NA
"09","26","2006",27.352380952381,NA
"09","27","2006",28.9083333333333,NA
"09","28","2006",28.9,NA
"09","29","2006",27.0434782608696,NA
"09","30","2006",28.0260869565217,NA
"10","01","2006",26.7875,NA
"10","02","2006",26.8791666666667,31.4
"10","03","2006",27.0583333333333,NA
"10","04","2006",27.4541666666667,NA
"10","05","2006",27.7391304347826,32
"10","06","2006",28.3583333333333,NA
"10","07","2006",29.2869565217391,NA
"10","08","2006",27.5791666666667,NA
"10","09","2006",25.3541666666667,23.6
"10","10","2006",28.3833333333333,33.2
"10","11","2006",26.6952380952381,NA
"10","12","2006",28.4083333333333,NA
"10","13","2006",28.8789473684211,31.6
"10","14","2006",28.89375,NA
"10","15","2006",27.3,NA
"10","16","2006",27.8434782608696,32.8
"10","17","2006",26.2260869565217,28.2
"10","18","2006",27.4291666666667,30.8
"10","19","2006",26.8083333333333,28
"10","20","2006",25.6458333333333,NA
"10","21","2006",26.4391304347826,31.8
"10","22","2006",28.1583333333333,30.6
"10","23","2006",24.9708333333333,32
"10","24","2006",22.4888888888889,32.4
"10","25","2006",28.25,30.2
"10","26","2006",26.6166666666667,30.8
"10","27","2006",27.0818181818182,32.4
"10","28","2006",28.2083333333333,32
"10","29","2006",28.0458333333333,31.2
"10","30","2006",28.947619047619,32.8
"10","31","2006",28.6916666666667,31.6
"11","01","2006",27.9041666666667,31.8
"11","02","2006",27.5260869565217,32.2
"11","03","2006",28.1695652173913,31.6
"11","04","2006",27.8958333333333,31
"11","05","2006",28.4,32.2
"11","06","2006",28.4782608695652,30.8
"11","07","2006",27.9416666666667,30.6
"11","08","2006",27.6625,31.8
"11","09","2006",26.3272727272727,30
"11","10","2006",NA,31.6
"11","11","2006",NA,31.8
"11","12","2006",NA,31.6
"11","13","2006",23.8695652173913,30
"11","14","2006",26.4375,31.8
"11","15","2006",25.5086956521739,31.2
"11","16","2006",26.9791666666667,32
"11","17","2006",24.55,31
"11","18","2006",22.9888888888889,31.4
"11","19","2006",NA,31.8
"11","20","2006",NA,30
"11","21","2006",NA,31.6
"11","22","2006",25.1333333333333,31.8
"11","23","2006",27.9291666666667,32
"11","24","2006",27.8958333333333,32
"11","25","2006",27.4666666666667,31.8
"11","26","2006",28.25,31.8
"11","27","2006",27.7235294117647,31.2
"11","28","2006",27.2047619047619,31.8
"11","29","2006",26.3954545454545,31.2
"11","30","2006",29.0176470588235,31.6
"12","01","2006",27.6458333333333,32.2
"12","02","2006",27.3130434782609,32
"12","03","2006",27.7916666666667,32.2
"12","04","2006",26.8708333333333,32
"12","05","2006",27.5666666666667,32
"12","06","2006",27.9153846153846,31.8
"12","07","2006",NA,32
"12","08","2006",NA,31.8
"12","09","2006",28.2272727272727,31.8
"12","10","2006",27.5958333333333,31.6
"12","11","2006",26.9333333333333,31.2
"12","12","2006",26.8166666666667,31.8
"12","13","2006",26.7136363636364,32.2
"12","14","2006",27.0260869565217,31.2
"12","15","2006",28.1571428571429,32.4
"12","16","2006",28.0052631578947,32
"12","17","2006",25.7428571428571,32
"12","18","2006",27.2608695652174,32.4
"12","19","2006",27.4652173913043,32.4
"12","20","2006",27.9954545454545,31.8
"12","21","2006",29.2666666666667,31.8
"12","22","2006",27.225,31.4
"12","23","2006",25.5875,31.6
"12","24","2006",26.6291666666667,31.8
"12","25","2006",26.8913043478261,32
"12","26","2006",26.908,32.2
"12","27","2006",26.65,32
"12","28","2006",27.3083333333333,32.4
"12","29","2006",27.5916666666667,32.8
"12","30","2006",26.625,32.6
"12","31","2006",27.0333333333333,32.6
"01","01","2007",27.8166666666667,32.4
"01","02","2007",27.5291666666667,32.2
"01","03","2007",27.1727272727273,32.2
"01","04","2007",26.6083333333333,32.6
"01","05","2007",26.9045454545455,32.8
"01","06","2007",26.5375,32.2
"01","07","2007",26.4166666666667,31.8
"01","08","2007",26.847619047619,32.4
"01","09","2007",28.3473684210526,32
"01","10","2007",27.8625,32.4
"01","11","2007",28.2625,32
"01","12","2007",28.0041666666667,32
"01","13","2007",27.3791666666667,33
"01","14","2007",28.2375,32.8
"01","15","2007",27.6541666666667,32.6
"01","16","2007",27.5590909090909,33.2
"01","17","2007",27.5875,32.2
"01","18","2007",28.4041666666667,33.2
"01","19","2007",27.7,32
"01","20","2007",28.1260869565217,33.2
"01","21","2007",28.1304347826087,32.8
"01","22","2007",28.125,32.6
"01","23","2007",28.1833333333333,32.2
"01","24","2007",28.0583333333333,33.8
"01","25","2007",28.0041666666667,32.6
"01","26","2007",27.9083333333333,33.6
"01","27","2007",28.3458333333333,34
"01","28","2007",28.6958333333333,33
"01","29","2007",28.7583333333333,32.6
"01","30","2007",28.775,32.2
"01","31","2007",28.6208333333333,33
"02","01","2007",27.6875,33.6
"02","02","2007",27.6,32
"02","03","2007",27.4125,32.4
"02","04","2007",28.5565217391304,33.2
"02","05","2007",28.14,33
"02","06","2007",27.6565217391304,33.6
"02","07","2007",27.7791666666667,34
"02","08","2007",28.2565217391304,32.2
"02","09","2007",28.2708333333333,33
"02","10","2007",28.5208333333333,32.4
"02","11","2007",29.2208333333333,32.2
"02","12","2007",29.0166666666667,33.2
"02","13","2007",28.7875,33
"02","14","2007",29.25,33
"02","15","2007",29.7958333333333,33.6
"02","16","2007",29.3791666666667,32.4
"02","17","2007",29.8625,33.6
"02","18","2007",30.0708333333333,32.4
"02","19","2007",29.4541666666667,33.2
"02","20","2007",29.1347826086957,33
"02","21","2007",29.05,32.6
"02","22","2007",28.3125,32.8
"02","23","2007",27.9565217391304,33
"02","24","2007",30.2291666666667,33.4
"02","25","2007",25.6875,32.6
"02","26","2007",28.95,33
"02","27","2007",29.65,32.4
"02","28","2007",30.1083333333333,32
"03","01","2007",28.6083333333333,32
"03","02","2007",29.5473684210526,33.4
"03","03","2007",29.875,32.6
"03","04","2007",28.8833333333333,33
"03","05","2007",29.0541666666667,32.6
"03","06","2007",29.1666666666667,33.4
"03","07","2007",29.675,32
"03","08","2007",29.4625,32.6
"03","09","2007",27.8047619047619,32.4
"03","10","2007",28.6086956521739,33.2
"03","11","2007",29.9625,33
"03","12","2007",29.0416666666667,32.4
"03","13","2007",29.4125,32.4
"03","14","2007",30.0823529411765,33
"03","15","2007",31.4777777777778,32.6
"03","16","2007",29.3,32.4
"03","17","2007",25.6,33.8
"03","18","2007",NA,32.8
"03","19","2007",NA,32.4
"03","20","2007",30.1611111111111,32
"03","21","2007",30.1125,32.4
"03","22","2007",30.24,32.6
"03","23","2007",32.3,33.2
"03","24","2007",30.3291666666667,33
"03","25","2007",25.175,32
"03","26","2007",27.2875,31.8
"03","27","2007",27.4125,32.6
"03","28","2007",28.9208333333333,32.8
"03","29","2007",24.7130434782609,31.6
"03","30","2007",28.3333333333333,32.6
"03","31","2007",26.6458333333333,31.2
"04","01","2007",27.0375,31.8
"04","02","2007",26.1875,32.4
"04","03","2007",26.0541666666667,32.8
"04","04","2007",26.9130434782609,33
"04","05","2007",26.3666666666667,31.6
"04","06","2007",24.8125,32.4
"04","07","2007",NA,32.2
"04","08","2007",NA,32.8
"04","09","2007",NA,32.6
"04","10","2007",NA,32.8
"04","11","2007",NA,33
"04","12","2007",NA,32.6
"04","13","2007",NA,32.8
"04","14","2007",NA,32
"04","15","2007",NA,31.8
"04","16","2007",NA,32.4
"04","17","2007",NA,32
"04","18","2007",NA,32.2
"04","19","2007",NA,32.4
"04","20","2007",NA,32
"04","21","2007",NA,32.2
"04","22","2007",NA,31.8
"04","23","2007",NA,32.4
"04","24","2007",NA,32
"04","25","2007",NA,31.8
"04","26","2007",NA,32.2
"04","27","2007",NA,32.4
"04","28","2007",NA,31.6
"04","29","2007",NA,32
"04","30","2007",NA,32
"05","01","2007",NA,32.4
"05","02","2007",NA,31.8
"05","03","2007",NA,31.8
"05","04","2007",NA,31.6
"05","05","2007",NA,32.8
"05","06","2007",NA,32.6
"05","07","2007",NA,33.4
"05","08","2007",NA,31.2
"05","09","2007",NA,31.4
"05","10","2007",NA,32
"05","11","2007",NA,32.8
"05","12","2007",NA,31.8
"05","13","2007",NA,32
"05","14","2007",NA,32.2
"05","15","2007",NA,32.6
"05","16","2007",NA,32
"05","17","2007",NA,32
"05","18","2007",NA,31.8
"05","19","2007",NA,32.2
"05","20","2007",NA,32.6
"05","21","2007",NA,32
"05","22","2007",NA,32.6
"05","23","2007",NA,32.8
"05","24","2007",NA,33
"05","25","2007",NA,32.4
"05","26","2007",NA,32.6
"05","27","2007",NA,33.4
"05","28","2007",NA,32.8
"05","29","2007",NA,32
"05","30","2007",NA,32.2
"05","31","2007",NA,32.4
"06","01","2007",NA,32.6
"06","02","2007",NA,33
"06","03","2007",NA,32.2
"06","04","2007",NA,32.6
"06","05","2007",NA,32
"06","06","2007",NA,32.6
"06","07","2007",NA,32
"06","08","2007",NA,32.8
"06","09","2007",NA,33.4
"06","10","2007",NA,32.6
"06","11","2007",NA,32.2
"06","12","2007",NA,32.8
"06","13","2007",NA,32.4
"06","14","2007",NA,32.2
"06","15","2007",NA,32
"06","16","2007",NA,32.4
"06","17","2007",NA,32.8
"06","18","2007",NA,32
"06","19","2007",NA,32.6
"06","20","2007",NA,32.8
"06","21","2007",NA,32.6
"06","22","2007",NA,32.8
"06","23","2007",NA,32.6
"06","24","2007",NA,32
"06","25","2007",NA,31.8
"06","26","2007",NA,32.6
"06","27","2007",NA,32
"06","28","2007",NA,32.4
"06","29","2007",NA,32.6
"06","30","2007",NA,32
"07","01","2007",NA,33
"07","02","2007",NA,32.8
"07","03","2007",NA,32.6
"07","04","2007",NA,32.4
"07","05","2007",NA,32.8
"07","06","2007",NA,32.8
"07","07","2007",NA,32.4
"07","08","2007",NA,32
"07","09","2007",NA,31.6
"07","10","2007",NA,31
"07","11","2007",NA,32.6
"07","12","2007",NA,32
"07","13","2007",NA,32.6
"07","14","2007",NA,33
"07","15","2007",NA,33.6
"07","16","2007",NA,32.6
"07","17","2007",NA,32
"07","18","2007",NA,32.2
"07","19","2007",NA,32
"07","20","2007",NA,32.2
"07","21","2007",NA,32.6
"07","22","2007",NA,32
"07","23","2007",NA,33.2
"07","24","2007",NA,33.4
"07","25","2007",NA,34
"07","26","2007",NA,33
"07","27","2007",NA,32.4
"07","28","2007",NA,32
"07","29","2007",NA,32.6
"07","30","2007",NA,32.8
"07","31","2007",NA,32.8
"08","01","2007",NA,33.2
"08","02","2007",NA,32
"08","03","2007",NA,32.8
"08","04","2007",NA,33
"08","05","2007",NA,33.2
"08","06","2007",NA,33
"08","07","2007",NA,32
"08","08","2007",NA,33.4
"08","09","2007",NA,32
"08","10","2007",NA,32.6
"08","11","2007",NA,32.6
"08","12","2007",NA,31.8
"08","13","2007",NA,32.4
"08","14","2007",NA,32.8
"08","15","2007",NA,32.4
"08","16","2007",NA,33
"08","17","2007",NA,33
"08","18","2007",NA,32.2
"08","19","2007",NA,33.4
"08","20","2007",NA,32.4
"08","21","2007",NA,32.8
"08","22","2007",NA,32
"08","23","2007",NA,32.4
"08","24","2007",NA,32.8
"08","25","2007",NA,32
"08","26","2007",NA,32.8
"08","27","2007",NA,33.2
"08","28","2007",NA,32.2
"08","29","2007",NA,32.6
"08","30","2007",NA,32
"08","31","2007",NA,32.4
"09","01","2007",NA,32
"09","02","2007",NA,32.6
"09","03","2007",NA,33.2
"09","04","2007",NA,32.4
"09","05","2007",NA,32
"09","06","2007",NA,33
"09","07","2007",NA,33.2
"09","08","2007",NA,33.4
"09","09","2007",NA,32.4
"09","10","2007",NA,32.8
"09","11","2007",NA,32.6
"09","12","2007",NA,33
"09","13","2007",NA,32.4
"09","14","2007",NA,32
"09","15","2007",NA,33
"09","16","2007",NA,33.2
"09","17","2007",NA,32.2
"09","18","2007",NA,33
"09","19","2007",NA,32
"09","20","2007",NA,33.4
"09","21","2007",NA,33.2
"09","22","2007",NA,32.4
"09","23","2007",NA,33
"09","24","2007",NA,32.6
"09","25","2007",NA,32
"09","26","2007",NA,32.2
"09","27","2007",NA,32.6
"09","28","2007",NA,32.4
"09","29","2007",NA,32
"09","30","2007",NA,32.6
"10","01","2007",NA,32
"10","02","2007",NA,31.8
"10","03","2007",NA,33
"10","04","2007",NA,32.2
"10","05","2007",NA,32.6
"10","06","2007",NA,33
"10","07","2007",NA,32.6
"10","08","2007",NA,32.8
"10","09","2007",NA,32.8
"10","10","2007",NA,32
"10","11","2007",NA,32.6
"10","12","2007",NA,33
"10","13","2007",NA,32.6
"10","14","2007",NA,32.8
"10","15","2007",NA,33
"10","16","2007",NA,32
"10","17","2007",NA,32.4
"10","18","2007",NA,32
"10","19","2007",NA,32.4
"10","20","2007",NA,33
"10","21","2007",NA,32.4
"10","22","2007",NA,32
"10","23","2007",NA,32.4
"10","24","2007",NA,32
"10","25","2007",NA,32.6
"10","26","2007",NA,33
"10","27","2007",NA,32
"10","28","2007",NA,32.2
"10","29","2007",NA,32
"10","30","2007",NA,32
"10","31","2007",NA,32.4
"11","01","2007",NA,33.2
"11","02","2007",NA,33
"11","03","2007",NA,32.6
"11","04","2007",NA,32
"11","05","2007",NA,33
"11","06","2007",NA,32.6
"11","07","2007",NA,32
"11","08","2007",NA,31.8
"11","09","2007",NA,32.6
"11","10","2007",NA,33.4
"11","11","2007",NA,32.6
"11","12","2007",NA,32.4
"11","13","2007",NA,32
"11","14","2007",NA,32.2
"11","15","2007",NA,33
"11","16","2007",NA,33.6
"11","17","2007",NA,33
"11","18","2007",NA,33.2
"11","19","2007",NA,32.6
"11","20","2007",NA,32
"11","21","2007",NA,32.6
"11","22","2007",NA,31.2
"11","23","2007",NA,33
"11","24","2007",NA,32.6
"11","25","2007",NA,32.8
"11","26","2007",NA,33
"11","27","2007",NA,33.2
"11","28","2007",NA,32.8
"11","29","2007",NA,32.4
"11","30","2007",NA,33.2
"12","01","2007",NA,33.8
"12","02","2007",NA,33
"12","03","2007",NA,33
"12","04","2007",NA,32.4
"12","05","2007",NA,32.8
"12","06","2007",NA,33
"12","07","2007",NA,32.6
"12","08","2007",NA,32.4
"12","09","2007",NA,32.4
"12","10","2007",NA,32.8
"12","11","2007",NA,32.4
"12","12","2007",NA,32.6
"12","13","2007",NA,32
"12","14","2007",NA,32.8
"12","15","2007",NA,32.2
"12","16","2007",NA,32
"12","17","2007",NA,32.6
"12","18","2007",NA,32.4
"12","19","2007",NA,33
"12","20","2007",NA,32.6
"12","21","2007",NA,32.4
"12","22","2007",NA,32.8
"12","23","2007",NA,32.4
"12","24","2007",NA,33
"12","25","2007",NA,31.8
"12","26","2007",NA,32.6
"12","27","2007",NA,32.8
"12","28","2007",NA,32.2
"12","29","2007",NA,33.2
"12","30","2007",NA,32.6
"12","31","2007",NA,33
"01","01","2008",NA,33.2
"01","02","2008",NA,32.6
"01","03","2008",NA,33.6
"01","04","2008",NA,32.4
"01","05","2008",NA,32
"01","06","2008",NA,32.6
"01","07","2008",NA,32
"01","08","2008",NA,32.8
"01","09","2008",NA,32.6
"01","10","2008",NA,32.2
"01","11","2008",NA,32.4
"01","12","2008",NA,32.8
"01","13","2008",NA,33
"01","14","2008",NA,33.2
"01","15","2008",NA,32.6
"01","16","2008",NA,32
"01","17","2008",NA,32.8
"01","18","2008",NA,30.4
"01","19","2008",NA,32.4
"01","20","2008",NA,33.8
"01","21","2008",NA,32.6
"01","22","2008",NA,NA
"01","23","2008",NA,32
"01","24","2008",NA,NA
"01","25","2008",NA,32
"01","26","2008",NA,31.4
"01","27","2008",NA,32.2
"01","28","2008",NA,30.2
"01","29","2008",NA,32
"01","30","2008",NA,32.8
"01","31","2008",NA,32
"02","01","2008",NA,NA
"02","02","2008",NA,30.2
"02","03","2008",NA,30.2
"02","04","2008",NA,NA
"02","05","2008",NA,32.4
"02","06","2008",NA,28.6
"02","07","2008",NA,30.2
"02","08","2008",NA,NA
"02","09","2008",NA,NA
"02","10","2008",NA,NA
"02","11","2008",NA,30.4
"02","12","2008",NA,30.2
"02","13","2008",NA,32.4
"02","14","2008",NA,30.4
"02","15","2008",NA,30.2
"02","16","2008",NA,32.2
"02","17","2008",NA,30.2
"02","18","2008",NA,32
"02","19","2008",NA,30.2
"02","20","2008",NA,30.4
"02","21","2008",NA,30.2
"02","22","2008",NA,30.2
"02","23","2008",NA,32
"02","24","2008",NA,32.2
"02","25","2008",NA,30.2
"02","26","2008",NA,30.2
"02","27","2008",NA,30.4
"02","28","2008",NA,32.2
"02","29","2008",NA,32.8
"03","01","2008",NA,32.6
"03","02","2008",NA,30.4
"03","03","2008",NA,32.6
"03","04","2008",NA,32
"03","05","2008",NA,32.4
"03","06","2008",NA,30.2
"03","07","2008",NA,32
"03","08","2008",NA,30.2
"03","09","2008",NA,30.4
"03","10","2008",NA,30.2
"03","11","2008",NA,30.2
"03","12","2008",NA,30.4
"03","13","2008",NA,32
"03","14","2008",NA,28.6
"03","15","2008",30.2,28.4
"03","16","2008",27.9086956521739,28.6
"03","17","2008",28.9625,28.6
"03","18","2008",27.5416666666667,28.6
"03","19","2008",27.0083333333333,30.2
"03","20","2008",27.6541666666667,28.6
"03","21","2008",27.6166666666667,30.2
"03","22","2008",28.0833333333333,28.6
"03","23","2008",28.4375,30.2
"03","24","2008",29.2695652173913,28
"03","25","2008",29.4791666666667,30.2
"03","26","2008",28.9125,32
"03","27","2008",28.2166666666667,30.2
"03","28","2008",28.3583333333333,32
"03","29","2008",28.8916666666667,30.2
"03","30","2008",29.125,32
"03","31","2008",NA,30.2
"04","01","2008",28.0583333333333,32
"04","02","2008",28.8666666666667,30.2
"04","03","2008",28.9210526315789,30.4
"04","04","2008",30.2333333333333,32.4
"04","05","2008",28.2208333333333,30.2
"04","06","2008",29.1478260869565,32
"04","07","2008",29.204,30.4
"04","08","2008",30.4375,32.4
"04","09","2008",30.2695652173913,30.2
"04","10","2008",29.48,32.2
"04","11","2008",27.8791666666667,30.2
"04","12","2008",26.45,30.4
"04","13","2008",29.1,30.2
"04","14","2008",27.6375,28.6
"04","15","2008",27.7416666666667,30.2
"04","16","2008",29.8333333333333,30.6
"04","17","2008",30.125,32
"04","18","2008",23.7333333333333,30.4
"04","19","2008",27.904347826087,30.2
"04","20","2008",29.0125,32
"04","21","2008",29.8958333333333,32.2
"04","22","2008",28.0875,30.4
"04","23","2008",27.0625,28.4
"04","24","2008",28.0416666666667,30.2
"04","25","2008",25.9521739130435,30.4
"04","26","2008",28.4,32
"04","27","2008",25.924,30.4
"04","28","2008",28.2913043478261,30.2
"04","29","2008",28.8416666666667,32
"04","30","2008",28.7958333333333,30.4
"05","01","2008",28.9291666666667,32
"05","02","2008",27.5125,30.2
"05","03","2008",25.1041666666667,32
"05","04","2008",26.35,30.2
"05","05","2008",26.0291666666667,28.6
"05","06","2008",27.6875,30.2
"05","07","2008",26.3470588235294,28.4
"05","08","2008",26.8777777777778,30.2
"05","09","2008",27.7809523809524,32.2
"05","10","2008",28.195652173913,30.2
"05","11","2008",29.025,32
"05","12","2008",25.9333333333333,30.2
"05","13","2008",27.6952380952381,32.2
"05","14","2008",28.2047619047619,30.4
"05","15","2008",26.4863636363636,28.6
"05","16","2008",25.4136363636364,30.2
"05","17","2008",25.5782608695652,28.4
"05","18","2008",26.096,30.2
"05","19","2008",25.7416666666667,32
"05","20","2008",26.7,30.2
"05","21","2008",26.1958333333333,32.4
"05","22","2008",28.2833333333333,28.4
"05","23","2008",27.6541666666667,30.2
"05","24","2008",24.6181818181818,32
"05","25","2008",26.7333333333333,28.4
"05","26","2008",25.3818181818182,30.2
"05","27","2008",27.18,28.4
"05","28","2008",26.3739130434783,32
"05","29","2008",25.304347826087,30.2
"05","30","2008",25.8083333333333,32
"05","31","2008",27.3583333333333,32
"06","01","2008",27.0478260869565,28.4
"06","02","2008",26.2791666666667,30.2
"06","03","2008",26.325,28.2
"06","04","2008",27.1666666666667,30.2
"06","05","2008",25.3708333333333,32
"06","06","2008",27.75,31.4
"06","07","2008",25.5555555555556,30.2
"06","08","2008",30.7125,28.4
"06","09","2008",28.7692307692308,30.2
"06","10","2008",28.6416666666667,31.2
"06","11","2008",26.9578947368421,30.2
"06","12","2008",26.7904761904762,28.4
"06","13","2008",28.5291666666667,31.2
"06","14","2008",27.7166666666667,30.2
"06","15","2008",25.5916666666667,32
"06","16","2008",26.4291666666667,31.2
"06","17","2008",25.3565217391304,31.2
"06","18","2008",26.0333333333333,28.4
"06","19","2008",27.6315789473684,30.2
"06","20","2008",26.615,28.4
"06","21","2008",24.7380952380952,30.2
"06","22","2008",26.0583333333333,29.2
"06","23","2008",27.1235294117647,30.2
"06","24","2008",25.4083333333333,30.2
"06","25","2008",24.4722222222222,29
"06","26","2008",26.3533333333333,30.2
"06","27","2008",28.72,32
"06","28","2008",24.4705882352941,30.2
"06","29","2008",24.8,29.2
"06","30","2008",27.2066666666667,30.2
"07","01","2008",27.0444444444444,30.2
"07","02","2008",27.1272727272727,28.2
"07","03","2008",27.2583333333333,30.2
"07","04","2008",26.8,32
"07","05","2008",27.4090909090909,30.2
"07","06","2008",27.7888888888889,32
"07","07","2008",NA,28.2
"07","08","2008",24.96,NA
"07","09","2008",28.8555555555556,28.2
"07","10","2008",23.2636363636364,28
"07","11","2008",26.6083333333333,30.2
"07","12","2008",26.7230769230769,32
"07","13","2008",25.89375,30.2
"07","14","2008",26.85,30.2
"07","15","2008",26.1444444444444,29.2
"07","16","2008",24.54,30.2
"07","17","2008",27,28.2
"07","18","2008",25.79375,30.2
"07","19","2008",26.1636363636364,29.4
"07","20","2008",24.75,28.2
"07","21","2008",26.7181818181818,30.2
"07","22","2008",26.75,29.2
"07","23","2008",26.8571428571429,30.2
"07","24","2008",25.8615384615385,28.2
"07","25","2008",25.9375,28
"07","26","2008",24.2066666666667,29
"07","27","2008",27.38125,28
"07","28","2008",26.1923076923077,29.2
"07","29","2008",28.0894736842105,30.2
"07","30","2008",26.8789473684211,29.2
"07","31","2008",29.42,NA
"08","01","2008",25.8411764705882,29.2
"08","02","2008",24.9666666666667,30.2
"08","03","2008",NA,32
"08","04","2008",NA,29.2
"08","05","2008",NA,30.2
"08","06","2008",NA,32
"08","07","2008",NA,30.2
"08","08","2008",NA,NA
"08","09","2008",NA,28
"08","10","2008",NA,29.2
"08","11","2008",NA,30
"08","12","2008",NA,32
"08","13","2008",NA,29.2
"08","14","2008",NA,28.2
"08","15","2008",NA,30.2
"08","16","2008",NA,NA
"08","17","2008",NA,29.2
"08","18","2008",NA,30.2
"08","19","2008",NA,29
"08","20","2008",NA,30.2
"08","21","2008",NA,29.5
"08","22","2008",NA,30.1
"08","23","2008",NA,32.2
"08","24","2008",NA,NA
"08","25","2008",NA,30.1
"08","26","2008",NA,30.2
"08","27","2008",NA,30
"08","28","2008",NA,31.2
"08","29","2008",NA,31.2
"08","30","2008",NA,29.4
"08","31","2008",NA,NA
"09","01","2008",27.7565217391304,32
"09","02","2008",27.7833333333333,30.2
"09","03","2008",28.0875,28.2
"09","04","2008",25.4916666666667,30.2
"09","05","2008",27.8260869565217,32
"09","06","2008",28.5958333333333,30.2
"09","07","2008",26.3041666666667,29.4
"09","08","2008",24.725,NA
"09","09","2008",25.2708333333333,29.2
"09","10","2008",27.3416666666667,28.2
"09","11","2008",23.7428571428571,30.2
"09","12","2008",26.5375,28
"09","13","2008",28.1,29.2
"09","14","2008",28.3166666666667,30.2
"09","15","2008",25,32
"09","16","2008",26.5166666666667,NA
"09","17","2008",26.7041666666667,29.4
"09","18","2008",26.3086956521739,29.2
"09","19","2008",26.7818181818182,30.2
"09","20","2008",28.2708333333333,32
"09","21","2008",28.1791666666667,29.2
"09","22","2008",24.8333333333333,30.2
"09","23","2008",26.5695652173913,32
"09","24","2008",27.5583333333333,NA
"09","25","2008",26.1583333333333,29.2
"09","26","2008",NA,30.2
"09","27","2008",28.3041666666667,32
"09","28","2008",28.7083333333333,32.4
"09","29","2008",27.1375,30.2
"09","30","2008",28.0478260869565,32
"10","01","2008",27.8208333333333,30.2
"10","02","2008",28.125,32
"10","03","2008",28.2375,29.2
"10","04","2008",28.8666666666667,30.2
"10","05","2008",26.275,32.2
"10","06","2008",28.0478260869565,30.2
"10","07","2008",24.08,32.4
"10","08","2008",26.3875,NA
"10","09","2008",28.1125,29.4
"10","10","2008",26.5,30.2
"10","11","2008",26.8708333333333,29.2
"10","12","2008",28.2,32.4
"10","13","2008",27.8541666666667,32
"10","14","2008",26.1272727272727,33.2
"10","15","2008",27.1913043478261,NA
"10","16","2008",28.0041666666667,32
"10","17","2008",27.0375,33.2
"10","18","2008",28.5041666666667,32.4
"10","19","2008",28.6166666666667,33
"10","20","2008",27.6478260869565,32.6
"10","21","2008",27.895652173913,33
"10","22","2008",27.8375,32.6
"10","23","2008",28.8791666666667,33.2
"10","24","2008",28.9166666666667,32.6
"10","25","2008",27.475,32
"10","26","2008",27.3666666666667,33.2
"10","27","2008",27.2333333333333,32.2
"10","28","2008",25.0521739130435,32
"10","29","2008",27.58,32.6
"10","30","2008",27.5714285714286,33.2
"10","31","2008",26.9166666666667,NA
"11","01","2008",26.2375,32.2
"11","02","2008",25.3791666666667,29.2
"11","03","2008",25.8,NA
"11","04","2008",25.7125,32
"11","05","2008",26.7375,32.6
"11","06","2008",27.9291666666667,33.2
"11","07","2008",28.0708333333333,33.4
"11","08","2008",28.3875,32.6
"11","09","2008",28.3208333333333,32.6
"11","10","2008",28.675,32
"11","11","2008",29.0333333333333,32.2
"11","12","2008",29.0666666666667,32
"11","13","2008",27.0291666666667,33
"11","14","2008",27.6041666666667,32.2
"11","15","2008",28.0347826086957,33.2
"11","16","2008",27.0625,32
"11","17","2008",27.7041666666667,30.2
"11","18","2008",26.4125,32
"11","19","2008",26.2458333333333,32.2
"11","20","2008",26.475,30.2
"11","21","2008",25.9666666666667,32
"11","22","2008",25.0666666666667,30.2
"11","23","2008",25.6913043478261,32
"11","24","2008",25.684,32.2
"11","25","2008",26.8695652173913,32
"11","26","2008",22.9916666666667,32.4
"11","27","2008",26.7708333333333,32.2
"11","28","2008",27.5583333333333,32
"11","29","2008",27.4458333333333,32.8
"11","30","2008",27.4666666666667,33
"12","01","2008",28.4,33
"12","02","2008",27.5375,32.2
"12","03","2008",27.0125,32.4
"12","04","2008",26.8416666666667,33.2
"12","05","2008",26.9785714285714,32
"12","06","2008",27.0826086956522,33
"12","07","2008",26.0142857142857,32.6
"12","08","2008",28.3714285714286,33.2
"12","09","2008",27.7578947368421,32.4
"12","10","2008",26.7304347826087,33
"12","11","2008",26.3565217391304,32.2
"12","12","2008",26.9458333333333,33
"12","13","2008",27.3214285714286,32.6
"12","14","2008",27.5473684210526,32
"12","15","2008",26.4666666666667,NA
"12","16","2008",21.4,32.2
"12","17","2008",NA,33
"12","18","2008",NA,32.2
"12","19","2008",NA,32.4
"12","20","2008",NA,33
"12","21","2008",NA,33.2
"12","22","2008",NA,31.8
"12","23","2008",NA,33
"12","24","2008",25.9291666666667,32.8
"12","25","2008",26.3590909090909,33.2
"12","26","2008",26.1125,32.6
"12","27","2008",26.4318181818182,33.2
"12","28","2008",25.8958333333333,32
"12","29","2008",25.9391304347826,30.4
"12","30","2008",26.1958333333333,32
"12","31","2008",26.4666666666667,NA
"01","01","2009",26.3583333333333,33
"01","02","2009",27.1130434782609,NA
"01","03","2009",27.764,32.4
"01","04","2009",27.75,30.4
"01","05","2009",24.26,32
"01","06","2009",NA,30.4
"01","07","2009",NA,33
"01","08","2009",NA,32.6
"01","09","2009",NA,NA
"01","10","2009",26.1833333333333,32.2
"01","11","2009",26.0391304347826,33.4
"01","12","2009",24.5307692307692,32
"01","13","2009",26.8166666666667,32.2
"01","14","2009",25.6791666666667,30.6
"01","15","2009",26.1416666666667,32.2
"01","16","2009",26.6086956521739,33
"01","17","2009",27.06,32.6
"01","18","2009",28.3304347826087,33.2
"01","19","2009",27.8958333333333,32.2
"01","20","2009",25.744,32.4
"01","21","2009",26.8590909090909,33
"01","22","2009",27.4913043478261,32.2
"01","23","2009",26.2416666666667,32.6
"01","24","2009",27.0869565217391,32
"01","25","2009",26.8166666666667,33.2
"01","26","2009",26.4291666666667,32.2
"01","27","2009",25.9809523809524,30.2
"01","28","2009",26.5,32.2
"01","29","2009",26.7166666666667,33.2
"01","30","2009",27.4458333333333,32
"01","31","2009",23.2130434782609,NA
"02","01","2009",26.58,32
"02","02","2009",27.1375,33
"02","03","2009",27.075,33.2
"02","04","2009",26.8,32.4
"02","05","2009",27.795652173913,30.6
"02","06","2009",27.0833333333333,32.2
"02","07","2009",26.5416666666667,33.2
"02","08","2009",26.2458333333333,30.4
"02","09","2009",27.0666666666667,32.6
"02","10","2009",28.2541666666667,32
"02","11","2009",26.4347826086957,33
"02","12","2009",26.7739130434783,32.2
"02","13","2009",27.3833333333333,30.2
"02","14","2009",26.3625,32
"02","15","2009",26.1736842105263,32.6
"02","16","2009",28.1642857142857,33.2
"02","17","2009",27.3166666666667,30.6
"02","18","2009",27.0434782608696,NA
"02","19","2009",27.4875,33
"02","20","2009",26.1333333333333,32.2
"02","21","2009",27.0916666666667,32.6
"02","22","2009",27.5875,33.2
"02","23","2009",27.8,32.4
"02","24","2009",26.6521739130435,33
"02","25","2009",27.8913043478261,32.2
"02","26","2009",27.252380952381,35.4
"02","27","2009",27.4681818181818,32.4
"02","28","2009",28.55,33.4
"03","01","2009",28.2458333333333,32.2
"03","02","2009",28.7173913043478,32.6
"03","03","2009",27.48,30.4
"03","04","2009",27.1869565217391,33.4
"03","05","2009",29.2291666666667,32.8
"03","06","2009",28.1541666666667,32.2
"03","07","2009",27.1521739130435,30.4
"03","08","2009",27.75,32.6
"03","09","2009",25.9818181818182,33.2
"03","10","2009",26.7782608695652,32.4
"03","11","2009",26.2272727272727,33
"03","12","2009",27.7083333333333,30.4
"03","13","2009",28.0416666666667,32.4
"03","14","2009",28.65,33
"03","15","2009",27.8833333333333,32.6
"03","16","2009",26.7083333333333,32
"03","17","2009",26.5708333333333,33.2
"03","18","2009",27.6916666666667,30.4
"03","19","2009",28.4041666666667,32.2
"03","20","2009",27.0611111111111,30.2
"03","21","2009",26.4571428571429,32
"03","22","2009",24.6363636363636,30.4
"03","23","2009",27.6933333333333,32.6
"03","24","2009",27.8125,30.8
"03","25","2009",28,32.4
"03","26","2009",28.8416666666667,33.2
"03","27","2009",28.2333333333333,31.6
"03","28","2009",24.47,NA
"03","29","2009",24.5142857142857,33.2
"03","30","2009",28.1791666666667,32.4
"03","31","2009",27.9375,NA
"04","01","2009",28.5583333333333,30.8
"04","02","2009",27.3173913043478,32.4
"04","03","2009",27.9041666666667,33
"04","04","2009",28.8045454545455,32.6
"04","05","2009",28.5208333333333,33
"04","06","2009",29.0916666666667,32.4
"04","07","2009",29.1291666666667,32
"04","08","2009",24.6666666666667,30.4
"04","09","2009",26.4125,32.4
"04","10","2009",27.3454545454545,31.8
"04","11","2009",27.6375,32
"04","12","2009",28.4739130434783,33.2
"04","13","2009",28.2291666666667,32.2
"04","14","2009",28.1666666666667,NA
"04","15","2009",28.375,32.4
"04","16","2009",28.4,33.2
"04","17","2009",25.2583333333333,32.4
"04","18","2009",27.3166666666667,30.6
"04","19","2009",25.6958333333333,32
"04","20","2009",23.6541666666667,30.4
"04","21","2009",27.2375,32
"04","22","2009",25.4708333333333,32.2
"04","23","2009",26.6416666666667,33.4
"04","24","2009",27.5666666666667,32.6
"04","25","2009",27.5916666666667,NA
"04","26","2009",27.7208333333333,32.4
"04","27","2009",28.3130434782609,30.6
"04","28","2009",25.6583333333333,32.4
"04","29","2009",27.0391304347826,33.2
"04","30","2009",26.344,NA
"05","01","2009",24.55,30.8
"05","02","2009",26.9708333333333,32.2
"05","03","2009",25.9833333333333,32
"05","04","2009",26.1791666666667,30.4
"05","05","2009",27.7583333333333,32.4
"05","06","2009",27.4208333333333,33.2
"05","07","2009",27.5916666666667,32.4
"05","08","2009",25.7083333333333,33
"05","09","2009",25.8875,32.4
"05","10","2009",28.1416666666667,33.2
"05","11","2009",27.8916666666667,32.6
"05","12","2009",NA,33
"05","13","2009",28.5833333333333,32.2
"05","14","2009",28.15,33
"05","15","2009",27.3125,32.2
"05","16","2009",27.8875,30.2
"05","17","2009",27.5541666666667,32.4
"05","18","2009",25.7333333333333,33
"05","19","2009",27.1583333333333,32.4
"05","20","2009",28.2125,30.6
"05","21","2009",26.8875,32
"05","22","2009",28.4583333333333,32.8
"05","23","2009",29.2041666666667,33
"05","24","2009",27.375,32.2
"05","25","2009",28.3608695652174,33.2
"05","26","2009",28.612,32.8
"05","27","2009",28.8708333333333,33
"05","28","2009",25.9375,32.8
"05","29","2009",25.8,33.2
"05","30","2009",28,32.6
"05","31","2009",27.8208333333333,NA
"06","01","2009",28.8583333333333,32.4
"06","02","2009",29.0916666666667,30.8
"06","03","2009",25.8541666666667,32.4
"06","04","2009",26.2666666666667,33
"06","05","2009",25.2083333333333,32.4
"06","06","2009",27.2666666666667,30.6
"06","07","2009",23.3916666666667,32
"06","08","2009",26.5625,33
"06","09","2009",27.8791666666667,32.4
"06","10","2009",25.6833333333333,32.6
"06","11","2009",28.125,NA
"06","12","2009",24.9458333333333,32.4
"06","13","2009",25.8190476190476,33
"06","14","2009",25.41,32.4
"06","15","2009",29.62,NA
"06","16","2009",28.5,32.4
"06","17","2009",25.725,33
"06","18","2009",28.0625,32
"06","19","2009",27.125,33.4
"06","20","2009",27.0208333333333,32.2
"06","21","2009",25.9625,30.8
"06","22","2009",26.325,29.4
"06","23","2009",23.1333333333333,32.4
"06","24","2009",27.2625,29.6
"06","25","2009",24.15,30.6
"06","26","2009",26.6208333333333,32.4
"06","27","2009",27.4375,NA
"06","28","2009",25.3208333333333,32.2
"06","29","2009",27.6333333333333,33.6
"06","30","2009",27.1791666666667,NA
"07","01","2009",24.6375,32.8
"07","02","2009",25.075,31.4
"07","03","2009",23.7625,29.8
"07","04","2009",25.0333333333333,30.2
"07","05","2009",27.3875,32.2
"07","06","2009",25.8458333333333,29.6
"07","07","2009",27.5791666666667,30.4
"07","08","2009",26.2583333333333,32.6
"07","09","2009",26.7375,33.4
"07","10","2009",26.6916666666667,32.4
"07","11","2009",24.1958333333333,30.6
"07","12","2009",25.3086956521739,29.8
"07","13","2009",27.048,30.4
"07","14","2009",26.1130434782609,31.2
"07","15","2009",26.6083333333333,32.4
"07","16","2009",26.0708333333333,33
"07","17","2009",24.3208333333333,33.6
"07","18","2009",27.2130434782609,32.4
"07","19","2009",28.8,33.2
"07","20","2009",28.8478260869565,32.4
"07","21","2009",24.1666666666667,31.4
"07","22","2009",27.1583333333333,33.2
"07","23","2009",25.904347826087,32.6
"07","24","2009",28.04,31.6
"07","25","2009",28.9333333333333,NA
"07","26","2009",25.3166666666667,32.4
"07","27","2009",28.0583333333333,33
"07","28","2009",24.3416666666667,33.2
"07","29","2009",27.0583333333333,32.8
"07","30","2009",26.19,33
"07","31","2009",27.1833333333333,NA
"08","01","2009",25.7458333333333,32.8
"08","02","2009",27.1391304347826,30.2
"08","03","2009",28.356,32.8
"08","04","2009",25.6708333333333,30.6
"08","05","2009",27.5125,32.2
"08","06","2009",25.4416666666667,33
"08","07","2009",26.9666666666667,32.4
"08","08","2009",26.0666666666667,NA
"08","09","2009",23.8333333333333,32.2
"08","10","2009",26.39,30.4
"08","11","2009",26.7173913043478,33.2
"08","12","2009",26.8,32.4
"08","13","2009",27.7958333333333,35
"08","14","2009",27.3333333333333,32.4
"08","15","2009",29.075,33.6
"08","16","2009",28.8083333333333,NA
"08","17","2009",24.875,33.8
"08","18","2009",27.0625,32.2
"08","19","2009",28.4541666666667,32.8
"08","20","2009",28.3142857142857,NA
"08","21","2009",27.0083333333333,32.8
"08","22","2009",28.5708333333333,33.2
"08","23","2009",27.0125,32.4
"08","24","2009",26.5833333333333,NA
"08","25","2009",28.0625,NA
"08","26","2009",25.7125,32.4
"08","27","2009",27.5208333333333,33
"08","28","2009",26.75,32.4
"08","29","2009",27.8833333333333,33.2
"08","30","2009",26.2583333333333,32.6
"08","31","2009",28.1791666666667,NA
"09","01","2009",28.2875,32.4
"09","02","2009",28.1583333333333,35
"09","03","2009",29.3541666666667,32
"09","04","2009",28.1875,33.2
"09","05","2009",29.1958333333333,32.4
"09","06","2009",30.0375,33.4
"09","07","2009",28.9875,32.8
"09","08","2009",27.1916666666667,NA
"09","09","2009",27.4958333333333,32.2
"09","10","2009",28.5391304347826,33
"09","11","2009",26.0375,32.4
"09","12","2009",26.8666666666667,33.2
"09","13","2009",27.3642857142857,30.8
"09","14","2009",28.2,32.2
"09","15","2009",26.0833333333333,33
"09","16","2009",27.375,32.4
"09","17","2009",25.1458333333333,33.4
"09","18","2009",28.0791666666667,32.8
"09","19","2009",29.275,33
"09","20","2009",26.8916666666667,32.4
"09","21","2009",26.3166666666667,33
"09","22","2009",26.7631578947368,32.6
"09","23","2009",28.2458333333333,33
"09","24","2009",27.9791666666667,33.6
"09","25","2009",27.95,32.6
"09","26","2009",26.9041666666667,NA
"09","27","2009",27.225,32.4
"09","28","2009",27.2208333333333,33.2
"09","29","2009",28.675,32.8
"09","30","2009",29.5333333333333,NA
"10","01","2009",29.0739130434783,33.6
"10","02","2009",27.5625,32.4
"10","03","2009",24.0916666666667,30.8
"10","04","2009",27.8208333333333,32.6
"10","05","2009",27.9130434782609,33.2
"10","06","2009",28.9,32.4
"10","07","2009",28.147619047619,32
"10","08","2009",27.1958333333333,33
"10","09","2009",28.7083333333333,32.8
"10","10","2009",27.5947368421053,33.2
"10","11","2009",26.9,33.4
"10","12","2009",27.6791666666667,32.8
"10","13","2009",27.3565217391304,33.6
"10","14","2009",27.6086956521739,32.6
"10","15","2009",27.0227272727273,33
"10","16","2009",24.5875,32
"10","17","2009",27.3791666666667,33
"10","18","2009",28.2727272727273,32.2
"10","19","2009",27.6130434782609,32.8
"10","20","2009",27.0666666666667,33.4
"10","21","2009",28.0318181818182,32.6
"10","22","2009",28.1666666666667,30.8
"10","23","2009",26.7304347826087,31
"10","24","2009",25.8,32.4
"10","25","2009",27.3181818181818,33.2
"10","26","2009",28.075,32.8
"10","27","2009",27.4227272727273,33.2
"10","28","2009",26.05,32.8
"10","29","2009",26.9666666666667,33.2
"10","30","2009",26.03125,32.8
"10","31","2009",24.8882352941176,32
"11","01","2009",28.5636363636364,33.2
"11","02","2009",28.5473684210526,32.8
"11","03","2009",27.2615384615385,33
"11","04","2009",28.2333333333333,32.8
"11","05","2009",28.9333333333333,33.2
"11","06","2009",28.4416666666667,32.6
"11","07","2009",28.8714285714286,33.2
"11","08","2009",28.6153846153846,33
"11","09","2009",28.4176470588235,33.2
"11","10","2009",28.1952380952381,32.8
"11","11","2009",28.805,33.4
"11","12","2009",27.552380952381,32.6
"11","13","2009",28.265,32
"11","14","2009",23.7173913043478,31.4
"11","15","2009",27.5619047619048,32.6
"11","16","2009",29.3928571428571,33.4
"11","17","2009",28.46875,32.8
"11","18","2009",30.1388888888889,33
"11","19","2009",30.0333333333333,33.4
"11","20","2009",30.1533333333333,32.6
"11","21","2009",28.89375,33.2
"11","22","2009",28.9047619047619,32.8
"11","23","2009",28.7714285714286,33
"11","24","2009",28.3357142857143,32
"11","25","2009",31.4,33.6
"11","26","2009",30.22,32.4
"11","27","2009",28.1357142857143,33.6
"11","28","2009",29.1631578947368,33
"11","29","2009",29.3071428571429,32.8
"11","30","2009",NA,33.2
"12","01","2009",NA,32.6
"12","02","2009",NA,33.4
"12","03","2009",NA,32.8
"12","04","2009",NA,33.2
"12","05","2009",NA,32.8
"12","06","2009",NA,33.6
"12","07","2009",NA,33.2
"12","08","2009",NA,32.8
"12","09","2009",NA,33.4
"12","10","2009",NA,32.8
"12","11","2009",NA,33
"12","12","2009",NA,32.4
"12","13","2009",NA,33.6
"12","14","2009",27.3142857142857,32.8
"12","15","2009",27.1913043478261,33.4
"12","16","2009",27.1652173913043,33
"12","17","2009",28.1,33.2
"12","18","2009",NA,32.6
"12","19","2009",NA,33
"12","20","2009",NA,32.2
"12","21","2009",NA,32.6
"12","22","2009",NA,32.8
"12","23","2009",25.85,33
"12","24","2009",28.4708333333333,33.6
"12","25","2009",28.9458333333333,32.8
"12","26","2009",27.8076923076923,33.4
"12","27","2009",30.6235294117647,32.4
"12","28","2009",26.6666666666667,33
"12","29","2009",28.625,32.6
"12","30","2009",28.0541666666667,32
"12","31","2009",27.625,33.4
"01","01","2010",27.1083333333333,33
"01","02","2010",26.4727272727273,32.8
"01","03","2010",26.1208333333333,33.4
"01","04","2010",26.5333333333333,32.6
"01","05","2010",27.5217391304348,33.6
"01","06","2010",28.4208333333333,32.8
"01","07","2010",29.5375,33
"01","08","2010",28.6666666666667,33.2
"01","09","2010",NA,32.4
"01","10","2010",NA,33.2
"01","11","2010",NA,31.8
"01","12","2010",31.525,33.4
"01","13","2010",30.3666666666667,32
"01","14","2010",29.0260869565217,33
"01","15","2010",29.3875,33
"01","16","2010",29.815,32.4
"01","17","2010",28.7083333333333,32.8
"01","18","2010",NA,33.4
"01","19","2010",29.1625,32.8
"01","20","2010",29.1666666666667,33.6
"01","21","2010",29.575,33.2
"01","22","2010",28.8391304347826,NA
"01","23","2010",29.3681818181818,33.2
"01","24","2010",32.6764705882353,32
"01","25","2010",28.8625,32.6
"01","26","2010",28.3875,33.2
"01","27","2010",29.5375,33.4
"01","28","2010",29.225,32.8
"01","29","2010",30.8842105263158,33.2
"01","30","2010",29.2869565217391,33.4
"01","31","2010",29.2625,NA
"02","01","2010",31.09,33.2
"02","02","2010",30.9619047619048,33.8
"02","03","2010",27.0454545454545,34
"02","04","2010",30.5227272727273,34.8
"02","05","2010",31.0416666666667,35
"02","06","2010",31.1782608695652,34.6
"02","07","2010",31.7882352941176,35
"02","08","2010",31.5826086956522,34.8
"02","09","2010",29.5181818181818,33.6
"02","10","2010",30.7708333333333,34.2
"02","11","2010",29.9583333333333,33.6
"02","12","2010",28.69375,35.2
"02","13","2010",31.2833333333333,34.8
"02","14","2010",31.8041666666667,34
"02","15","2010",33.1166666666667,33.6
"02","16","2010",31.5866666666667,34.2
"02","17","2010",33.1076923076923,33.8
"02","18","2010",30.5666666666667,34
"02","19","2010",28.4791666666667,33.2
"02","20","2010",27.1083333333333,33.8
"02","21","2010",31.2304347826087,34.2
"02","22","2010",31.1041666666667,33.2
"02","23","2010",31.5782608695652,33.4
"02","24","2010",29.3090909090909,34.2
"02","25","2010",30.0086956521739,33
"02","26","2010",28.104347826087,34.2
"02","27","2010",30.9333333333333,33.6
"02","28","2010",32.16875,34.2
"03","01","2010",32.63,33.8
"03","02","2010",30.0217391304348,33
"03","03","2010",28.5291666666667,33.2
"03","04","2010",28.2333333333333,32.8
"03","05","2010",27.9782608695652,33.2
"03","06","2010",29.8041666666667,32.8
"03","07","2010",30.1083333333333,32.4
"03","08","2010",29.4260869565217,33
"03","09","2010",29.3238095238095,32.8
"03","10","2010",30.4227272727273,33
"03","11","2010",28.2583333333333,34
"03","12","2010",30.2583333333333,33.2
"03","13","2010",28.7458333333333,32.8
"03","14","2010",31.1166666666667,33.4
"03","15","2010",31.7304347826087,32.8
"03","16","2010",28.2833333333333,33.2
"03","17","2010",29.7625,32.6
"03","18","2010",26.9772727272727,30.8
"03","19","2010",28.3791666666667,32.4
"03","20","2010",28.05,33
"03","21","2010",28.3625,33.2
"03","22","2010",29.425,32.8
"03","23","2010",28.6695652173913,33
"03","24","2010",27.6526315789474,33
"03","25","2010",29.704347826087,32.8
"03","26","2010",29.9041666666667,33
"03","27","2010",30.2333333333333,33.2
"03","28","2010",29.6708333333333,32.4
"03","29","2010",29.025,33
"03","30","2010",28.6846153846154,32.6
"03","31","2010",30.425,33.2
"04","01","2010",29.3708333333333,32.4
"04","02","2010",30.05,33.2
"04","03","2010",27.5125,32
"04","04","2010",27.8875,34
"04","05","2010",24.6166666666667,32.2
"04","06","2010",28.5388888888889,33
"04","07","2010",25.6,32.4
"04","08","2010",27.5583333333333,32.8
"04","09","2010",26.1208333333333,31.6
"04","10","2010",25.4,32.8
"04","11","2010",28.0208333333333,31.4
"04","12","2010",28.6208333333333,32.2
"04","13","2010",26.0541666666667,NA
"04","14","2010",28.2916666666667,32.6
"04","15","2010",26.8708333333333,31.6
"04","16","2010",25.1541666666667,33
"04","17","2010",27.9375,31.2
"04","18","2010",27.42,32.8
"04","19","2010",27.8318181818182,33.2
"04","20","2010",30.6736842105263,32.8
"04","21","2010",28.8583333333333,34
"04","22","2010",29.0217391304348,33.4
"04","23","2010",28.4458333333333,32.8
"04","24","2010",27.9652173913043,NA
"04","25","2010",29.5791666666667,33.8
"04","26","2010",28.8391304347826,32.6
"04","27","2010",27.1,33.4
"04","28","2010",26.6,32.8
"04","29","2010",27.225,34
"04","30","2010",28.9416666666667,NA
"05","01","2010",29.5260869565217,32.8
"05","02","2010",26.775,33
"05","03","2010",26.4375,33.4
"05","04","2010",28.6272727272727,32.6
"05","05","2010",28.2384615384615,32.8
"05","06","2010",29.8571428571429,34
"05","07","2010",27.9208333333333,33.4
"05","08","2010",26.525,32
"05","09","2010",27.1181818181818,33
"05","10","2010",29.1666666666667,NA
"05","11","2010",25.4125,32.8
"05","12","2010",25.1333333333333,33
"05","13","2010",26.0833333333333,32.6
"05","14","2010",27.9875,33.4
"05","15","2010",28.0217391304348,32.6
"05","16","2010",29.2666666666667,NA
"05","17","2010",26.5875,33
"05","18","2010",27.5166666666667,32.8
"05","19","2010",28.45,32
"05","20","2010",27.4958333333333,33.4
"05","21","2010",29.1333333333333,32.6
"05","22","2010",25.6208333333333,33
"05","23","2010",27.725,32.8
"05","24","2010",30.4789473684211,31.4
"05","25","2010",25.0652173913043,32.8
"05","26","2010",27.3434782608696,32.2
"05","27","2010",27.5791666666667,31.6
"05","28","2010",25.9818181818182,33.2
"05","29","2010",29.3190476190476,32.8
"05","30","2010",28.05,NA
"05","31","2010",25.7875,32.4
"06","01","2010",26.5125,33
"06","02","2010",27.4125,32.8
"06","03","2010",27.0583333333333,33.2
"06","04","2010",25.2608695652174,33
"06","05","2010",27.7208333333333,32.6
"06","06","2010",27.3125,33.4
"06","07","2010",28.3208333333333,NA
"06","08","2010",27.2478260869565,32
"06","09","2010",25.2173913043478,32.6
"06","10","2010",27.568,33
"06","11","2010",27.2,32.8
"06","12","2010",27.4857142857143,NA
"06","13","2010",24.8125,32.4
"06","14","2010",24.6916666666667,33
"06","15","2010",27.8875,32.8
"06","16","2010",25.4208333333333,NA
"06","17","2010",27.9291666666667,31.4
"06","18","2010",25.8416666666667,32.6
"06","19","2010",27.72,NA
"06","20","2010",25.1208333333333,32.4
"06","21","2010",27.525,32
"06","22","2010",26.5166666666667,33
"06","23","2010",27.3583333333333,33.2
"06","24","2010",28.0125,32.8
"06","25","2010",24.9,33.2
"06","26","2010",27.3083333333333,32.4
"06","27","2010",27.6869565217391,33
"06","28","2010",27,32.8
"06","29","2010",24.9136363636364,33.2
"06","30","2010",28.3434782608696,NA
"07","01","2010",25.4,30.2
"07","02","2010",25.6458333333333,32
"07","03","2010",27.0583333333333,30.8
"07","04","2010",27.2304347826087,32.6
"07","05","2010",26.888,33
"07","06","2010",25.3826086956522,32.8
"07","07","2010",25.4826086956522,33
"07","08","2010",25.3166666666667,33.2
"07","09","2010",27.2478260869565,33.6
"07","10","2010",28.1708333333333,32.8
"07","11","2010",24.2583333333333,32.4
"07","12","2010",27.2708333333333,33.2
"07","13","2010",27.475,31.8
"07","14","2010",28.2125,33
"07","15","2010",27.8958333333333,31.4
"07","16","2010",25.7291666666667,32.8
"07","17","2010",25.4083333333333,33
"07","18","2010",24.6083333333333,32.8
"07","19","2010",25.62,33.2
"07","20","2010",27.2,32.6
"07","21","2010",28.4857142857143,33
"07","22","2010",28.78,32
"07","23","2010",31.825,33.2
"07","24","2010",27.7,31.4
"07","25","2010",30.6285714285714,32.8
"07","26","2010",30.325,33
"07","27","2010",NA,32.6
"07","28","2010",32.8,33.2
"07","29","2010",30.05,32
"07","30","2010",28.3666666666667,33.2
"07","31","2010",33.3,32.8
"08","01","2010",27.3,33.2
"08","02","2010",NA,32.4
"08","03","2010",28.7,31.2
"08","04","2010",NA,32.6
"08","05","2010",NA,33.2
"08","06","2010",30.2,33
"08","07","2010",NA,32.4
"08","08","2010",30.9,33
"08","09","2010",NA,33.2
"08","10","2010",32.8,31.6
"08","11","2010",NA,32.4
"08","12","2010",32.6,33.2
"08","13","2010",31.7,33
"08","14","2010",NA,32
"08","15","2010",28.4,33.2
"08","16","2010",32.15,32.8
"08","17","2010",33.5,33.2
"08","18","2010",NA,32.2
"08","19","2010",31.55,33
"08","20","2010",30.04,32.4
"08","21","2010",NA,33.2
"08","22","2010",33.35,32.8
"08","23","2010",NA,33
"08","24","2010",NA,33.2
"08","25","2010",NA,32
"08","26","2010",32.4333333333333,32.8
"08","27","2010",30.6,33.2
"08","28","2010",32.1833333333333,33
"08","29","2010",32.78,32.4
"08","30","2010",33.1,32.8
"08","31","2010",31.525,33.4
"09","01","2010",33.75,33
"09","02","2010",32.3,32.6
"09","03","2010",NA,33.2
"09","04","2010",30.65,32.8
"09","05","2010",NA,33
"09","06","2010",34,32.8
"09","07","2010",30.9,32
"09","08","2010",NA,32
"09","09","2010",NA,32.8
"09","10","2010",24.6625,32
"09","11","2010",27.904347826087,32.4
"09","12","2010",27.675,32.2
"09","13","2010",25.4,32.8
"09","14","2010",28.904347826087,33
"09","15","2010",28.4291666666667,32.6
"09","16","2010",27.7041666666667,32.8
"09","17","2010",27.5954545454545,32
"09","18","2010",28.3708333333333,32.4
"09","19","2010",25.5083333333333,30.4
"09","20","2010",26.65,33
"09","21","2010",23.8615384615385,33.2
"09","22","2010",NA,32.8
"09","23","2010",NA,33
"09","24","2010",NA,32.2
"09","25","2010",NA,32.8
"09","26","2010",NA,32.6
"09","27","2010",NA,33
"09","28","2010",NA,33.2
"09","29","2010",NA,32.8
"09","30","2010",NA,NA
"10","01","2010",NA,32
"10","02","2010",NA,32.2
"10","03","2010",NA,32.4
"10","04","2010",NA,33
"10","05","2010",NA,32
"10","06","2010",NA,32.8
"10","07","2010",NA,32.2
"10","08","2010",NA,32
"10","09","2010",NA,32.8
"10","10","2010",NA,33.2
"10","11","2010",NA,32.6
"10","12","2010",NA,33
"10","13","2010",NA,32.4
"10","14","2010",NA,33.2
"10","15","2010",NA,32
"10","16","2010",NA,NA
"10","17","2010",NA,32.8
"10","18","2010",NA,33
"10","19","2010",NA,32.6
"10","20","2010",NA,33.2
"10","21","2010",NA,32.6
"10","22","2010",NA,33
"10","23","2010",NA,32.8
"10","24","2010",NA,32.6
"10","25","2010",NA,32.4
"10","26","2010",NA,33
"10","27","2010",NA,32.8
"10","28","2010",NA,32
"10","29","2010",NA,33.2
"10","30","2010",NA,33
"10","31","2010",NA,33.4
"11","01","2010",NA,33
"11","02","2010",NA,32.8
"11","03","2010",NA,32
"11","04","2010",NA,33
"11","05","2010",NA,32.4
"11","06","2010",NA,32
"11","07","2010",NA,33
"11","08","2010",NA,33.2
"11","09","2010",NA,32.8
"11","10","2010",NA,33.2
"11","11","2010",NA,33
"11","12","2010",NA,32.8
"11","13","2010",NA,32
"11","14","2010",NA,33.2
"11","15","2010",NA,32
"11","16","2010",NA,32.6
"11","17","2010",NA,33
"11","18","2010",NA,32.6
"11","19","2010",NA,33.2
"11","20","2010",NA,32.8
"11","21","2010",NA,32
"11","22","2010",NA,32.2
"11","23","2010",NA,32.4
"11","24","2010",NA,33
"11","25","2010",NA,32.4
"11","26","2010",NA,33.2
"11","27","2010",NA,32.6
"11","28","2010",NA,33
"11","29","2010",NA,32.4
"11","30","2010",NA,33
"12","01","2010",NA,33
"12","02","2010",NA,32.8
"12","03","2010",NA,33.2
"12","04","2010",NA,32.6
"12","05","2010",NA,33
"12","06","2010",NA,32.8
"12","07","2010",NA,32
"12","08","2010",NA,33.2
"12","09","2010",NA,33
"12","10","2010",NA,32.2
"12","11","2010",NA,33.2
"12","12","2010",NA,32.6
"12","13","2010",NA,NA
"12","14","2010",NA,32.8
"12","15","2010",NA,32
"12","16","2010",NA,32.6
"12","17","2010",NA,33
"12","18","2010",NA,33.2
"12","19","2010",NA,32.6
"12","20","2010",NA,31.2
"12","21","2010",NA,33.2
"12","22","2010",NA,31.4
"12","23","2010",NA,32.6
"12","24","2010",NA,32
"12","25","2010",NA,32.6
"12","26","2010",NA,33.2
"12","27","2010",NA,32.6
"12","28","2010",NA,32
"12","29","2010",NA,32.8
"12","30","2010",NA,32.2
"12","31","2010",NA,33
"01","01","2011",NA,32.6
"01","02","2011",NA,31.4
"01","03","2011",NA,32.8
"01","04","2011",NA,33
"01","05","2011",NA,33.2
"01","06","2011",NA,32.6
"01","07","2011",NA,32
"01","08","2011",NA,33
"01","09","2011",NA,32.8
"01","10","2011",NA,33.2
"01","11","2011",NA,32.6
"01","12","2011",NA,32
"01","13","2011",NA,33
"01","14","2011",NA,33.2
"01","15","2011",NA,32.8
"01","16","2011",NA,33.6
"01","17","2011",NA,33.4
"01","18","2011",NA,33.2
"01","19","2011",NA,33
"01","20","2011",NA,32.8
"01","21","2011",NA,33.4
"01","22","2011",NA,32.6
"01","23","2011",NA,33
"01","24","2011",NA,33.2
"01","25","2011",NA,33
"01","26","2011",NA,33.2
"01","27","2011",NA,32.8
"01","28","2011",NA,NA
"01","29","2011",NA,32
"01","30","2011",NA,33.2
"01","31","2011",NA,32.6
"02","01","2011",NA,32.8
"02","02","2011",NA,33.2
"02","03","2011",NA,32.8
"02","04","2011",NA,33.6
"02","05","2011",NA,33
"02","06","2011",NA,32.8
"02","07","2011",NA,33.2
"02","08","2011",NA,32.6
"02","09","2011",NA,32
"02","10","2011",NA,33
"02","11","2011",NA,32.4
"02","12","2011",NA,33
"02","13","2011",NA,33.2
"02","14","2011",NA,32.6
"02","15","2011",NA,33.4
"02","16","2011",NA,33
"02","17","2011",NA,33.2
"02","18","2011",NA,33.4
"02","19","2011",NA,32.8
"02","20","2011",NA,33.2
"02","21","2011",NA,32.4
"02","22","2011",NA,33
"02","23","2011",NA,33.2
"02","24","2011",NA,33
"02","25","2011",NA,32.6
"02","26","2011",NA,32
"02","27","2011",NA,32.4
"02","28","2011",NA,33
"03","01","2011",NA,33.2
"03","02","2011",NA,32.8
"03","03","2011",NA,33
"03","04","2011",NA,32.6
"03","05","2011",NA,32.4
"03","06","2011",NA,33.2
"03","07","2011",NA,33
"03","08","2011",NA,33.4
"03","09","2011",NA,32.8
"03","10","2011",NA,33.2
"03","11","2011",NA,33
"03","12","2011",NA,32.4
"03","13","2011",NA,32.6
"03","14","2011",NA,33.2
"03","15","2011",NA,33
"03","16","2011",NA,32.8
"03","17","2011",NA,32.4
"03","18","2011",NA,33
"03","19","2011",NA,32.8
"03","20","2011",NA,32
"03","21","2011",NA,32.4
"03","22","2011",NA,32.8
"03","23","2011",NA,32
"03","24","2011",NA,32.2
"03","25","2011",NA,NA
"03","26","2011",NA,32.4
"03","27","2011",NA,33.2
"03","28","2011",NA,33.4
"03","29","2011",NA,33
"03","30","2011",NA,32.8
"03","31","2011",NA,33.2
"04","01","2011",NA,32.8
"04","02","2011",NA,33
"04","03","2011",NA,32.4
"04","04","2011",NA,32
"04","05","2011",NA,32.6
"04","06","2011",NA,33
"04","07","2011",NA,33.2
"04","08","2011",NA,32.4
"04","09","2011",NA,32.2
"04","10","2011",NA,32
"04","11","2011",NA,32.2
"04","12","2011",NA,33
"04","13","2011",NA,32.8
"04","14","2011",NA,32
"04","15","2011",NA,32.2
"04","16","2011",NA,32.6
"04","17","2011",NA,32
"04","18","2011",NA,32.6
"04","19","2011",NA,33
"04","20","2011",NA,32.8
"04","21","2011",NA,33.2
"04","22","2011",NA,33
"04","23","2011",NA,33.2
"04","24","2011",NA,32.8
"04","25","2011",NA,33.2
"04","26","2011",NA,33
"04","27","2011",NA,33.2
"04","28","2011",NA,32.8
"04","29","2011",NA,33
"04","30","2011",NA,33.2
"05","01","2011",NA,32.8
"05","02","2011",NA,32.6
"05","03","2011",NA,32.8
"05","04","2011",NA,33
"05","05","2011",NA,NA
"05","06","2011",NA,32.4
"05","07","2011",NA,32.8
"05","08","2011",NA,33
"05","09","2011",NA,32.6
"05","10","2011",NA,33.2
"05","11","2011",NA,33
"05","12","2011",NA,33.2
"05","13","2011",NA,32.8
"05","14","2011",NA,32.6
"05","15","2011",NA,32
"05","16","2011",NA,32.2
"05","17","2011",NA,30.4
"05","18","2011",NA,32
"05","19","2011",NA,31.8
"05","20","2011",NA,33
"05","21","2011",NA,33.2
"05","22","2011",NA,33
"05","23","2011",NA,32.8
"05","24","2011",NA,32.6
"05","25","2011",NA,33
"05","26","2011",NA,33.2
"05","27","2011",NA,32.8
"05","28","2011",NA,33
"05","29","2011",NA,33.2
"05","30","2011",NA,32.8
"05","31","2011",NA,33
"06","01","2011",NA,NA
"06","02","2011",NA,NA
"06","03","2011",NA,NA
"06","04","2011",NA,NA
"06","05","2011",NA,NA
"06","06","2011",NA,NA
"06","07","2011",NA,NA
"06","08","2011",NA,NA
"06","09","2011",NA,NA
"06","10","2011",NA,NA
"06","11","2011",NA,NA
"06","12","2011",NA,NA
"06","13","2011",NA,NA
"06","14","2011",NA,NA
"06","15","2011",NA,NA
"06","16","2011",NA,NA
"06","17","2011",NA,NA
"06","18","2011",NA,NA
"06","19","2011",NA,NA
"06","20","2011",NA,NA
"06","21","2011",NA,NA
"06","22","2011",NA,NA
"06","23","2011",NA,NA
"06","24","2011",NA,NA
"06","25","2011",NA,NA
"06","26","2011",NA,NA
"06","27","2011",NA,NA
"06","28","2011",NA,NA
"06","29","2011",NA,NA
"06","30","2011",NA,NA
"07","01","2011",NA,33
"07","02","2011",NA,33.2
"07","03","2011",NA,32.8
"07","04","2011",NA,33
"07","05","2011",NA,33.2
"07","06","2011",NA,32.8
"07","07","2011",NA,33.2
"07","08","2011",NA,33
"07","09","2011",NA,32.8
"07","10","2011",NA,33.2
"07","11","2011",NA,32.6
"07","12","2011",NA,33
"07","13","2011",NA,33.2
"07","14","2011",NA,32.8
"07","15","2011",NA,33.4
"07","16","2011",NA,32.8
"07","17","2011",NA,32.2
"07","18","2011",NA,33
"07","19","2011",NA,32.6
"07","20","2011",NA,33
"07","21","2011",NA,32.8
"07","22","2011",NA,33.2
"07","23","2011",NA,33
"07","24","2011",NA,33.2
"07","25","2011",NA,32.8
"07","26","2011",NA,32.4
"07","27","2011",NA,33
"07","28","2011",NA,33.2
"07","29","2011",NA,32.8
"07","30","2011",NA,33
"07","31","2011",NA,32.8
"08","01","2011",NA,33.2
"08","02","2011",NA,33.4
"08","03","2011",NA,32.8
"08","04","2011",NA,33
"08","05","2011",NA,33.2
"08","06","2011",NA,32.8
"08","07","2011",NA,33.2
"08","08","2011",NA,33
"08","09","2011",NA,33.4
"08","10","2011",NA,33.2
"08","11","2011",NA,32.8
"08","12","2011",NA,33
"08","13","2011",NA,33.2
"08","14","2011",NA,33.4
"08","15","2011",NA,33
"08","16","2011",NA,33.6
"08","17","2011",NA,33.4
"08","18","2011",NA,33
"08","19","2011",NA,32.8
"08","20","2011",NA,33.4
"08","21","2011",NA,33.2
"08","22","2011",NA,33
"08","23","2011",NA,33.4
"08","24","2011",NA,33.2
"08","25","2011",NA,33
"08","26","2011",NA,33.4
"08","27","2011",NA,32.8
"08","28","2011",NA,33.4
"08","29","2011",NA,33.2
"08","30","2011",NA,33
"08","31","2011",NA,33.2
"09","01","2011",NA,32.6
"09","02","2011",NA,32.4
"09","03","2011",NA,32.8
"09","04","2011",NA,33
"09","05","2011",NA,33.2
"09","06","2011",NA,32.8
"09","07","2011",NA,32.4
"09","08","2011",NA,33
"09","09","2011",NA,33.2
"09","10","2011",NA,32.8
"09","11","2011",NA,33
"09","12","2011",NA,33.2
"09","13","2011",NA,32.8
"09","14","2011",NA,33
"09","15","2011",NA,33.2
"09","16","2011",NA,32.8
"09","17","2011",NA,32.6
"09","18","2011",NA,32.2
"09","19","2011",NA,32.8
"09","20","2011",NA,32.6
"09","21","2011",NA,33
"09","22","2011",NA,33.2
"09","23","2011",NA,32.8
"09","24","2011",NA,33
"09","25","2011",NA,33.2
"09","26","2011",NA,33.4
"09","27","2011",NA,33
"09","28","2011",NA,32.8
"09","29","2011",NA,32
"09","30","2011",NA,33.4
"10","01","2011",NA,33.2
"10","02","2011",NA,33
"10","03","2011",NA,32.6
"10","04","2011",NA,33.2
"10","05","2011",NA,33
"10","06","2011",NA,32.8
"10","07","2011",NA,32.4
"10","08","2011",NA,33.2
"10","09","2011",NA,33.4
"10","10","2011",NA,33
"10","11","2011",NA,32.8
"10","12","2011",NA,33
"10","13","2011",NA,33.4
"10","14","2011",NA,33.2
"10","15","2011",NA,33
"10","16","2011",NA,32.8
"10","17","2011",NA,33.2
"10","18","2011",NA,33
"10","19","2011",NA,32.8
"10","20","2011",NA,33.2
"10","21","2011",NA,33.4
"10","22","2011",NA,32.6
"10","23","2011",NA,33
"10","24","2011",NA,33.2
"10","25","2011",NA,32.8
"10","26","2011",NA,33
"10","27","2011",NA,32.6
"10","28","2011",NA,32.2
"10","29","2011",NA,33
"10","30","2011",NA,33.2
"10","31","2011",NA,33.4
"11","01","2011",NA,33.2
"11","02","2011",NA,33
"11","03","2011",NA,33.2
"11","04","2011",NA,33.4
"11","05","2011",NA,33
"11","06","2011",NA,33.2
"11","07","2011",NA,32.8
"11","08","2011",NA,33.4
"11","09","2011",NA,33.2
"11","10","2011",NA,33
"11","11","2011",NA,32.8
"11","12","2011",NA,33.2
"11","13","2011",NA,33.4
"11","14","2011",NA,33
"11","15","2011",NA,33.2
"11","16","2011",NA,32.8
"11","17","2011",NA,33
"11","18","2011",NA,33.2
"11","19","2011",NA,32.8
"11","20","2011",NA,33
"11","21","2011",NA,33.2
"11","22","2011",NA,33.4
"11","23","2011",NA,32.8
"11","24","2011",NA,33.2
"11","25","2011",NA,33
"11","26","2011",NA,32.6
"11","27","2011",NA,33
"11","28","2011",NA,32.8
"11","29","2011",NA,33.2
"11","30","2011",NA,33
"12","01","2011",NA,33.2
"12","02","2011",NA,32.8
"12","03","2011",NA,33.2
"12","04","2011",NA,33
"12","05","2011",NA,32.6
"12","06","2011",27.2652173913043,32.8
"12","07","2011",24.4791666666667,33.2
"12","08","2011",25.825,33.4
"12","09","2011",27.1565217391304,33.2
"12","10","2011",28.0666666666667,33
"12","11","2011",26.8217391304348,33.2
"12","12","2011",27.5791666666667,33.4
"12","13","2011",27.38,32.6
"12","14","2011",27.6583333333333,33
"12","15","2011",27.7,33.4
"12","16","2011",27.3833333333333,NA
"12","17","2011",27.3913043478261,32.8
"12","18","2011",27.2826086956522,33
"12","19","2011",27.3863636363636,32.8
"12","20","2011",26.9,33
"12","21","2011",24.9,33.2
"12","22","2011",28.0545454545455,32.6
"12","23","2011",25.9611111111111,33
"12","24","2011",27.032,33.2
"12","25","2011",26.9913043478261,32.8
"12","26","2011",26.4869565217391,33
"12","27","2011",26.4652173913043,33.4
"12","28","2011",26,33.2
"12","29","2011",26.9791666666667,32.6
"12","30","2011",27.6875,33
"12","31","2011",27.195652173913,33.2
"01","01","2012",26.7958333333333,33.4
"01","02","2012",26.3583333333333,32.8
"01","03","2012",26.7608695652174,33.2
"01","04","2012",27.8142857142857,33
"01","05","2012",26.9608695652174,32.8
"01","06","2012",27.6090909090909,33.2
"01","07","2012",27.2608695652174,33.4
"01","08","2012",26.8869565217391,33.2
"01","09","2012",26.7541666666667,33
"01","10","2012",27.1,33.4
"01","11","2012",27.525,32.8
"01","12","2012",27.4826086956522,33
"01","13","2012",27.004347826087,33.4
"01","14","2012",27.9315789473684,33.2
"01","15","2012",27.78125,33.4
"01","16","2012",26.8173913043478,33.2
"01","17","2012",24.7733333333333,33
"01","18","2012",26.4304347826087,33.4
"01","19","2012",26.3,33.2
"01","20","2012",25.9,33
"01","21","2012",27.1055555555556,32.8
"01","22","2012",26.6478260869565,33.4
"01","23","2012",26.628,33
"01","24","2012",27.6565217391304,33.2
"01","25","2012",26.6047619047619,NA
"01","26","2012",26.75,33
"01","27","2012",26.4739130434783,32.8
"01","28","2012",27.1863636363636,33.2
"01","29","2012",26.8208333333333,32.6
"01","30","2012",27.4260869565217,33
"01","31","2012",27.704347826087,33.4
"02","01","2012",26.93,33.6
"02","02","2012",27.2173913043478,33.2
"02","03","2012",26.6894736842105,33
"02","04","2012",27.9142857142857,33.4
"02","05","2012",NA,33.2
"02","06","2012",25.4333333333333,33.6
"02","07","2012",26.3952380952381,33.4
"02","08","2012",27.52,33.2
"02","09","2012",27.4,33
"02","10","2012",27.5090909090909,32.8
"02","11","2012",27.5863636363636,33.4
"02","12","2012",28.55,33.2
"02","13","2012",27.5,33
"02","14","2012",27.32,33.4
"02","15","2012",26.8,33.2
"02","16","2012",26.3,33
"02","17","2012",27.7090909090909,33.4
"02","18","2012",27.1277777777778,33.2
"02","19","2012",27.45,33.6
"02","20","2012",27.9,33.4
"02","21","2012",28.1809523809524,33.2
"02","22","2012",27.7545454545455,33
"02","23","2012",28.0181818181818,33.4
"02","24","2012",27.4857142857143,33.2
"02","25","2012",28.095,33
"02","26","2012",27.8478260869565,33.4
"02","27","2012",28.825,33.2
"02","28","2012",28,33
"02","29","2012",28.1318181818182,33.4
"03","01","2012",28.75,33.2
"03","02","2012",27.1095238095238,32.8
"03","03","2012",28.56,33
"03","04","2012",29.0909090909091,33.4
"03","05","2012",29.0347826086957,33.2
"03","06","2012",27.9958333333333,33
"03","07","2012",27.8238095238095,33.4
"03","08","2012",28.1782608695652,32.8
"03","09","2012",26.9863636363636,33
"03","10","2012",24.2086956521739,32.8
"03","11","2012",28.0173913043478,32
"03","12","2012",26.8833333333333,32.8
"03","13","2012",27.7666666666667,33
"03","14","2012",28.095,33.2
"03","15","2012",28.9291666666667,33.4
"03","16","2012",29.5142857142857,33.2
"03","17","2012",28.6541666666667,33
"03","18","2012",25.0666666666667,33.2
"03","19","2012",NA,33.4
"03","20","2012",NA,33.2
"03","21","2012",NA,33
"03","22","2012",NA,32.8
"03","23","2012",NA,33.2
"03","24","2012",NA,32.6
"03","25","2012",NA,33
"03","26","2012",NA,33.4
"03","27","2012",NA,33
"03","28","2012",NA,33.2
"03","29","2012",NA,33
"03","30","2012",32.3333333333333,33.2
"03","31","2012",NA,33
"04","01","2012",NA,33.2
"04","02","2012",NA,33.4
"04","03","2012",NA,33.2
"04","04","2012",NA,33.4
"04","05","2012",NA,33
"04","06","2012",NA,33.2
"04","07","2012",NA,33
"04","08","2012",NA,33.2
"04","09","2012",NA,33.4
"04","10","2012",NA,33.2
"04","11","2012",NA,33
"04","12","2012",NA,33.2
"04","13","2012",NA,33
"04","14","2012",NA,33.4
"04","15","2012",NA,33.2
"04","16","2012",30.5,33
"04","17","2012",NA,33.2
"04","18","2012",NA,32.8
"04","19","2012",NA,33
"04","20","2012",NA,32.8
"04","21","2012",27.26,33.2
"04","22","2012",NA,33
"04","23","2012",NA,33.4
"04","24","2012",NA,32.8
"04","25","2012",NA,33
"04","26","2012",NA,33.2
"04","27","2012",NA,33.4
"04","28","2012",NA,33
"04","29","2012",NA,33.2
"04","30","2012",NA,32.8
"05","01","2012",NA,33.2
"05","02","2012",NA,32.8
"05","03","2012",NA,33
"05","04","2012",NA,33.2
"05","05","2012",NA,33.4
"05","06","2012",NA,33
"05","07","2012",NA,32.8
"05","08","2012",NA,33.2
"05","09","2012",NA,33
"05","10","2012",NA,32.8
"05","11","2012",NA,33
"05","12","2012",NA,33.2
"05","13","2012",NA,33.4
"05","14","2012",NA,33
"05","15","2012",NA,33.2
"05","16","2012",NA,33.4
"05","17","2012",NA,33
"05","18","2012",NA,33.2
"05","19","2012",NA,33.4
"05","20","2012",NA,33
"05","21","2012",NA,33.2
"05","22","2012",NA,33
"05","23","2012",NA,32.8
"05","24","2012",NA,33.2
"05","25","2012",NA,33
"05","26","2012",NA,33.4
"05","27","2012",NA,33.2
"05","28","2012",NA,33
"05","29","2012",NA,33.4
"05","30","2012",NA,32.8
"05","31","2012",NA,33.2
"06","01","2012",NA,32.8
"06","02","2012",NA,33.2
"06","03","2012",NA,33.4
"06","04","2012",NA,33.2
"06","05","2012",NA,33
"06","06","2012",NA,33.4
"06","07","2012",NA,33.2
"06","08","2012",NA,32.8
"06","09","2012",NA,33
"06","10","2012",NA,33.2
"06","11","2012",NA,32.8
"06","12","2012",NA,33
"06","13","2012",NA,33.2
"06","14","2012",NA,33
"06","15","2012",NA,33.4
"06","16","2012",NA,33.2
"06","17","2012",NA,33.4
"06","18","2012",NA,33.2
"06","19","2012",NA,33
"06","20","2012",NA,32.8
"06","21","2012",NA,33.4
"06","22","2012",NA,33.2
"06","23","2012",NA,33
"06","24","2012",NA,33.2
"06","25","2012",NA,33.4
"06","26","2012",NA,33
"06","27","2012",NA,33.2
"06","28","2012",NA,33.4
"06","29","2012",NA,33.2
"06","30","2012",NA,33
"07","01","2012",NA,33.4
"07","02","2012",NA,33.2
"07","03","2012",NA,33
"07","04","2012",NA,33.4
"07","05","2012",NA,33.2
"07","06","2012",NA,33
"07","07","2012",NA,32.8
"07","08","2012",NA,33.4
"07","09","2012",NA,33.2
"07","10","2012",NA,33
"07","11","2012",NA,33.4
"07","12","2012",NA,33.2
"07","13","2012",NA,33
"07","14","2012",NA,33.4
"07","15","2012",NA,33.2
"07","16","2012",NA,33
"07","17","2012",NA,33.4
"07","18","2012",26.5923076923077,33
"07","19","2012",25.1083333333333,33.2
"07","20","2012",25.6826086956522,33.4
"07","21","2012",26.2875,33
"07","22","2012",28.0863636363636,33.2
"07","23","2012",27.7083333333333,32.8
"07","24","2012",28.2,33.2
"07","25","2012",29.72,33
"07","26","2012",28.65,33.2
"07","27","2012",27.2333333333333,33.4
"07","28","2012",27.76,33
"07","29","2012",30.5,33.2
"07","30","2012",28.3666666666667,33.4
"07","31","2012",NA,32.8
"08","01","2012",29.5333333333333,33
"08","02","2012",30.85,33.2
"08","03","2012",27.6333333333333,33
"08","04","2012",NA,32.8
"08","05","2012",NA,33.2
"08","06","2012",NA,33.4
"08","07","2012",NA,33.2
"08","08","2012",31.6,33
"08","09","2012",NA,33.4
"08","10","2012",NA,33
"08","11","2012",NA,33.2
"08","12","2012",NA,33.4
"08","13","2012",NA,33.2
"08","14","2012",NA,33
"08","15","2012",NA,33.4
"08","16","2012",NA,33.2
"08","17","2012",NA,33
"08","18","2012",NA,33.2
"08","19","2012",NA,33
"08","20","2012",NA,33.4
"08","21","2012",NA,33.2
"08","22","2012",NA,33
"08","23","2012",NA,32.8
"08","24","2012",NA,33
"08","25","2012",NA,32.8
"08","26","2012",NA,33.2
"08","27","2012",NA,33.4
"08","28","2012",NA,33.2
"08","29","2012",NA,33
"08","30","2012",NA,33.4
"08","31","2012",NA,NA
"09","01","2012",NA,33.4
"09","02","2012",NA,33.2
"09","03","2012",NA,33
"09","04","2012",NA,33.2
"09","05","2012",NA,33.4
"09","06","2012",NA,33.2
"09","07","2012",NA,33
"09","08","2012",NA,32.8
"09","09","2012",NA,33.4
"09","10","2012",NA,33.2
"09","11","2012",NA,33
"09","12","2012",NA,33.2
"09","13","2012",NA,32.8
"09","14","2012",NA,33.4
"09","15","2012",NA,33.2
"09","16","2012",NA,33
"09","17","2012",NA,33.4
"09","18","2012",NA,33.2
"09","19","2012",NA,33
"09","20","2012",NA,33.4
"09","21","2012",NA,33.2
"09","22","2012",NA,33
"09","23","2012",NA,33.2
"09","24","2012",NA,33.4
"09","25","2012",NA,33
"09","26","2012",NA,32.8
"09","27","2012",NA,33.4
"09","28","2012",NA,33.2
"09","29","2012",NA,33
"09","30","2012",NA,NA
"10","01","2012",NA,33.4
"10","02","2012",NA,33.2
"10","03","2012",NA,32.8
"10","04","2012",NA,33.4
"10","05","2012",NA,33.2
"10","06","2012",NA,33.4
"10","07","2012",NA,33
"10","08","2012",NA,33.2
"10","09","2012",NA,33
"10","10","2012",NA,33.4
"10","11","2012",NA,33
"10","12","2012",NA,32.8
"10","13","2012",NA,33
"10","14","2012",NA,33.4
"10","15","2012",NA,33.2
"10","16","2012",NA,33
"10","17","2012",NA,33.4
"10","18","2012",NA,33.2
"10","19","2012",NA,33
"10","20","2012",NA,33.2
"10","21","2012",NA,32.8
"10","22","2012",NA,33
"10","23","2012",NA,33.4
"10","24","2012",NA,33.2
"10","25","2012",NA,33.4
"10","26","2012",NA,33
"10","27","2012",NA,33.2
"10","28","2012",NA,33.4
"10","29","2012",NA,33
"10","30","2012",NA,33.2
"10","31","2012",NA,33.4
"11","01","2012",NA,33
"11","02","2012",NA,33.2
"11","03","2012",NA,32.8
"11","04","2012",NA,32
"11","05","2012",NA,33.4
"11","06","2012",NA,33.2
"11","07","2012",NA,32.8
"11","08","2012",NA,33.4
"11","09","2012",NA,33.2
"11","10","2012",NA,33
"11","11","2012",NA,33.2
"11","12","2012",NA,33
"11","13","2012",NA,33.4
"11","14","2012",NA,33.2
"11","15","2012",NA,33.4
"11","16","2012",NA,33.2
"11","17","2012",NA,33.4
"11","18","2012",NA,33
"11","19","2012",NA,33.2
"11","20","2012",NA,33.4
"11","21","2012",NA,33.2
"11","22","2012",NA,33.4
"11","23","2012",NA,33.2
"11","24","2012",NA,33.4
"11","25","2012",NA,33
"11","26","2012",NA,33.2
"11","27","2012",NA,33.4
"11","28","2012",NA,33.2
"11","29","2012",NA,33.4
"11","30","2012",23.1,32.8
"12","01","2012",30.4833333333333,33.4
"12","02","2012",31.65,33.2
"12","03","2012",29.45,33.4
"12","04","2012",29.25,33
"12","05","2012",32.1,33.2
"12","06","2012",30.1833333333333,33.4
"12","07","2012",29.6,33.2
"12","08","2012",33.05,33
"12","09","2012",NA,33.4
"12","10","2012",NA,33.2
"12","11","2012",NA,33.4
"12","12","2012",NA,NA
"12","13","2012",NA,33.4
"12","14","2012",NA,33.2
"12","15","2012",NA,33.4
"12","16","2012",NA,33
"12","17","2012",NA,33.2
"12","18","2012",NA,33.4
"12","19","2012",NA,33
"12","20","2012",NA,33.4
"12","21","2012",NA,33.2
"12","22","2012",NA,33
"12","23","2012",NA,33.2
"12","24","2012",NA,33.4
"12","25","2012",NA,33
"12","26","2012",NA,33.2
"12","27","2012",NA,33.4
"12","28","2012",NA,33.2
"12","29","2012",NA,33
"12","30","2012",NA,33.4
"12","31","2012",NA,33.2
"01","01","2013",NA,33.4
"01","02","2013",NA,33
"01","03","2013",NA,33.2
"01","04","2013",NA,33.4
"01","05","2013",NA,34
"01","06","2013",NA,33.4
"01","07","2013",NA,33.2
"01","08","2013",NA,34
"01","09","2013",NA,33.4
"01","10","2013",NA,34
"01","11","2013",NA,33.8
"01","12","2013",NA,33.4
"01","13","2013",NA,33.2
"01","14","2013",NA,33.4
"01","15","2013",NA,33.2
"01","16","2013",NA,34
"01","17","2013",NA,33.4
"01","18","2013",NA,33.2
"01","19","2013",NA,33
"01","20","2013",NA,33.4
"01","21","2013",NA,33
"01","22","2013",NA,34
"01","23","2013",NA,33.2
"01","24","2013",NA,33.4
"01","25","2013",NA,33
"01","26","2013",NA,33.4
"01","27","2013",NA,34
"01","28","2013",NA,33.4
"01","29","2013",NA,34
"01","30","2013",NA,33.4
"01","31","2013",NA,33.2
"02","01","2013",NA,34
"02","02","2013",NA,33.4
"02","03","2013",NA,34
"02","04","2013",NA,33.2
"02","05","2013",NA,34
"02","06","2013",NA,33.4
"02","07","2013",NA,33.2
"02","08","2013",NA,33
"02","09","2013",NA,33.2
"02","10","2013",NA,33.4
"02","11","2013",NA,33
"02","12","2013",NA,33.2
"02","13","2013",NA,33.4
"02","14","2013",NA,34
"02","15","2013",NA,33.4
"02","16","2013",NA,33.2
"02","17","2013",NA,34
"02","18","2013",NA,33.4
"02","19","2013",NA,33.2
"02","20","2013",NA,34
"02","21","2013",NA,33.4
"02","22","2013",NA,34
"02","23","2013",NA,33.2
"02","24","2013",NA,33.4
"02","25","2013",NA,33.2
"02","26","2013",NA,34
"02","27","2013",NA,33.2
"02","28","2013",NA,33.4
"03","01","2013",NA,34
"03","02","2013",NA,33.4
"03","03","2013",NA,33.2
"03","04","2013",NA,34
"03","05","2013",NA,33.6
"03","06","2013",NA,33.4
"03","07","2013",NA,34
"03","08","2013",NA,33.6
"03","09","2013",NA,33.4
"03","10","2013",NA,34
"03","11","2013",NA,33.4
"03","12","2013",NA,33.2
"03","13","2013",NA,33.4
"03","14","2013",NA,33.2
"03","15","2013",NA,33.2
"03","16","2013",NA,33
"03","17","2013",NA,33.2
"03","18","2013",NA,33.4
"03","19","2013",NA,33
"03","20","2013",NA,33.2
"03","21","2013",NA,33.4
"03","22","2013",NA,33.2
"03","23","2013",NA,33.4
"03","24","2013",NA,33.2
"03","25","2013",NA,33.2
"03","26","2013",NA,33.4
"03","27","2013",NA,33.2
"03","28","2013",NA,33
"03","29","2013",NA,33.2
"03","30","2013",NA,33.4
"03","31","2013",NA,33.2
"04","01","2013",NA,34
"04","02","2013",NA,33.4
"04","03","2013",NA,33.2
"04","04","2013",NA,34
"04","05","2013",NA,33.4
"04","06","2013",NA,33.2
"04","07","2013",NA,34
"04","08","2013",NA,33.4
"04","09","2013",NA,33.2
"04","10","2013",NA,33
"04","11","2013",NA,34
"04","12","2013",NA,33.4
"04","13","2013",NA,33.2
"04","14","2013",NA,33
"04","15","2013",NA,33.4
"04","16","2013",NA,33.2
"04","17","2013",NA,32.8
"04","18","2013",NA,33
"04","19","2013",NA,33.2
"04","20","2013",NA,33
"04","21","2013",NA,33.2
"04","22","2013",NA,33
"04","23","2013",NA,32.8
"04","24","2013",NA,33.2
"04","25","2013",NA,33
"04","26","2013",NA,32.8
"04","27","2013",NA,33.2
"04","28","2013",NA,33
"04","29","2013",NA,33.2
"04","30","2013",NA,32.8
"05","01","2013",NA,33
"05","02","2013",NA,33.4
"05","03","2013",NA,32.8
"05","04","2013",NA,33
"05","05","2013",NA,32.8
"05","06","2013",30.9,33.2
"05","07","2013",29,33
"05","08","2013",29.9,33.4
"05","09","2013",NA,33.2
"05","10","2013",NA,33.4
"05","11","2013",NA,33
"05","12","2013",NA,32.8
"05","13","2013",NA,33.4
"05","14","2013",NA,33.2
"05","15","2013",NA,33
"05","16","2013",29.65,33.2
"05","17","2013",NA,33
"05","18","2013",NA,33.2
"05","19","2013",NA,33.4
"05","20","2013",NA,33.2
"05","21","2013",NA,33
"05","22","2013",NA,33.2
"05","23","2013",NA,33.4
"05","24","2013",NA,33.2
"05","25","2013",NA,33
"05","26","2013",NA,33.2
"05","27","2013",NA,32.8
"05","28","2013",NA,33.2
"05","29","2013",NA,33
"05","30","2013",NA,33.4
"05","31","2013",NA,33.2
"06","01","2013",NA,33
"06","02","2013",NA,32.8
"06","03","2013",NA,33.2
"06","04","2013",NA,33.4
"06","05","2013",NA,33.2
"06","06","2013",NA,33
"06","07","2013",NA,33.2
"06","08","2013",NA,33.4
"06","09","2013",NA,33.2
"06","10","2013",NA,33
"06","11","2013",NA,33.2
"06","12","2013",NA,33
"06","13","2013",NA,32.8
"06","14","2013",NA,33
"06","15","2013",NA,33.2
"06","16","2013",NA,33.4
"06","17","2013",NA,33.2
"06","18","2013",NA,33
"06","19","2013",NA,32.8
"06","20","2013",NA,33
"06","21","2013",NA,33.2
"06","22","2013",NA,32.8
"06","23","2013",NA,33
"06","24","2013",NA,33.2
"06","25","2013",NA,33.4
"06","26","2013",NA,33
"06","27","2013",NA,33.2
"06","28","2013",NA,33.4
"06","29","2013",NA,33
"06","30","2013",NA,32.8
"07","01","2013",NA,33.4
"07","02","2013",30.1,33.2
"07","03","2013",NA,33.4
"07","04","2013",NA,33
"07","05","2013",NA,33.4
"07","06","2013",NA,33.2
"07","07","2013",NA,33.4
"07","08","2013",NA,33
"07","09","2013",NA,32.8
"07","10","2013",26.2,33
"07","11","2013",NA,33.4
"07","12","2013",NA,33.2
"07","13","2013",NA,33
"07","14","2013",28.7444444444444,32.8
"07","15","2013",27.1545454545455,33
"07","16","2013",27.2428571428571,33.2
"07","17","2013",29.7888888888889,33
"07","18","2013",29.4777777777778,33.2
"07","19","2013",27.6666666666667,32.8
"07","20","2013",25.2,33.2
"07","21","2013",28.49,33.4
"07","22","2013",28.4666666666667,33
"07","23","2013",25.3571428571429,33.2
"07","24","2013",26.5666666666667,32.8
"07","25","2013",24.4304347826087,33
"07","26","2013",22.8708333333333,33.2
"07","27","2013",24.1666666666667,33.4
"07","28","2013",25.9208333333333,33
"07","29","2013",25.0833333333333,33.2
"07","30","2013",25.8291666666667,33.4
"07","31","2013",26.3625,33
"08","01","2013",24.1083333333333,32.8
"08","02","2013",23.8954545454545,33
"08","03","2013",25.2818181818182,33.4
"08","04","2013",26.2217391304348,33.2
"08","05","2013",23.6666666666667,33.4
"08","06","2013",27.64,33.2
"08","07","2013",24.4833333333333,33.4
"08","08","2013",26.8791666666667,33
"08","09","2013",27.8083333333333,33.2
"08","10","2013",27.4416666666667,32.8
"08","11","2013",25.475,33
"08","12","2013",26.8791666666667,33.2
"08","13","2013",27.25,33.4
"08","14","2013",25.9458333333333,33.2
"08","15","2013",26.65,33
"08","16","2013",26.56,33.2
"08","17","2013",24.3,32.8
"08","18","2013",26.2666666666667,33.2
"08","19","2013",26.8541666666667,33.4
"08","20","2013",26.3782608695652,33.2
"08","21","2013",25.9291666666667,33
"08","22","2013",27.1375,32.8
"08","23","2013",27.0041666666667,33.2
"08","24","2013",26.575,33.4
"08","25","2013",25.075,32.8
"08","26","2013",26.0541666666667,33.2
"08","27","2013",25.9666666666667,33.4
"08","28","2013",26.6041666666667,33
"08","29","2013",24.9708333333333,33.2
"08","30","2013",24.6565217391304,33.4
"08","31","2013",25.4791666666667,32.8
"09","01","2013",27.8083333333333,33.4
"09","02","2013",28.2916666666667,33.2
"09","03","2013",25.9583333333333,33.4
"09","04","2013",26.0608695652174,33
"09","05","2013",25.675,33.4
"09","06","2013",27.1291666666667,33
"09","07","2013",26.3708333333333,33.2
"09","08","2013",27.275,33.4
"09","09","2013",25.4041666666667,32.8
"09","10","2013",26.35,33
"09","11","2013",27.395652173913,33.2
"09","12","2013",28.4875,32.8
"09","13","2013",29.1458333333333,33.4
"09","14","2013",27.1347826086957,33
"09","15","2013",25.5086956521739,33.2
"09","16","2013",26.275,32.8
"09","17","2013",25.4541666666667,33
"09","18","2013",27.6266666666667,33.2
"09","19","2013",28.1642857142857,33.4
"09","20","2013",27.4909090909091,33
"09","21","2013",27.9086956521739,33.2
"09","22","2013",27.904347826087,32.8
"09","23","2013",27.3041666666667,33
"09","24","2013",27.8208333333333,33.2
"09","25","2013",26.1047619047619,33
"09","26","2013",26.9478260869565,33.4
"09","27","2013",27.2565217391304,33
"09","28","2013",28.3565217391304,32.8
"09","29","2013",24.0681818181818,33.4
"09","30","2013",27.2458333333333,33.2
"10","01","2013",25.5791666666667,33
"10","02","2013",27.3583333333333,33.4
"10","03","2013",27.9416666666667,33.2
"10","04","2013",23.9380952380952,33.4
"10","05","2013",27.3086956521739,33.2
"10","06","2013",28.8545454545455,33
"10","07","2013",27.2166666666667,33.2
"10","08","2013",26.8217391304348,33.4
"10","09","2013",27.9619047619048,33
"10","10","2013",28.1791666666667,33.2
"10","11","2013",27.76,33
"10","12","2013",27.295652173913,32.8
"10","13","2013",27.7318181818182,33.4
"10","14","2013",26.2086956521739,33
"10","15","2013",27.465,33.2
"10","16","2013",26.3363636363636,32.8
"10","17","2013",25.9333333333333,33
"10","18","2013",27.7545454545455,33.4
"10","19","2013",28.295,33.2
"10","20","2013",26.5,33
"10","21","2013",25.6428571428571,32.8
"10","22","2013",24.8541666666667,33
"10","23","2013",24.545,32.8
"10","24","2013",27.3090909090909,33.2
"10","25","2013",26.6041666666667,33.4
"10","26","2013",27.8409090909091,33
"10","27","2013",27.35,33.2
"10","28","2013",28.0695652173913,33.4
"10","29","2013",26.4625,33.2
"10","30","2013",27.9375,32.8
"10","31","2013",26.75,33
"11","01","2013",26.9375,33.2
"11","02","2013",27.1541666666667,33
"11","03","2013",27.075,32.8
"11","04","2013",24.6041666666667,33
"11","05","2013",26.175,33.4
"11","06","2013",26.8833333333333,33.2
"11","07","2013",26.2782608695652,33
"11","08","2013",27.1565217391304,32.8
"11","09","2013",25.15,33.2
"11","10","2013",27.4538461538462,33
"11","11","2013",27.0181818181818,33.4
"11","12","2013",27.695652173913,33.2
"11","13","2013",28.1238095238095,33
"11","14","2013",27.5545454545455,33.2
"11","15","2013",26.1583333333333,33.4
"11","16","2013",27.7375,33.2
"11","17","2013",28.3478260869565,33
"11","18","2013",27.8791666666667,32.8
"11","19","2013",27.9521739130435,33.2
"11","20","2013",27.4695652173913,33.4
"11","21","2013",27.5782608695652,33.2
"11","22","2013",27.7,33
"11","23","2013",26.5739130434783,33.4
"11","24","2013",27.3818181818182,33.2
"11","25","2013",27.2291666666667,33
"11","26","2013",26.2263157894737,33.2
"11","27","2013",26.7954545454545,32.8
"11","28","2013",26.6958333333333,33
"11","29","2013",26.75,33.2
"11","30","2013",26.0882352941176,33.4
"12","01","2013",27.2826086956522,33
"12","02","2013",24.525,33.4
"12","03","2013",25.7625,33.2
"12","04","2013",27.7916666666667,33
"12","05","2013",27.5217391304348,33.4
"12","06","2013",27.4315789473684,33.2
"12","07","2013",27.0631578947368,33
"12","08","2013",26.8608695652174,33.2
"12","09","2013",26.0684210526316,33
"12","10","2013",27.4739130434783,33.2
"12","11","2013",27.0227272727273,33.4
"12","12","2013",26.0958333333333,33
"12","13","2013",27.7666666666667,33.2
"12","14","2013",25.7666666666667,33
"12","15","2013",27.83,32.8
"12","16","2013",26.736,33.4
"12","17","2013",27.4571428571429,33.2
"12","18","2013",26.5458333333333,33.4
"12","19","2013",26.5652173913043,33
"12","20","2013",26.4416666666667,32.8
"12","21","2013",25.3875,33.2
"12","22","2013",25.8130434782609,33
"12","23","2013",26.0652173913043,33.4
"12","24","2013",26.5333333333333,33.2
"12","25","2013",27.1583333333333,33
"12","26","2013",27.7272727272727,33.2
"12","27","2013",26.8052631578947,33.4
"12","28","2013",27.5173913043478,33
"12","29","2013",27.8208333333333,33.2
"12","30","2013",27.8875,33.4
"12","31","2013",28.2166666666667,NA
